Date,TRMB
2021-01-04,66.29000091552734
2021-01-05,66.8499984741211
2021-01-06,68.41000366210938
2021-01-07,71.83999633789062
2021-01-08,72.31999969482422
2021-01-11,73.08000183105469
2021-01-12,71.91000366210938
2021-01-13,70.0199966430664
2021-01-14,69.87000274658203
2021-01-15,69.45999908447266
2021-01-19,69.19000244140625
2021-01-20,71.41999816894531
2021-01-21,70.30999755859375
2021-01-22,70.76000213623047
2021-01-25,70.86000061035156
2021-01-26,69.66999816894531
2021-01-27,66.6500015258789
2021-01-28,67.62999725341797
2021-01-29,65.91000366210938
2021-02-01,67.72000122070312
2021-02-02,70.80999755859375
2021-02-03,70.5999984741211
2021-02-04,71.43000030517578
2021-02-05,72.2699966430664
2021-02-08,73.98999786376953
2021-02-09,74.72000122070312
2021-02-10,73.98999786376953
2021-02-11,73.04000091552734
2021-02-12,73.97000122070312
2021-02-16,75.16999816894531
2021-02-17,72.4800033569336
2021-02-18,72.5
2021-02-19,72.98999786376953
2021-02-22,72.5199966430664
2021-02-23,73.62999725341797
2021-02-24,76.05000305175781
2021-02-25,73.63999938964844
2021-02-26,74.13999938964844
2021-03-01,77.55999755859375
2021-03-02,75.56999969482422
2021-03-03,74.08000183105469
2021-03-04,70.37000274658203
2021-03-05,70.66999816894531
2021-03-08,69.54000091552734
2021-03-09,70.37000274658203
2021-03-10,70.87000274658203
2021-03-11,74.2300033569336
2021-03-12,73.87000274658203
2021-03-15,75.4800033569336
2021-03-16,75.69999694824219
2021-03-17,76.69000244140625
2021-03-18,74.62000274658203
2021-03-19,74.68000030517578
2021-03-22,75.18000030517578
2021-03-23,71.19000244140625
2021-03-24,70.93000030517578
2021-03-25,72.29000091552734
2021-03-26,74.69999694824219
2021-03-29,75.27999877929688
2021-03-30,76.04000091552734
2021-03-31,77.79000091552734
2021-04-01,80.73999786376953
2021-04-05,83.73999786376953
2021-04-06,82.91999816894531
2021-04-07,79.73999786376953
2021-04-08,80.4000015258789
2021-04-09,80.4000015258789
2021-04-12,81.30000305175781
2021-04-13,81.63999938964844
2021-04-14,81.13999938964844
2021-04-15,82.05000305175781
2021-04-16,81.97000122070312
2021-04-19,80.97000122070312
2021-04-20,79.41999816894531
2021-04-21,81.0
2021-04-22,81.33999633789062
2021-04-23,82.54000091552734
2021-04-26,84.12000274658203
2021-04-27,84.05999755859375
2021-04-28,83.45999908447266
2021-04-29,83.66000366210938
2021-04-30,82.0
2021-05-03,81.19999694824219
2021-05-04,79.93000030517578
2021-05-05,81.11000061035156
2021-05-06,75.91999816894531
2021-05-07,79.33000183105469
2021-05-10,77.73999786376953
2021-05-11,76.47000122070312
2021-05-12,73.83999633789062
2021-05-13,74.29000091552734
2021-05-14,76.30999755859375
2021-05-17,76.2300033569336
2021-05-18,75.45999908447266
2021-05-19,74.7699966430664
2021-05-20,76.76000213623047
2021-05-21,76.72000122070312
2021-05-24,77.94000244140625
2021-05-25,78.29000091552734
2021-05-26,78.16000366210938
2021-05-27,78.11000061035156
2021-05-28,77.79000091552734
2021-06-01,78.43000030517578
2021-06-02,78.43000030517578
2021-06-03,77.8499984741211
2021-06-04,79.81999969482422
2021-06-07,78.22000122070312
2021-06-08,78.37999725341797
2021-06-09,78.16000366210938
2021-06-10,78.76000213623047
2021-06-11,78.61000061035156
2021-06-14,78.79000091552734
2021-06-15,78.19000244140625
2021-06-16,78.2699966430664
2021-06-17,78.19999694824219
2021-06-18,77.87000274658203
2021-06-21,78.95999908447266
2021-06-22,79.4000015258789
2021-06-23,79.23999786376953
2021-06-24,80.48999786376953
2021-06-25,81.05000305175781
2021-06-28,81.66000366210938
2021-06-29,82.7300033569336
2021-06-30,81.83000183105469
2021-07-01,82.44999694824219
2021-07-02,82.56999969482422
2021-07-06,82.7300033569336
2021-07-07,82.91000366210938
2021-07-08,81.48999786376953
2021-07-09,83.26000213623047
2021-07-12,84.05000305175781
2021-07-13,82.66000366210938
2021-07-14,82.4000015258789
2021-07-15,80.94000244140625
2021-07-16,79.22000122070312
2021-07-19,78.70999908447266
2021-07-20,80.69000244140625
2021-07-21,82.44000244140625
2021-07-22,82.33000183105469
2021-07-23,83.44999694824219
2021-07-26,83.2300033569336
2021-07-27,82.48999786376953
2021-07-28,84.12000274658203
2021-07-29,85.48999786376953
2021-07-30,85.5
2021-08-02,85.30999755859375
2021-08-03,85.80999755859375
2021-08-04,86.7300033569336
2021-08-05,89.41999816894531
2021-08-06,89.36000061035156
2021-08-09,89.18000030517578
2021-08-10,88.98999786376953
2021-08-11,89.08999633789062
2021-08-12,88.61000061035156
2021-08-13,88.9000015258789
2021-08-16,90.08000183105469
2021-08-17,88.5999984741211
2021-08-18,88.79000091552734
2021-08-19,88.93000030517578
2021-08-20,90.58999633789062
2021-08-23,92.08999633789062
2021-08-24,92.66000366210938
2021-08-25,94.20999908447266
2021-08-26,94.36000061035156
2021-08-27,95.70999908447266
2021-08-30,95.72000122070312
2021-08-31,94.22000122070312
2021-09-01,93.75
2021-09-02,94.36000061035156
2021-09-03,94.86000061035156
2021-09-07,94.58000183105469
2021-09-08,93.9000015258789
2021-09-09,93.6500015258789
2021-09-10,93.87999725341797
2021-09-13,91.80999755859375
2021-09-14,91.30999755859375
2021-09-15,91.9000015258789
2021-09-16,91.94999694824219
2021-09-17,90.58999633789062
2021-09-20,89.11000061035156
2021-09-21,88.97000122070312
2021-09-22,90.54000091552734
2021-09-23,89.58999633789062
2021-09-24,87.69999694824219
2021-09-27,86.62999725341797
2021-09-28,84.36000061035156
2021-09-29,84.30999755859375
2021-09-30,82.25
2021-10-01,84.13999938964844
2021-10-04,81.37000274658203
2021-10-05,82.30999755859375
2021-10-06,81.86000061035156
2021-10-07,82.9000015258789
2021-10-08,81.93000030517578
2021-10-11,80.37999725341797
2021-10-12,80.68000030517578
2021-10-13,81.08999633789062
2021-10-14,83.62000274658203
2021-10-15,84.93000030517578
2021-10-18,85.19999694824219
2021-10-19,87.04000091552734
2021-10-20,86.51000213623047
2021-10-21,87.69000244140625
2021-10-22,87.12000274658203
2021-10-25,86.94999694824219
2021-10-26,86.41000366210938
2021-10-27,85.7300033569336
2021-10-28,87.69999694824219
2021-10-29,87.37000274658203
2021-11-01,87.25
2021-11-02,88.43000030517578
2021-11-03,88.12999725341797
2021-11-04,86.61000061035156
2021-11-05,86.37999725341797
2021-11-08,89.16999816894531
2021-11-09,88.4000015258789
2021-11-10,85.45999908447266
2021-11-11,85.44999694824219
2021-11-12,86.69000244140625
2021-11-15,87.30999755859375
2021-11-16,89.27999877929688
2021-11-17,88.6500015258789
2021-11-18,87.80000305175781
2021-11-19,88.6500015258789
2021-11-22,86.91999816894531
2021-11-23,85.83000183105469
2021-11-24,86.2300033569336
2021-11-26,83.41000366210938
2021-11-29,86.52999877929688
2021-11-30,85.87000274658203
2021-12-01,84.01000213623047
2021-12-02,86.29000091552734
2021-12-03,83.7699966430664
2021-12-06,83.5
2021-12-07,87.5999984741211
2021-12-08,88.37000274658203
2021-12-09,86.91000366210938
2021-12-10,86.08999633789062
2021-12-13,86.06999969482422
2021-12-14,83.87000274658203
2021-12-15,87.18000030517578
2021-12-16,84.7699966430664
2021-12-17,85.43000030517578
2021-12-20,83.69000244140625
2021-12-21,86.33999633789062
2021-12-22,85.87999725341797
2021-12-23,86.11000061035156
2021-12-27,88.6500015258789
2021-12-28,87.7300033569336
2021-12-29,87.4000015258789
2021-12-30,87.5
2021-12-31,87.19000244140625
2022-01-03,86.68000030517578
2022-01-04,85.11000061035156
2022-01-05,81.61000061035156
2022-01-06,82.02999877929688
2022-01-07,79.13999938964844
2022-01-10,78.7699966430664
2022-01-11,79.48999786376953
2022-01-12,79.16000366210938
2022-01-13,75.94000244140625
2022-01-14,75.91999816894531
2022-01-18,74.77999877929688
2022-01-19,73.94000244140625
2022-01-20,72.66000366210938
2022-01-21,70.62000274658203
2022-01-24,72.5199966430664
2022-01-25,70.37000274658203
2022-01-26,68.41999816894531
2022-01-27,67.12999725341797
2022-01-28,70.26000213623047
2022-01-31,72.16000366210938
2022-02-01,72.9800033569336
2022-02-02,72.9000015258789
2022-02-03,70.73999786376953
2022-02-04,70.47000122070312
2022-02-07,70.4000015258789
2022-02-08,71.5999984741211
2022-02-09,71.44999694824219
2022-02-10,68.52999877929688
2022-02-11,66.41999816894531
2022-02-14,65.8499984741211
2022-02-15,68.36000061035156
2022-02-16,68.58999633789062
2022-02-17,68.05999755859375
2022-02-18,68.3499984741211
2022-02-22,67.06999969482422
2022-02-23,64.68000030517578
2022-02-24,67.56999969482422
2022-02-25,69.88999938964844
2022-02-28,69.75
2022-03-01,68.69999694824219
2022-03-02,69.41000366210938
2022-03-03,68.05000305175781
2022-03-04,66.4800033569336
2022-03-07,63.540000915527344
2022-03-08,64.43000030517578
2022-03-09,67.70999908447266
2022-03-10,66.61000061035156
2022-03-11,65.47000122070312
2022-03-14,64.2300033569336
2022-03-15,66.22000122070312
2022-03-16,68.2699966430664
2022-03-17,70.0999984741211
2022-03-18,71.80999755859375
2022-03-21,70.77999877929688
2022-03-22,71.27999877929688
2022-03-23,69.47000122070312
2022-03-24,71.13999938964844
2022-03-25,71.5999984741211
2022-03-28,71.8499984741211
2022-03-29,73.55999755859375
2022-03-30,72.91000366210938
2022-03-31,72.13999938964844
2022-04-01,72.77999877929688
2022-04-04,74.61000061035156
2022-04-05,73.25
2022-04-06,70.95999908447266
2022-04-07,72.62999725341797
2022-04-08,72.11000061035156
2022-04-11,70.86000061035156
2022-04-12,69.58999633789062
2022-04-13,69.37000274658203
2022-04-14,67.47000122070312
2022-04-18,67.05999755859375
2022-04-19,69.30999755859375
2022-04-20,70.36000061035156
2022-04-21,68.94999694824219
2022-04-22,66.38999938964844
2022-04-25,68.47000122070312
2022-04-26,65.63999938964844
2022-04-27,66.05999755859375
2022-04-28,67.94999694824219
2022-04-29,66.69999694824219
2022-05-02,67.22000122070312
2022-05-03,67.16999816894531
2022-05-04,69.95999908447266
2022-05-05,63.27000045776367
2022-05-06,64.08000183105469
2022-05-09,61.959999084472656
2022-05-10,61.88999938964844
2022-05-11,61.529998779296875
2022-05-12,62.68000030517578
2022-05-13,65.91999816894531
2022-05-16,65.30000305175781
2022-05-17,67.30999755859375
2022-05-18,64.76000213623047
2022-05-19,65.02999877929688
2022-05-20,65.2300033569336
2022-05-23,67.0
2022-05-24,65.55999755859375
2022-05-25,65.55000305175781
2022-05-26,67.13999938964844
2022-05-27,69.2300033569336
2022-05-31,68.05000305175781
2022-06-01,67.23999786376953
2022-06-02,70.19999694824219
2022-06-03,68.62999725341797
2022-06-06,68.3499984741211
2022-06-07,68.7699966430664
2022-06-08,67.1500015258789
2022-06-09,65.04000091552734
2022-06-10,62.52000045776367
2022-06-13,59.36000061035156
2022-06-14,59.15999984741211
2022-06-15,59.790000915527344
2022-06-16,56.04999923706055
2022-06-17,57.4900016784668
2022-06-21,58.84000015258789
2022-06-22,58.5099983215332
2022-06-23,59.43000030517578
2022-06-24,61.0099983215332
2022-06-27,60.16999816894531
2022-06-28,59.060001373291016
2022-06-29,59.099998474121094
2022-06-30,58.22999954223633
2022-07-01,57.9900016784668
2022-07-05,58.439998626708984
2022-07-06,58.4900016784668
2022-07-07,60.310001373291016
2022-07-08,59.7599983215332
2022-07-11,58.88999938964844
2022-07-12,57.52000045776367
2022-07-13,57.41999816894531
2022-07-14,56.970001220703125
2022-07-15,58.68000030517578
2022-07-18,58.29999923706055
2022-07-19,60.880001068115234
2022-07-20,62.91999816894531
2022-07-21,64.48999786376953
2022-07-22,63.150001525878906
2022-07-25,64.18000030517578
2022-07-26,64.12999725341797
2022-07-27,65.83999633789062
2022-07-28,67.70999908447266
2022-07-29,69.43000030517578
2022-08-01,69.72000122070312
2022-08-02,68.55000305175781
2022-08-03,69.7300033569336
2022-08-04,70.30000305175781
2022-08-05,68.0999984741211
2022-08-08,68.23999786376953
2022-08-09,68.0999984741211
2022-08-10,70.0
2022-08-11,70.31999969482422
2022-08-12,71.73999786376953
2022-08-15,71.68000030517578
2022-08-16,71.91000366210938
2022-08-17,70.61000061035156
2022-08-18,71.44000244140625
2022-08-19,70.01000213623047
2022-08-22,67.25
2022-08-23,66.95999908447266
2022-08-24,68.16999816894531
2022-08-25,69.4000015258789
2022-08-26,66.0
2022-08-29,64.80999755859375
2022-08-30,63.90999984741211
2022-08-31,63.25
2022-09-01,62.79999923706055
2022-09-02,62.119998931884766
2022-09-06,60.220001220703125
2022-09-07,62.290000915527344
2022-09-08,61.38999938964844
2022-09-09,63.08000183105469
2022-09-12,64.43000030517578
2022-09-13,61.68000030517578
2022-09-14,61.220001220703125
2022-09-15,59.41999816894531
2022-09-16,58.68000030517578
2022-09-19,58.91999816894531
2022-09-20,58.459999084472656
2022-09-21,57.369998931884766
2022-09-22,56.790000915527344
2022-09-23,56.380001068115234
2022-09-26,55.439998626708984
2022-09-27,55.25
2022-09-28,56.91999816894531
2022-09-29,55.2599983215332
2022-09-30,54.27000045776367
2022-10-03,56.220001220703125
2022-10-04,58.790000915527344
2022-10-05,57.61000061035156
2022-10-06,57.72999954223633
2022-10-07,54.61000061035156
2022-10-10,53.81999969482422
2022-10-11,52.4900016784668
2022-10-12,52.0
2022-10-13,53.47999954223633
2022-10-14,52.29999923706055
2022-10-17,54.5
2022-10-18,55.7599983215332
2022-10-19,54.83000183105469
2022-10-20,53.4900016784668
2022-10-21,55.880001068115234
2022-10-24,56.099998474121094
2022-10-25,58.150001525878906
2022-10-26,58.029998779296875
2022-10-27,58.2400016784668
2022-10-28,60.2400016784668
2022-10-31,60.15999984741211
2022-11-01,59.88999938964844
2022-11-02,53.650001525878906
2022-11-03,52.060001373291016
2022-11-04,53.790000915527344
2022-11-07,57.20000076293945
2022-11-08,54.650001525878906
2022-11-09,54.04999923706055
2022-11-10,59.15999984741211
2022-11-11,62.0
2022-11-14,59.29999923706055
2022-11-15,59.83000183105469
2022-11-16,58.68000030517578
2022-11-17,57.77000045776367
2022-11-18,57.9900016784668
2022-11-21,57.0099983215332
2022-11-22,57.779998779296875
2022-11-23,58.709999084472656
2022-11-25,58.540000915527344
2022-11-28,57.459999084472656
2022-11-29,56.38999938964844
2022-11-30,59.75
2022-12-01,61.119998931884766
2022-12-02,61.040000915527344
2022-12-05,59.849998474121094
2022-12-06,58.540000915527344
2022-12-07,57.47999954223633
2022-12-08,57.709999084472656
2022-12-09,57.5
2022-12-12,58.779998779296875
2022-12-13,55.029998779296875
2022-12-14,54.560001373291016
2022-12-15,51.869998931884766
2022-12-16,49.83000183105469
2022-12-19,49.560001373291016
2022-12-20,49.150001525878906
2022-12-21,49.810001373291016
2022-12-22,48.72999954223633
2022-12-23,48.540000915527344
2022-12-27,49.02000045776367
2022-12-28,48.560001373291016
2022-12-29,50.47999954223633
2022-12-30,50.560001373291016
2023-01-03,50.599998474121094
2023-01-04,50.79999923706055
2023-01-05,50.119998931884766
2023-01-06,51.5
2023-01-09,52.2400016784668
2023-01-10,52.5
2023-01-11,53.2599983215332
2023-01-12,54.13999938964844
2023-01-13,54.5099983215332
2023-01-17,55.43000030517578
2023-01-18,54.36000061035156
2023-01-19,54.20000076293945
2023-01-20,55.790000915527344
2023-01-23,56.84000015258789
2023-01-24,56.279998779296875
2023-01-25,56.56999969482422
2023-01-26,57.209999084472656
2023-01-27,58.0099983215332
2023-01-30,57.09000015258789
2023-01-31,58.060001373291016
2023-02-01,60.189998626708984
2023-02-02,61.709999084472656
2023-02-03,60.29999923706055
2023-02-06,58.939998626708984
2023-02-07,59.630001068115234
2023-02-08,56.2400016784668
2023-02-09,57.45000076293945
2023-02-10,55.68000030517578
2023-02-13,56.060001373291016
2023-02-14,55.61000061035156
2023-02-15,56.209999084472656
2023-02-16,54.970001220703125
2023-02-17,55.20000076293945
2023-02-21,53.119998931884766
2023-02-22,52.97999954223633
2023-02-23,52.93000030517578
2023-02-24,51.779998779296875
2023-02-27,51.66999816894531
2023-02-28,52.060001373291016
2023-03-01,52.33000183105469
2023-03-02,52.22999954223633
2023-03-03,54.040000915527344
2023-03-06,53.04999923706055
2023-03-07,51.15999984741211
2023-03-08,51.099998474121094
2023-03-09,49.7599983215332
2023-03-10,48.279998779296875
2023-03-13,47.68000030517578
2023-03-14,48.45000076293945
2023-03-15,48.939998626708984
2023-03-16,49.45000076293945
2023-03-17,48.75
2023-03-20,48.97999954223633
2023-03-21,49.900001525878906
2023-03-22,48.529998779296875
2023-03-23,48.689998626708984
2023-03-24,49.439998626708984
2023-03-27,49.720001220703125
2023-03-28,49.900001525878906
2023-03-29,51.439998626708984
2023-03-30,51.310001373291016
2023-03-31,52.41999816894531
2023-04-03,51.75
2023-04-04,50.34000015258789
2023-04-05,49.15999984741211
2023-04-06,48.959999084472656
2023-04-10,49.68000030517578
2023-04-11,49.66999816894531
2023-04-12,49.11000061035156
2023-04-13,49.779998779296875
2023-04-14,48.93000030517578
2023-04-17,48.689998626708984
2023-04-18,48.27000045776367
2023-04-19,47.599998474121094
2023-04-20,47.22999954223633
2023-04-21,47.459999084472656
2023-04-24,47.5099983215332
2023-04-25,45.81999969482422
2023-04-26,46.150001525878906
2023-04-27,46.65999984741211
2023-04-28,47.099998474121094
2023-05-01,46.90999984741211
2023-05-02,45.97999954223633
2023-05-03,47.40999984741211
2023-05-04,47.599998474121094
2023-05-05,48.04999923706055
2023-05-08,47.54999923706055
2023-05-09,47.290000915527344
2023-05-10,47.65999984741211
2023-05-11,46.7400016784668
2023-05-12,46.7400016784668
2023-05-15,47.810001373291016
2023-05-16,46.70000076293945
2023-05-17,48.130001068115234
2023-05-18,48.81999969482422
2023-05-19,47.86000061035156
2023-05-22,48.619998931884766
2023-05-23,47.529998779296875
2023-05-24,46.54999923706055
2023-05-25,46.400001525878906
2023-05-26,47.189998626708984
2023-05-30,47.459999084472656
2023-05-31,46.66999816894531
2023-06-01,48.029998779296875
2023-06-02,49.560001373291016
2023-06-05,48.52000045776367
2023-06-06,49.58000183105469
2023-06-07,51.16999816894531
2023-06-08,50.70000076293945
2023-06-09,50.11000061035156
2023-06-12,51.0099983215332
2023-06-13,52.029998779296875
2023-06-14,51.91999816894531
2023-06-15,52.91999816894531
2023-06-16,52.66999816894531
2023-06-20,51.58000183105469
2023-06-21,50.66999816894531
2023-06-22,50.5099983215332
2023-06-23,49.54999923706055
2023-06-26,50.61000061035156
2023-06-27,51.66999816894531
2023-06-28,52.279998779296875
2023-06-29,52.77000045776367
2023-06-30,52.939998626708984
2023-07-03,52.18000030517578
2023-07-05,52.15999984741211
2023-07-06,51.279998779296875
2023-07-07,52.06999969482422
2023-07-10,52.810001373291016
2023-07-11,53.13999938964844
2023-07-12,53.79999923706055
2023-07-13,53.9900016784668
2023-07-14,53.400001525878906
2023-07-17,53.720001220703125
2023-07-18,53.040000915527344
2023-07-19,53.66999816894531
2023-07-20,52.369998931884766
2023-07-21,52.75
2023-07-24,52.95000076293945
2023-07-25,53.810001373291016
2023-07-26,53.939998626708984
2023-07-27,53.36000061035156
2023-07-28,53.06999969482422
2023-07-31,53.79999923706055
2023-08-01,53.529998779296875
2023-08-02,53.7599983215332
2023-08-03,55.5099983215332
2023-08-04,55.77000045776367
2023-08-07,55.06999969482422
2023-08-08,54.529998779296875
2023-08-09,54.40999984741211
2023-08-10,55.2599983215332
2023-08-11,55.59000015258789
2023-08-14,55.52000045776367
2023-08-15,55.63999938964844
2023-08-16,54.099998474121094
2023-08-17,53.40999984741211
2023-08-18,52.779998779296875
2023-08-21,52.880001068115234
2023-08-22,52.119998931884766
2023-08-23,53.220001220703125
2023-08-24,52.2599983215332
2023-08-25,52.150001525878906
2023-08-28,53.2599983215332
2023-08-29,54.2400016784668
2023-08-30,54.25
2023-08-31,54.790000915527344
2023-09-01,55.060001373291016
2023-09-05,53.470001220703125
2023-09-06,53.040000915527344
2023-09-07,52.040000915527344
2023-09-08,50.97999954223633
2023-09-11,50.790000915527344
2023-09-12,50.4900016784668
2023-09-13,50.369998931884766
2023-09-14,51.689998626708984
2023-09-15,51.34000015258789
2023-09-18,52.119998931884766
2023-09-19,52.310001373291016
2023-09-20,52.27000045776367
2023-09-21,50.86000061035156
2023-09-22,50.220001220703125
2023-09-25,50.15999984741211
2023-09-26,49.15999984741211
2023-09-27,49.209999084472656
2023-09-28,52.40999984741211
2023-09-29,53.86000061035156
2023-10-02,52.84000015258789
2023-10-03,51.75
2023-10-04,52.29999923706055
2023-10-05,51.400001525878906
2023-10-06,51.34000015258789
2023-10-09,51.81999969482422
2023-10-10,52.06999969482422
2023-10-11,52.529998779296875
2023-10-12,50.279998779296875
2023-10-13,49.90999984741211
2023-10-16,50.70000076293945
2023-10-17,50.4900016784668
2023-10-18,51.56999969482422
2023-10-19,49.529998779296875
2023-10-20,48.790000915527344
2023-10-23,48.40999984741211
2023-10-24,48.45000076293945
2023-10-25,47.2400016784668
2023-10-26,46.849998474121094
2023-10-27,46.08000183105469
2023-10-30,46.36000061035156
2023-10-31,47.130001068115234
2023-11-01,40.959999084472656
2023-11-02,41.84000015258789
2023-11-03,42.40999984741211
2023-11-06,41.810001373291016
2023-11-07,42.45000076293945
2023-11-08,42.02000045776367
2023-11-09,41.22999954223633
2023-11-10,41.849998474121094
2023-11-13,40.81999969482422
2023-11-14,42.540000915527344
2023-11-15,43.369998931884766
2023-11-16,42.810001373291016
2023-11-17,43.33000183105469
2023-11-20,43.93000030517578
2023-11-21,43.25
2023-11-22,43.68000030517578
2023-11-24,44.13999938964844
2023-11-27,44.400001525878906
2023-11-28,44.65999984741211
2023-11-29,45.91999816894531
2023-11-30,46.400001525878906
2023-12-01,47.36000061035156
2023-12-04,46.810001373291016
2023-12-05,45.939998626708984
2023-12-06,46.209999084472656
2023-12-07,46.75
2023-12-08,46.900001525878906
2023-12-11,48.04999923706055
2023-12-12,48.09000015258789
2023-12-13,49.220001220703125
2023-12-14,51.779998779296875
2023-12-15,51.77000045776367
2023-12-18,51.650001525878906
2023-12-19,52.439998626708984
2023-12-20,51.41999816894531
2023-12-21,52.36000061035156
2023-12-22,52.439998626708984
2023-12-26,53.189998626708984
2023-12-27,53.33000183105469
2023-12-28,53.63999938964844
2023-12-29,53.20000076293945
2024-01-02,52.45000076293945
2024-01-03,50.58000183105469
2024-01-04,51.02000045776367
2024-01-05,50.77000045776367
2024-01-08,51.63999938964844
2024-01-09,51.13999938964844
2024-01-10,50.95000076293945
2024-01-11,51.5
2024-01-12,51.2599983215332
2024-01-16,50.310001373291016
2024-01-17,49.29999923706055
2024-01-18,49.400001525878906
2024-01-19,50.0099983215332
2024-01-22,50.47999954223633
2024-01-23,51.220001220703125
2024-01-24,50.7400016784668
2024-01-25,51.689998626708984
2024-01-26,50.97999954223633
2024-01-29,51.58000183105469
2024-01-30,52.84000015258789
2024-01-31,50.86000061035156
2024-02-01,52.38999938964844
2024-02-02,52.59000015258789
2024-02-05,51.63999938964844
2024-02-06,51.689998626708984
2024-02-07,51.90999984741211
2024-02-08,52.08000183105469
2024-02-09,52.5099983215332
2024-02-12,54.689998626708984
2024-02-13,55.959999084472656
2024-02-14,58.209999084472656
2024-02-15,60.150001525878906
2024-02-16,60.290000915527344
2024-02-20,60.130001068115234
2024-02-21,60.310001373291016
2024-02-22,61.400001525878906
2024-02-23,61.459999084472656
2024-02-26,61.810001373291016
2024-02-27,61.779998779296875
2024-02-28,60.90999984741211
2024-02-29,61.189998626708984
2024-03-01,62.349998474121094
2024-03-04,62.54999923706055
2024-03-05,61.790000915527344
2024-03-06,62.43000030517578
2024-03-07,62.5
2024-03-08,63.09000015258789
2024-03-11,62.84000015258789
2024-03-12,63.41999816894531
2024-03-13,63.33000183105469
2024-03-14,62.33000183105469
2024-03-15,62.06999969482422
2024-03-18,62.45000076293945
2024-03-19,63.470001220703125
2024-03-20,63.7400016784668
2024-03-21,64.69000244140625
2024-03-22,64.19999694824219
2024-03-25,63.099998474121094
2024-03-26,63.439998626708984
2024-03-27,63.29999923706055
2024-03-28,64.36000061035156
2024-04-01,63.16999816894531
2024-04-02,62.83000183105469
2024-04-03,62.349998474121094
2024-04-04,61.4900016784668
2024-04-05,61.45000076293945
2024-04-08,62.18000030517578
2024-04-09,62.970001220703125
2024-04-10,61.52000045776367
2024-04-11,62.029998779296875
2024-04-12,60.540000915527344
2024-04-15,59.40999984741211
2024-04-16,58.91999816894531
2024-04-17,58.4900016784668
2024-04-18,57.86000061035156
2024-04-19,57.970001220703125
2024-04-22,58.939998626708984
2024-04-23,59.689998626708984
2024-04-24,59.5099983215332
2024-04-25,59.209999084472656
2024-04-26,60.150001525878906
2024-04-29,60.66999816894531
2024-04-30,60.06999969482422
2024-05-01,58.59000015258789
2024-05-02,60.09000015258789
2024-05-03,55.93000030517578
2024-05-06,56.20000076293945
2024-05-07,57.0
2024-05-08,56.540000915527344
2024-05-09,56.779998779296875
2024-05-10,56.79999923706055
2024-05-13,57.060001373291016
2024-05-14,57.09000015258789
2024-05-15,57.68000030517578
2024-05-16,57.25
2024-05-17,57.09000015258789
2024-05-20,57.31999969482422
2024-05-21,57.29999923706055
2024-05-22,57.599998474121094
2024-05-23,56.869998931884766
2024-05-24,56.79999923706055
2024-05-28,55.81999969482422
2024-05-29,55.70000076293945
2024-05-30,55.5
2024-05-31,55.68000030517578
2024-06-03,54.5
2024-06-04,54.0
2024-06-05,54.439998626708984
2024-06-06,55.56999969482422
2024-06-07,54.9900016784668
2024-06-10,55.36000061035156
2024-06-11,55.29999923706055
2024-06-12,56.09000015258789
2024-06-13,55.720001220703125
2024-06-14,54.810001373291016
2024-06-17,55.720001220703125
2024-06-18,55.5099983215332
2024-06-20,55.75
2024-06-21,56.13999938964844
2024-06-24,56.130001068115234
2024-06-25,55.540000915527344
2024-06-26,55.18000030517578
2024-06-27,55.41999816894531
2024-06-28,55.91999816894531
2024-07-01,55.689998626708984
2024-07-02,56.220001220703125
2024-07-03,55.5099983215332
2024-07-05,55.88999938964844
2024-07-08,56.290000915527344
2024-07-09,55.22999954223633
2024-07-10,55.349998474121094
2024-07-11,56.25
2024-07-12,57.349998474121094
2024-07-15,57.290000915527344
2024-07-16,58.61000061035156
2024-07-17,58.150001525878906
2024-07-18,57.27000045776367
2024-07-19,55.97999954223633
2024-07-22,57.29999923706055
2024-07-23,57.11000061035156
2024-07-24,55.70000076293945
2024-07-25,54.70000076293945
2024-07-26,55.36000061035156
2024-07-29,55.0
2024-07-30,54.20000076293945
2024-07-31,54.540000915527344
2024-08-01,52.5099983215332
2024-08-02,50.86000061035156
2024-08-05,49.81999969482422
2024-08-06,51.529998779296875
2024-08-07,50.59000015258789
2024-08-08,51.540000915527344
2024-08-09,51.650001525878906
2024-08-12,52.11000061035156
2024-08-13,52.63999938964844
2024-08-14,53.16999816894531
2024-08-15,54.040000915527344
2024-08-16,54.369998931884766
2024-08-19,55.88999938964844
2024-08-20,56.09000015258789
2024-08-21,56.47999954223633
2024-08-22,56.04999923706055
2024-08-23,56.9900016784668
2024-08-26,56.709999084472656
2024-08-27,56.599998474121094
2024-08-28,56.130001068115234
2024-08-29,56.349998474121094
2024-08-30,56.689998626708984
2024-09-03,54.939998626708984
2024-09-04,55.4900016784668
2024-09-05,55.779998779296875
2024-09-06,54.150001525878906
2024-09-09,54.310001373291016
2024-09-10,55.220001220703125
2024-09-11,54.90999984741211
2024-09-12,55.68000030517578
2024-09-13,56.5
2024-09-16,58.40999984741211
2024-09-17,58.310001373291016
2024-09-18,58.04999923706055
2024-09-19,60.20000076293945
2024-09-20,58.56999969482422
2024-09-23,58.56999969482422
2024-09-24,58.52000045776367
2024-09-25,59.119998931884766
2024-09-26,60.5099983215332
2024-09-27,61.650001525878906
2024-09-30,62.09000015258789
2024-10-01,60.790000915527344
2024-10-02,62.47999954223633
2024-10-03,61.59000015258789
2024-10-04,62.13999938964844
2024-10-07,61.5099983215332
2024-10-08,61.47999954223633
2024-10-09,62.22999954223633
2024-10-10,61.7400016784668
2024-10-11,63.0099983215332
2024-10-14,63.04999923706055
2024-10-15,61.720001220703125
2024-10-16,61.06999969482422
2024-10-17,61.43000030517578
2024-10-18,61.77000045776367
2024-10-21,60.77000045776367
2024-10-22,60.209999084472656
2024-10-23,60.29999923706055
2024-10-24,60.560001373291016
2024-10-25,60.900001525878906
2024-10-28,61.349998474121094
2024-10-29,61.65999984741211
2024-10-30,61.36000061035156
2024-10-31,60.5
2024-11-01,61.209999084472656
2024-11-04,61.310001373291016
2024-11-05,61.619998931884766
2024-11-06,72.63999938964844
2024-11-07,72.13999938964844
2024-11-08,72.6500015258789
2024-11-11,73.36000061035156
2024-11-12,72.80999755859375
2024-11-13,72.61000061035156
2024-11-14,70.73999786376953
2024-11-15,70.62000274658203
2024-11-18,69.87999725341797
2024-11-19,69.66999816894531
2024-11-20,70.4800033569336
2024-11-21,71.43000030517578
2024-11-22,72.31999969482422
2024-11-25,72.94999694824219
2024-11-26,72.37000274658203
2024-11-27,72.43000030517578
2024-11-29,72.97000122070312
2024-12-02,73.08000183105469
2024-12-03,73.94999694824219
2024-12-04,75.27999877929688
2024-12-05,75.4000015258789
2024-12-06,74.86000061035156
2024-12-09,74.61000061035156
2024-12-10,74.12000274658203
2024-12-11,73.95999908447266
2024-12-12,74.87000274658203
2024-12-13,73.58999633789062
2024-12-16,74.23999786376953
2024-12-17,72.88999938964844
2024-12-18,70.69000244140625
2024-12-19,70.73999786376953
2024-12-20,71.63999938964844
2024-12-23,71.16999816894531
2024-12-24,71.87000274658203
2024-12-26,72.30000305175781
2024-12-27,71.19999694824219
2024-12-30,70.43000030517578
2024-12-31,70.66000366210938
2025-01-02,69.70999908447266
2025-01-03,70.56999969482422
2025-01-06,71.0999984741211
2025-01-07,72.0199966430664
2025-01-08,72.54000091552734
2025-01-10,70.2300033569336
2025-01-13,70.2699966430664
2025-01-14,71.55999755859375
2025-01-15,72.72000122070312
2025-01-16,73.9000015258789
2025-01-17,74.91999816894531
2025-01-21,76.43000030517578
2025-01-22,77.4000015258789
2025-01-23,77.48999786376953
2025-01-24,77.41999816894531
2025-01-27,75.95999908447266
2025-01-28,75.2699966430664
2025-01-29,74.7699966430664
2025-01-30,75.37999725341797
2025-01-31,74.95999908447266
2025-02-03,74.12000274658203
2025-02-04,74.3499984741211
2025-02-05,75.06999969482422
2025-02-06,75.37000274658203
2025-02-07,74.36000061035156
2025-02-10,74.36000061035156
2025-02-11,73.83000183105469
2025-02-12,73.29000091552734
2025-02-13,73.66000366210938
2025-02-14,74.29000091552734
2025-02-18,75.13999938964844
2025-02-19,75.56999969482422
2025-02-20,73.20999908447266
2025-02-21,71.47000122070312
2025-02-24,70.93000030517578
2025-02-25,71.36000061035156
2025-02-26,71.38999938964844
2025-02-27,70.68000030517578
2025-02-28,71.9800033569336
2025-03-03,69.68000030517578
2025-03-04,68.44999694824219
2025-03-05,69.48999786376953
2025-03-06,67.6500015258789
2025-03-07,69.05999755859375
2025-03-10,66.51000213623047
2025-03-11,66.48999786376953
2025-03-12,67.36000061035156
2025-03-13,66.38999938964844
2025-03-14,69.38999938964844
2025-03-17,70.25
2025-03-18,70.19000244140625
2025-03-19,71.63999938964844
2025-03-20,70.68000030517578
2025-03-21,70.54000091552734
2025-03-24,72.06999969482422
2025-03-25,70.4800033569336
2025-03-26,68.94000244140625
2025-03-27,67.9800033569336
2025-03-28,65.5199966430664
2025-03-31,65.6500015258789
2025-04-01,65.37999725341797
2025-04-02,66.51000213623047
2025-04-03,60.279998779296875
2025-04-04,56.5099983215332
2025-04-07,56.02000045776367
2025-04-08,55.119998931884766
2025-04-09,61.4900016784668
2025-04-10,58.040000915527344
2025-04-11,58.220001220703125
2025-04-14,59.4900016784668
2025-04-15,59.59000015258789
2025-04-16,58.279998779296875
2025-04-17,58.22999954223633
2025-04-21,56.220001220703125
2025-04-22,58.0099983215332
2025-04-23,59.5099983215332
2025-04-24,61.650001525878906
2025-04-25,61.709999084472656
2025-04-28,61.45000076293945
2025-04-29,61.95000076293945
2025-04-30,62.13999938964844
2025-05-01,62.540000915527344
2025-05-02,64.58999633789062
2025-05-05,64.08999633789062
2025-05-06,63.31999969482422
2025-05-07,66.30000305175781
2025-05-08,67.37999725341797
2025-05-09,68.12000274658203
2025-05-12,70.54000091552734
2025-05-13,71.25
2025-05-14,71.2699966430664
2025-05-15,71.23999786376953
2025-05-16,71.88999938964844
2025-05-19,71.69000244140625
2025-05-20,72.30999755859375
2025-05-21,70.76000213623047
2025-05-22,70.79000091552734
2025-05-23,70.55000305175781
2025-05-27,71.91999816894531
2025-05-28,71.51000213623047
2025-05-29,71.66000366210938
2025-05-30,71.2699966430664
2025-06-02,70.83999633789062
2025-06-03,71.72000122070312
2025-06-04,71.66999816894531
2025-06-05,71.16000366210938
2025-06-06,72.22000122070312
2025-06-09,72.36000061035156
2025-06-10,72.80000305175781
2025-06-11,72.54000091552734
2025-06-12,72.36000061035156
2025-06-13,71.08000183105469
2025-06-16,72.87999725341797
2025-06-17,71.76000213623047
2025-06-18,71.69999694824219
2025-06-20,71.80999755859375
2025-06-23,72.70999908447266
2025-06-24,73.70999908447266
2025-06-25,74.12000274658203
2025-06-26,75.02999877929688
2025-06-27,75.6500015258789
2025-06-30,75.9800033569336
2025-07-01,76.45999908447266
2025-07-02,77.86000061035156
2025-07-03,78.87999725341797
2025-07-07,78.62999725341797
2025-07-08,79.31999969482422
2025-07-09,79.62000274658203
2025-07-10,80.83000183105469
2025-07-11,79.98999786376953
2025-07-14,80.19999694824219
2025-07-15,79.47000122070312
2025-07-16,80.66999816894531
2025-07-17,82.0199966430664
2025-07-18,82.04000091552734
2025-07-21,81.43000030517578
2025-07-22,82.5199966430664
2025-07-23,83.62000274658203
2025-07-24,84.19000244140625
2025-07-25,85.23999786376953
2025-07-28,85.06999969482422
2025-07-29,84.69000244140625
2025-07-30,85.19000244140625
2025-07-31,83.88999938964844
2025-08-01,82.63999938964844
2025-08-04,84.25
2025-08-05,82.69999694824219
2025-08-06,84.12999725341797
2025-08-07,82.5199966430664
2025-08-08,83.7699966430664
2025-08-11,82.58999633789062
2025-08-12,83.61000061035156
2025-08-13,84.47000122070312
2025-08-14,83.66999816894531
2025-08-15,82.23999786376953
2025-08-18,82.80000305175781
2025-08-19,81.12000274658203
2025-08-20,80.19999694824219
2025-08-21,80.2699966430664
2025-08-22,82.58000183105469
2025-08-25,81.43000030517578
2025-08-26,81.44000244140625
2025-08-27,82.18000030517578
2025-08-28,82.20999908447266
2025-08-29,80.81999969482422
2025-09-02,78.56999969482422
2025-09-03,78.5999984741211
2025-09-04,79.70999908447266
2025-09-05,80.73999786376953
2025-09-08,81.29000091552734
2025-09-09,80.05999755859375
2025-09-10,80.16000366210938
2025-09-11,82.8499984741211
2025-09-12,80.87999725341797
2025-09-15,81.01000213623047
2025-09-16,80.88999938964844
2025-09-17,79.63999938964844
2025-09-18,81.66000366210938
2025-09-19,82.77999877929688
2025-09-22,82.1500015258789
2025-09-23,82.04000091552734
2025-09-24,79.87999725341797
2025-09-25,79.9800033569336
2025-09-26,81.23999786376953
2025-09-29,81.94999694824219
2025-09-30,81.6500015258789
2025-10-01,79.41000366210938
2025-10-02,80.20999908447266
2025-10-03,80.72000122070312
2025-10-06,80.80999755859375
2025-10-07,79.30000305175781
2025-10-08,80.47000122070312
2025-10-09,79.19000244140625
2025-10-10,75.62999725341797
2025-10-13,77.05999755859375
2025-10-14,78.04000091552734
2025-10-15,78.72000122070312
2025-10-16,77.87000274658203
2025-10-17,77.4000015258789
2025-10-20,78.58000183105469
2025-10-21,79.6500015258789
2025-10-22,79.0999984741211
2025-10-23,80.69999694824219
2025-10-24,81.41999816894531
2025-10-27,81.12000274658203
2025-10-28,80.5
2025-10-29,79.38999938964844
2025-10-30,78.87000274658203
2025-10-31,79.75
2025-11-03,79.56999969482422
2025-11-04,78.5999984741211
2025-11-05,80.56999969482422
2025-11-06,78.81999969482422
2025-11-07,78.9000015258789
2025-11-10,79.69999694824219
2025-11-11,79.58000183105469
2025-11-12,82.19000244140625
2025-11-13,77.0199966430664
2025-11-14,77.55999755859375
2025-11-17,75.55000305175781
2025-11-18,75.41999816894531
2025-11-19,75.76000213623047
2025-11-20,74.81999969482422
2025-11-21,77.02999877929688
2025-11-24,79.05999755859375
2025-11-25,80.8499984741211
2025-11-26,81.2699966430664
2025-11-28,81.41999816894531
2025-12-01,81.66999816894531
2025-12-02,82.2300033569336
2025-12-03,82.33999633789062
2025-12-04,82.30000305175781
2025-12-05,83.5199966430664
2025-12-08,81.7699966430664
2025-12-09,81.44000244140625
2025-12-10,82.45999908447266
2025-12-11,83.33999633789062
2025-12-12,80.26000213623047
2025-12-15,80.16999816894531
2025-12-16,80.5
2025-12-17,78.88999938964844
2025-12-18,79.91000366210938
2025-12-19,80.87999725341797
2025-12-22,81.94999694824219
2025-12-23,80.5
2025-12-24,80.01000213623047
2025-12-26,80.19999694824219
2025-12-29,79.98999786376953
2025-12-30,79.55999755859375
