Date,AES
2015-07-01,8.710880279541016
2015-07-02,8.783528327941895
2015-07-06,8.717483520507812
2015-07-07,8.743900299072266
2015-07-08,8.525965690612793
2015-07-09,8.592008590698242
2015-07-10,8.651444435119629
2015-07-13,8.618422508239746
2015-07-14,8.664653778076172
2015-07-15,8.704277992248535
2015-07-16,8.816551208496094
2015-07-17,8.724091529846191
2015-07-20,8.638237953186035
2015-07-21,8.545778274536133
2015-07-22,8.697672843933105
2015-07-23,8.545778274536133
2015-07-24,8.446714401245117
2015-07-27,8.539172172546387
2015-07-28,8.433509826660156
2015-07-29,8.473133087158203
2015-07-30,8.446510314941406
2015-07-31,8.519725799560547
2015-08-03,8.473133087158203
2015-08-04,8.359981536865234
2015-08-05,8.379947662353516
2015-08-06,8.386602401733398
2015-08-07,8.413229942321777
2015-08-10,8.43985366821289
2015-08-11,8.220202445983887
2015-08-12,8.692782402038574
2015-08-13,8.42654037475586
2015-08-14,8.526379585266113
2015-08-17,8.566316604614258
2015-08-18,8.533036231994629
2015-08-19,8.34666633605957
2015-08-20,8.193580627441406
2015-08-21,7.987240791320801
2015-08-24,7.674407482147217
2015-08-25,7.547943592071533
2015-08-26,7.754282474517822
2015-08-27,7.900712013244629
2015-08-28,8.053804397583008
2015-08-31,7.987240791320801
2015-09-01,7.614503860473633
2015-09-02,7.534630298614502
2015-09-03,7.614503860473633
2015-09-04,7.341607570648193
2015-09-08,7.534630298614502
2015-09-09,7.52131986618042
2015-09-10,7.48138427734375
2015-09-11,7.408167839050293
2015-09-14,7.368232250213623
2015-09-15,7.4015116691589355
2015-09-16,7.441445350646973
2015-09-17,7.43479061126709
2015-09-18,7.281699180603027
2015-09-21,7.175205230712891
2015-09-22,6.975521564483643
2015-09-23,6.749218463897705
2015-09-24,6.656036376953125
2015-09-25,6.629410743713379
2015-09-28,6.529572486877441
2015-09-29,6.296610355377197
2015-09-30,6.51625919342041
2015-10-01,6.582818984985352
2015-10-02,6.715939998626709
2015-10-05,6.835750579833984
2015-10-06,6.962212562561035
2015-10-07,7.008803844451904
2015-10-08,7.161895275115967
2015-10-09,7.135272026062012
2015-10-12,7.128612518310547
2015-10-13,7.075364112854004
2015-10-14,7.03542947769165
2015-10-15,7.175205230712891
2015-10-16,7.175205230712891
2015-10-19,7.148582935333252
2015-10-20,7.24176549911499
2015-10-21,7.161895275115967
2015-10-22,7.348262310028076
2015-10-23,7.354917526245117
2015-10-26,7.24176549911499
2015-10-27,7.235110759735107
2015-10-28,7.4015116691589355
2015-10-29,7.388078689575195
2015-10-30,7.354496479034424
2015-11-02,7.401511192321777
2015-11-03,7.341064453125
2015-11-04,7.267183780670166
2015-11-05,6.635838031768799
2015-11-06,6.850762844085693
2015-11-09,6.649272441864014
2015-11-10,6.763448715209961
2015-11-11,6.750014305114746
2015-11-12,6.535092353820801
2015-11-13,6.58210563659668
2015-11-16,6.588824272155762
2015-11-17,6.407478332519531
2015-11-18,6.535092353820801
2015-11-19,6.42762565612793
2015-11-20,6.494792461395264
2015-11-23,6.488075256347656
2015-11-24,6.649272441864014
2015-11-25,6.635838031768799
2015-11-27,6.709717750549316
2015-11-30,6.709717750549316
2015-12-01,6.703001022338867
2015-12-02,6.447778224945068
2015-12-03,6.394047260284424
2015-12-04,6.259716510772705
2015-12-07,6.185835361480713
2015-12-08,6.1791181564331055
2015-12-09,6.219417572021484
2015-12-10,6.232850074768066
2015-12-11,6.024641990661621
2015-12-14,5.930611610412598
2015-12-15,6.212703227996826
2015-12-16,6.29329776763916
2015-12-17,6.1791181564331055
2015-12-18,6.085088729858398
2015-12-21,6.1522536277771
2015-12-22,6.239566802978516
2015-12-23,6.407478332519531
2015-12-24,6.434342384338379
2015-12-28,6.353748321533203
2015-12-29,6.454493522644043
2015-12-30,6.380610942840576
2015-12-31,6.42762565612793
2016-01-04,6.333598613739014
2016-01-05,6.420910835266113
2016-01-06,6.199268341064453
2016-01-07,6.044789791107178
2016-01-08,6.132105350494385
2016-01-11,6.064940929412842
2016-01-12,5.876881122589111
2016-01-13,5.802998065948486
2016-01-14,5.944042682647705
2016-01-15,5.735836505889893
2016-01-19,5.856730937957764
2016-01-20,5.789567470550537
2016-01-21,6.1186723709106445
2016-01-22,6.158969879150391
2016-01-25,5.870163917541504
2016-01-26,6.071657657623291
2016-01-27,6.098523139953613
2016-01-28,6.1522536277771
2016-01-29,6.458165645599365
2016-02-01,6.430975437164307
2016-02-02,6.3154072761535645
2016-02-03,6.628118515014648
2016-02-04,6.662109851837158
2016-02-05,6.628118515014648
2016-02-08,6.417379856109619
2016-02-09,6.464964866638184
2016-02-10,6.478558540344238
2016-02-11,6.118262767791748
2016-02-12,6.23383092880249
2016-02-16,6.376589298248291
2016-02-17,6.539743900299072
2016-02-18,6.594130039215088
2016-02-19,6.396984577178955
2016-02-22,6.655311584472656
2016-02-23,6.51254940032959
2016-02-24,6.818464756011963
2016-02-25,6.777676582336426
2016-02-26,6.709696292877197
2016-02-29,6.662109851837158
2016-03-01,6.879646301269531
2016-03-02,6.988415718078613
2016-03-03,7.10398530960083
2016-03-04,7.335117816925049
2016-03-07,7.403096675872803
2016-03-08,7.219549655914307
2016-03-09,7.137974262237549
2016-03-10,7.3487114906311035
2016-03-11,7.416694641113281
2016-03-14,7.450685977935791
2016-03-15,7.457483768463135
2016-03-16,7.7430033683776855
2016-03-17,7.838174819946289
2016-03-18,7.89935827255249
2016-03-21,7.844973564147949
2016-03-22,7.844973564147949
2016-03-23,7.681819915771484
2016-03-24,7.865368366241455
2016-03-28,7.756596565246582
2016-03-29,7.919753074645996
2016-03-30,7.89935827255249
2016-03-31,8.021722793579102
2016-04-01,7.865368366241455
2016-04-04,7.722607612609863
2016-04-05,7.525463104248047
2016-04-06,7.532263278961182
2016-04-07,7.3827033042907715
2016-04-08,7.450685977935791
2016-04-11,7.491473197937012
2016-04-12,7.5866475105285645
2016-04-13,7.634232997894287
2016-04-14,7.641031742095947
2016-04-15,7.647831916809082
2016-04-18,7.6886186599731445
2016-04-19,7.8177809715271
2016-04-20,7.661428451538086
2016-04-21,7.552655220031738
2016-04-22,7.600241661071777
2016-04-25,7.477879047393799
2016-04-26,7.620634078979492
2016-04-27,7.7362060546875
2016-04-28,7.633236885070801
2016-04-29,7.660694122314453
2016-05-02,7.756795883178711
2016-05-03,7.640102863311768
2016-05-04,7.660694122314453
2016-05-05,7.598914623260498
2016-05-06,7.6057820320129395
2016-05-09,7.660694122314453
2016-05-10,7.85976505279541
2016-05-11,7.770525932312012
2016-05-12,7.7362060546875
2016-05-13,7.660694122314453
2016-05-16,7.626375675201416
2016-05-17,7.5645928382873535
2016-05-18,7.365525245666504
2016-05-19,7.37238883972168
2016-05-20,7.475358486175537
2016-05-23,7.37238883972168
2016-05-24,7.4890851974487305
2016-05-25,7.530270576477051
2016-05-26,7.475358486175537
2016-05-27,7.626375675201416
2016-05-31,7.612645149230957
2016-06-01,7.509677410125732
2016-06-02,7.441033363342285
2016-06-03,7.701884746551514
2016-06-06,7.818577289581299
2016-06-07,7.900949954986572
2016-06-08,7.846033096313477
2016-06-09,7.852899074554443
2016-06-10,7.688154697418213
2016-06-13,7.6675591468811035
2016-06-14,7.633236885070801
2016-06-15,7.592049598693848
2016-06-16,7.729340553283691
2016-06-17,7.969595432281494
2016-06-20,8.13433837890625
2016-06-21,8.244172096252441
2016-06-22,8.23044204711914
2016-06-23,8.305952072143555
2016-06-24,8.1618013381958
2016-06-27,7.832305431365967
2016-06-28,8.093153953552246
2016-06-29,8.25790023803711
2016-06-30,8.566798210144043
2016-07-01,8.463831901550293
2016-07-05,8.374595642089844
2016-07-06,8.395190238952637
2016-07-07,8.305952072143555
2016-07-08,8.4569673538208
2016-07-11,8.614850044250488
2016-07-12,8.566798210144043
2016-07-13,8.669766426086426
2016-07-14,8.594257354736328
2016-07-15,8.669766426086426
2016-07-18,8.628581047058105
2016-07-19,8.58739185333252
2016-07-20,8.62171459197998
2016-07-21,8.642308235168457
2016-07-22,8.683492660522461
2016-07-25,8.697225570678711
2016-07-26,8.656036376953125
2016-07-27,8.491292953491211
2016-07-28,8.484365463256836
2016-07-29,8.553624153137207
2016-08-01,8.428956985473633
2016-08-02,8.435881614685059
2016-08-03,8.588252067565918
2016-08-04,8.595183372497559
2016-08-05,8.470513343811035
2016-08-08,8.435881614685059
2016-08-09,8.359697341918945
2016-08-10,8.435881614685059
2016-08-11,8.477439880371094
2016-08-12,8.463586807250977
2016-08-15,8.373547554016113
2016-08-16,8.311214447021484
2016-08-17,8.505141258239746
2016-08-18,8.657516479492188
2016-08-19,8.463586807250977
2016-08-22,8.512069702148438
2016-08-23,8.435881614685059
2016-08-24,8.366621017456055
2016-08-25,8.387402534484863
2016-08-26,8.325067520141602
2016-08-29,8.415105819702148
2016-08-30,8.325067520141602
2016-08-31,8.359697341918945
2016-09-01,8.31813907623291
2016-09-02,8.470513343811035
2016-09-06,8.892997741699219
2016-09-07,9.024595260620117
2016-09-08,8.969184875488281
2016-09-09,8.539772987365723
2016-09-12,8.7198486328125
2016-09-13,8.581330299377441
2016-09-14,8.532845497131348
2016-09-15,8.692143440246582
2016-09-16,8.685219764709473
2016-09-19,8.796037673950195
2016-09-20,8.85144329071045
2016-09-21,9.073073387145996
2016-09-22,9.13541030883789
2016-09-23,9.183890342712402
2016-09-26,9.08692741394043
2016-09-27,9.059226036071777
2016-09-28,9.107706069946289
2016-09-29,8.934555053710938
2016-09-30,8.899923324584961
2016-10-03,8.636737823486328
2016-10-04,8.276585578918457
2016-10-05,8.214252471923828
2016-10-06,8.075732231140137
2016-10-07,8.02724838256836
2016-10-10,8.082655906677246
2016-10-11,7.978764057159424
2016-10-12,8.082655906677246
2016-10-13,8.124211311340332
2016-10-14,8.013395309448242
2016-10-17,8.110360145568848
2016-10-18,8.221174240112305
2016-10-19,8.394325256347656
2016-10-20,8.345845222473145
2016-10-21,8.325067520141602
2016-10-24,8.345845222473145
2016-10-25,8.325067520141602
2016-10-26,8.311214447021484
2016-10-27,8.18654727935791
2016-10-28,8.144598007202148
2016-10-31,8.228493690490723
2016-11-01,8.144598007202148
2016-11-02,8.011771202087402
2016-11-03,8.214512825012207
2016-11-04,8.466190338134766
2016-11-07,8.675920486450195
2016-11-08,8.689902305603027
2016-11-09,8.396278381347656
2016-11-10,8.018760681152344
2016-11-11,7.871946811676025
2016-11-14,7.843984603881836
2016-11-15,8.06769847869873
2016-11-16,7.934866905212402
2016-11-17,7.9907965660095215
2016-11-18,7.969823837280273
2016-11-21,8.074690818786621
2016-11-22,7.976813793182373
2016-11-23,7.927874565124512
2016-11-25,8.130617141723633
2016-11-28,8.347339630126953
2016-11-29,8.30539608001709
2016-11-30,8.004779815673828
2016-12-01,7.711154937744141
2016-12-02,7.8160200119018555
2016-12-05,7.927874565124512
2016-12-06,7.920886993408203
2016-12-07,8.123624801635742
2016-12-08,8.277429580688477
2016-12-09,8.333359718322754
2016-12-12,8.396278381347656
2016-12-13,8.52211856842041
2016-12-14,8.347339630126953
2016-12-15,8.249465942382812
2016-12-16,8.214512825012207
2016-12-19,8.277429580688477
2016-12-20,8.347339630126953
2016-12-21,8.375304222106934
2016-12-22,8.235485076904297
2016-12-23,8.20052719116211
2016-12-27,8.291414260864258
2016-12-28,8.13761043548584
2016-12-29,8.179555892944336
2016-12-30,8.123624801635742
2017-01-03,8.151592254638672
2017-01-04,8.081679344177246
2017-01-05,7.976813793182373
2017-01-06,8.263448715209961
2017-01-09,8.060707092285156
2017-01-10,7.920886993408203
2017-01-11,8.228493690490723
2017-01-12,8.095660209655762
2017-01-13,8.193536758422852
2017-01-17,8.326369285583496
2017-01-18,8.340349197387695
2017-01-19,8.20052719116211
2017-01-20,7.976813793182373
2017-01-23,7.843984603881836
2017-01-24,7.948848724365234
2017-01-25,7.948848724365234
2017-01-26,7.843984603881836
2017-01-27,7.969823837280273
2017-01-30,7.920363903045654
2017-01-31,8.082871437072754
2017-02-01,7.941564559936523
2017-02-02,7.998086452484131
2017-02-03,8.033411979675293
2017-02-06,7.976888179779053
2017-02-07,8.075803756713867
2017-02-08,8.18885326385498
2017-02-09,8.104065895080566
2017-02-10,8.202980995178223
2017-02-13,8.25244140625
2017-02-14,8.118194580078125
2017-02-15,8.167656898498535
2017-02-16,8.231244087219238
2017-02-17,8.097000122070312
2017-02-21,8.323094367980957
2017-02-22,8.195919036865234
2017-02-23,8.301896095275879
2017-02-24,8.429075241088867
2017-02-27,7.870907783508301
2017-02-28,8.139394760131836
2017-03-01,8.019283294677734
2017-03-02,8.217116355895996
2017-03-03,8.160590171813965
2017-03-06,8.139394760131836
2017-03-07,8.00515079498291
2017-03-08,7.821446895599365
2017-03-09,7.814383029937744
2017-03-10,7.8779730796813965
2017-03-13,7.786120891571045
2017-03-14,7.771990776062012
2017-03-15,7.991018295288086
2017-03-16,7.983954906463623
2017-03-17,8.097000122070312
2017-03-20,7.913300037384033
2017-03-21,7.983954906463623
2017-03-22,7.8779730796813965
2017-03-23,7.899168968200684
2017-03-24,7.93449592590332
2017-03-27,7.863840579986572
2017-03-28,7.991018295288086
2017-03-29,7.94862699508667
2017-03-30,7.8285136222839355
2017-03-31,7.899168968200684
2017-04-03,7.906232833862305
2017-04-04,7.962757110595703
2017-04-05,7.885036945343018
2017-04-06,7.885036945343018
2017-04-07,7.8002519607543945
2017-04-10,7.8779730796813965
2017-04-11,7.991018295288086
2017-04-12,8.033411979675293
2017-04-13,8.026348114013672
2017-04-17,8.075803756713867
2017-04-18,8.061675071716309
2017-04-19,8.033411979675293
2017-04-20,8.068740844726562
2017-04-21,8.040477752685547
2017-04-24,8.18885326385498
2017-04-25,8.210047721862793
2017-04-26,8.089935302734375
2017-04-27,8.061373710632324
2017-04-28,8.075654029846191
2017-05-01,8.075654029846191
2017-05-02,8.068517684936523
2017-05-03,7.9899702072143555
2017-05-04,7.918570518493652
2017-05-05,8.082796096801758
2017-05-08,8.075654029846191
2017-05-09,8.097074508666992
2017-05-10,8.261303901672363
2017-05-11,8.189900398254395
2017-05-12,8.089936256408691
2017-05-15,8.13991641998291
2017-05-16,8.082796096801758
2017-05-17,8.089936256408691
2017-05-18,7.98283052444458
2017-05-19,7.997111797332764
2017-05-22,8.111357688903809
2017-05-23,8.118496894836426
2017-05-24,8.389824867248535
2017-05-25,8.411246299743652
2017-05-26,8.418386459350586
2017-05-30,8.354126930236816
2017-05-31,8.339847564697266
2017-06-01,8.532632827758789
2017-06-02,8.504070281982422
2017-06-05,8.36126708984375
2017-06-06,8.504070281982422
2017-06-07,8.261303901672363
2017-06-08,8.254162788391113
2017-06-09,8.368404388427734
2017-06-12,8.389824867248535
2017-06-13,8.518351554870605
2017-06-14,8.504070281982422
2017-06-15,8.511211395263672
2017-06-16,8.511211395263672
2017-06-19,8.504070281982422
2017-06-20,8.496932029724121
2017-06-21,8.332704544067383
2017-06-22,8.261303901672363
2017-06-23,8.254162788391113
2017-06-26,8.339847564697266
2017-06-27,8.211319923400879
2017-06-28,8.089936256408691
2017-06-29,7.9685492515563965
2017-06-30,7.932845592498779
2017-07-03,7.861448764801025
2017-07-05,7.761482238769531
2017-07-06,7.625816345214844
2017-07-07,7.682940483093262
2017-07-10,7.811464786529541
2017-07-11,7.804322719573975
2017-07-12,7.925708770751953
2017-07-13,7.868586540222168
2017-07-14,7.875726222991943
2017-07-17,7.93998908996582
2017-07-18,8.025675773620605
2017-07-19,8.082796096801758
2017-07-20,8.118496894836426
2017-07-21,8.154200553894043
2017-07-24,8.082796096801758
2017-07-25,8.025675773620605
2017-07-26,7.9685492515563965
2017-07-27,7.925708770751953
2017-07-28,7.840024948120117
2017-07-31,7.98283052444458
2017-08-01,8.083878517150879
2017-08-02,7.975616455078125
2017-08-03,8.026138305664062
2017-08-04,7.997265815734863
2017-08-07,8.011701583862305
2017-08-08,8.213797569274902
2017-08-09,8.119969367980957
2017-08-10,8.213797569274902
2017-08-11,8.011701583862305
2017-08-14,8.018919944763184
2017-08-15,8.011701583862305
2017-08-16,8.069445610046387
2017-08-17,7.946742534637451
2017-08-18,7.990046977996826
2017-08-21,8.1055326461792
2017-08-22,8.192145347595215
2017-08-23,8.192145347595215
2017-08-24,8.228235244750977
2017-08-25,8.249887466430664
2017-08-28,8.076658248901367
2017-08-29,8.062226295471191
2017-08-30,7.98283052444458
2017-08-31,7.968395709991455
2017-09-01,8.026138305664062
2017-09-05,8.004484176635742
2017-09-06,8.018919944763184
2017-09-07,8.0477933883667
2017-09-08,8.091097831726074
2017-09-11,8.221015930175781
2017-09-12,8.112751960754395
2017-09-13,8.1055326461792
2017-09-14,8.12718677520752
2017-09-15,8.192145347595215
2017-09-18,8.134405136108398
2017-09-19,8.17771053314209
2017-09-20,8.141618728637695
2017-09-21,8.033356666564941
2017-09-22,8.018919944763184
2017-09-25,8.091097831726074
2017-09-26,8.055008888244629
2017-09-27,8.033356666564941
2017-09-28,7.997265815734863
2017-09-29,7.953963279724121
2017-10-02,8.004484176635742
2017-10-03,8.076658248901367
2017-10-04,8.141618728637695
2017-10-05,8.148838996887207
2017-10-06,8.076658248901367
2017-10-09,8.083878517150879
2017-10-10,8.119969367980957
2017-10-11,8.134405136108398
2017-10-12,8.09831714630127
2017-10-13,8.119969367980957
2017-10-16,8.134405136108398
2017-10-17,8.076658248901367
2017-10-18,8.033356666564941
2017-10-19,8.148838996887207
2017-10-20,8.033356666564941
2017-10-23,8.033356666564941
2017-10-24,7.932307243347168
2017-10-25,7.867347240447998
2017-10-26,7.838475227355957
2017-10-27,7.780734539031982
2017-10-30,7.751864910125732
2017-10-31,7.7591633796691895
2017-11-01,7.715367794036865
2017-11-02,7.875949859619141
2017-11-03,7.656972885131836
2017-11-06,7.554781913757324
2017-11-07,7.671571731567383
2017-11-08,7.671571731567383
2017-11-09,7.518287181854248
2017-11-10,7.467187881469727
2017-11-13,7.897851467132568
2017-11-14,7.91244649887085
2017-11-15,7.934345722198486
2017-11-16,7.861353874206543
2017-11-17,7.744563579559326
2017-11-20,7.737265110015869
2017-11-21,7.7591633796691895
2017-11-22,7.795656681060791
2017-11-24,7.8029608726501465
2017-11-27,7.839455604553223
2017-11-28,7.715367794036865
2017-11-29,7.744563579559326
2017-11-30,7.7226667404174805
2017-12-01,7.788359642028809
2017-12-04,7.861353874206543
2017-12-05,7.824857234954834
2017-12-06,7.905146598815918
2017-12-07,7.810257434844971
2017-12-08,7.8540544509887695
2017-12-11,7.927046298980713
2017-12-12,7.824857234954834
2017-12-13,7.773762226104736
2017-12-14,7.7591633796691895
2017-12-15,7.883249759674072
2017-12-18,7.992738723754883
2017-12-19,7.773762226104736
2017-12-20,7.7226667404174805
2017-12-21,7.751863956451416
2017-12-22,7.8175554275512695
2017-12-26,7.7664618492126465
2017-12-27,7.788359642028809
2017-12-28,7.8540544509887695
2017-12-29,7.905146598815918
2018-01-02,7.941646575927734
2018-01-03,7.934345722198486
2018-01-04,7.905146598815918
2018-01-05,7.934345722198486
2018-01-08,7.934345722198486
2018-01-09,7.8540544509887695
2018-01-10,7.86865234375
2018-01-11,8.00003719329834
2018-01-12,8.05843448638916
2018-01-16,7.795656681060791
2018-01-17,7.824857234954834
2018-01-18,8.416102409362793
2018-01-19,8.57668399810791
2018-01-22,8.306609153747559
2018-01-23,8.33580493927002
2018-01-24,8.146025657653809
2018-01-25,8.38690185546875
2018-01-26,8.55478572845459
2018-01-29,8.620479583740234
2018-01-30,8.474492073059082
2018-01-31,8.533550262451172
2018-02-01,8.496639251708984
2018-02-02,8.208744049072266
2018-02-05,7.824882507324219
2018-02-06,7.810118675231934
2018-02-07,7.736297607421875
2018-02-08,7.426255226135254
2018-02-09,7.529603958129883
2018-02-12,7.5812788009643555
2018-02-13,7.618185997009277
2018-02-14,7.5812788009643555
2018-02-15,7.765824317932129
2018-02-16,7.714151859283447
2018-02-20,7.677241802215576
2018-02-21,7.551746845245361
2018-02-22,7.603421688079834
2018-02-23,7.743680953979492
2018-02-26,7.714151859283447
2018-02-27,8.282563209533691
2018-02-28,8.024195671081543
2018-03-01,8.090632438659668
2018-03-02,8.016812324523926
2018-03-05,8.105395317077637
2018-03-06,8.068485260009766
2018-03-07,7.972519397735596
2018-03-08,8.002047538757324
2018-03-09,8.009431838989258
2018-03-12,7.928228378295898
2018-03-13,7.876555919647217
2018-03-14,7.8986992835998535
2018-03-15,7.891320705413818
2018-03-16,8.002047538757324
2018-03-19,7.950375556945801
2018-03-20,7.906083583831787
2018-03-21,7.972519397735596
2018-03-22,7.9872870445251465
2018-03-23,7.913468837738037
2018-03-26,8.002047538757324
2018-03-27,8.08324909210205
2018-03-28,8.289944648742676
2018-03-29,8.393291473388672
2018-04-02,8.393291473388672
2018-04-03,8.4892578125
2018-04-04,8.408056259155273
2018-04-05,8.4892578125
2018-04-06,8.43020248413086
2018-04-09,8.408056259155273
2018-04-10,8.437585830688477
2018-04-11,8.43020248413086
2018-04-12,8.334238052368164
2018-04-13,8.371147155761719
2018-04-16,8.540931701660156
2018-04-17,8.666424751281738
2018-04-18,8.673808097839355
2018-04-19,8.673808097839355
2018-04-20,8.577842712402344
2018-04-23,8.755009651184082
2018-04-24,8.858353614807129
2018-04-25,8.880501747131348
2018-04-26,8.983848571777344
2018-04-27,9.087198257446289
2018-04-30,9.131961822509766
2018-05-01,9.109580993652344
2018-05-02,9.09465503692627
2018-05-03,9.176725387573242
2018-05-04,9.19910717010498
2018-05-07,9.228952407836914
2018-05-08,8.75146198272705
2018-05-09,9.005128860473633
2018-05-10,9.184186935424805
2018-05-11,9.169266700744629
2018-05-14,9.214030265808105
2018-05-15,9.176725387573242
2018-05-16,9.161805152893066
2018-05-17,8.990208625793457
2018-05-18,8.900679588317871
2018-05-21,8.997668266296387
2018-05-22,9.102120399475098
2018-05-23,9.09465503692627
2018-05-24,9.243873596191406
2018-05-25,9.258793830871582
2018-05-29,9.258793830871582
2018-05-30,9.452775955200195
2018-05-31,9.51246166229248
2018-06-01,9.542306900024414
2018-06-04,9.646754264831543
2018-06-05,9.646754264831543
2018-06-06,9.333402633666992
2018-06-07,9.490078926086426
2018-06-08,9.527384757995605
2018-06-11,9.572148323059082
2018-06-12,9.728822708129883
2018-06-13,9.795969009399414
2018-06-14,9.833273887634277
2018-06-15,9.751204490661621
2018-06-18,9.751204490661621
2018-06-19,9.758663177490234
2018-06-20,9.646754264831543
2018-06-21,9.616910934448242
2018-06-22,9.59453010559082
2018-06-25,9.601987838745117
2018-06-26,9.855655670166016
2018-06-27,9.878037452697754
2018-06-28,10.079477310180664
2018-06-29,10.004870414733887
2018-07-02,9.803431510925293
2018-07-03,9.706441879272461
2018-07-05,9.67659854888916
2018-07-06,9.698976516723633
2018-07-09,9.422930717468262
2018-07-10,9.579606056213379
2018-07-11,9.72136116027832
2018-07-12,9.77358627319336
2018-07-13,9.833273887634277
2018-07-16,9.795969009399414
2018-07-17,9.587064743041992
2018-07-18,9.497536659240723
2018-07-19,9.72136116027832
2018-07-20,9.72136116027832
2018-07-23,9.751204490661621
2018-07-24,9.781048774719238
2018-07-25,9.99740982055664
2018-07-26,9.99740982055664
2018-07-27,9.975028038024902
2018-07-30,9.92280387878418
2018-07-31,9.96756362915039
2018-08-01,10.049633979797363
2018-08-02,10.20783519744873
2018-08-03,10.31330394744873
2018-08-06,10.411240577697754
2018-08-07,10.268104553222656
2018-08-08,10.509177207946777
2018-08-09,10.350973129272461
2018-08-10,10.215371131896973
2018-08-13,10.079766273498535
2018-08-14,10.170172691345215
2018-08-15,10.16263484954834
2018-08-16,10.448908805847168
2018-08-17,10.501639366149902
2018-08-20,10.516709327697754
2018-08-21,10.52424144744873
2018-08-22,10.539310455322266
2018-08-23,10.554377555847168
2018-08-24,10.554377555847168
2018-08-27,10.516709327697754
2018-08-28,10.479042053222656
2018-08-29,10.554377555847168
2018-08-30,10.47150707244873
2018-08-31,10.140035629272461
2018-09-04,9.906498908996582
2018-09-05,10.102367401123047
2018-09-06,10.00443172454834
2018-09-07,9.876364707946777
2018-09-10,9.959233283996582
2018-09-11,9.85376262664795
2018-09-12,9.966764450073242
2018-09-13,10.132501602172852
2018-09-14,10.20783519744873
2018-09-17,10.275639533996582
2018-09-18,10.358505249023438
2018-09-19,10.237975120544434
2018-09-20,10.403707504272461
2018-09-21,10.516709327697754
2018-09-24,10.36603832244873
2018-09-25,10.320838928222656
2018-09-26,10.253036499023438
2018-09-27,10.320838928222656
2018-09-28,10.546842575073242
2018-10-01,10.58450984954834
2018-10-02,10.870782852172852
2018-10-03,10.946118354797363
2018-10-04,10.931048393249512
2018-10-05,11.044052124023438
2018-10-08,11.126917839050293
2018-10-09,11.16458797454834
2018-10-10,11.134450912475586
2018-10-11,10.878314971923828
2018-10-12,11.036517143249512
2018-10-15,11.179656028747559
2018-10-16,11.571393013000488
2018-10-17,11.360455513000488
2018-10-18,11.149518013000488
2018-10-19,11.285120964050293
2018-10-22,11.307722091674805
2018-10-23,11.089252471923828
2018-10-24,11.051582336425781
2018-10-25,11.081718444824219
2018-10-26,10.96118450164795
2018-10-29,10.938580513000488
2018-10-30,11.16458797454834
2018-10-31,11.080986022949219
2018-11-01,11.20258903503418
2018-11-02,11.096183776855469
2018-11-05,11.453391075134277
2018-11-06,12.167804718017578
2018-11-07,11.85619831085205
2018-11-08,11.90939712524414
2018-11-09,11.795398712158203
2018-11-12,11.795398712158203
2018-11-13,11.711795806884766
2018-11-14,11.582594871520996
2018-11-15,11.719396591186523
2018-11-16,11.787796020507812
2018-11-19,11.688995361328125
2018-11-20,11.324187278747559
2018-11-21,11.453391075134277
2018-11-23,11.400190353393555
2018-11-26,11.70419692993164
2018-11-27,11.56739330291748
2018-11-28,11.787796020507812
2018-11-29,11.734596252441406
2018-11-30,11.772595405578613
2018-12-03,11.85619831085205
2018-12-04,11.749796867370605
2018-12-06,11.742194175720215
2018-12-07,11.802995681762695
2018-12-10,11.98539924621582
2018-12-11,11.96259880065918
2018-12-12,12.076602935791016
2018-12-13,11.993000030517578
2018-12-14,12.122204780578613
2018-12-17,11.308987617492676
2018-12-18,11.384991645812988
2018-12-19,11.20258903503418
2018-12-20,11.164587020874023
2018-12-21,10.982182502746582
2018-12-24,10.503373146057129
2018-12-26,10.852981567382812
2018-12-27,10.860580444335938
2018-12-28,10.845379829406738
2018-12-31,10.989786148071289
2019-01-02,10.776981353759766
2019-01-03,10.769379615783691
2019-01-04,11.126585006713867
2019-01-07,11.179786682128906
2019-01-08,11.438192367553711
2019-01-09,11.41539192199707
2019-01-10,11.65859603881836
2019-01-11,11.696593284606934
2019-01-14,11.430590629577637
2019-01-15,11.734596252441406
2019-01-16,11.787796020507812
2019-01-17,11.772595405578613
2019-01-18,11.818199157714844
2019-01-22,11.86379623413086
2019-01-23,12.061400413513184
2019-01-24,12.08420181274414
2019-01-25,12.069002151489258
2019-01-28,12.061400413513184
2019-01-29,12.183004379272461
2019-01-30,12.380607604980469
2019-01-31,12.562256813049316
2019-02-01,12.78453254699707
2019-02-04,12.899497032165527
2019-02-05,12.991475105285645
2019-02-06,13.014467239379883
2019-02-07,13.114107131958008
2019-02-08,13.1984224319458
2019-02-11,13.15242862701416
2019-02-12,13.16776180267334
2019-02-13,13.060456275939941
2019-02-14,13.075788497924805
2019-02-15,12.968480110168457
2019-02-19,13.16776180267334
2019-02-20,13.144769668579102
2019-02-21,13.275064468383789
2019-02-22,13.436019897460938
2019-02-25,13.282726287841797
2019-02-26,13.25207233428955
2019-02-27,13.15242862701416
2019-02-28,13.206080436706543
2019-03-01,13.413028717041016
2019-03-04,13.121772766113281
2019-03-05,13.351710319519043
2019-03-06,13.474346160888672
2019-03-07,13.543327331542969
2019-03-08,13.566322326660156
2019-03-11,13.773262023925781
2019-03-12,13.88823127746582
2019-03-13,13.88823127746582
2019-03-14,13.934216499328613
2019-03-15,14.033857345581055
2019-03-18,13.911221504211426
2019-03-19,13.673624038696289
2019-03-20,13.742607116699219
2019-03-21,14.010868072509766
2019-03-22,13.842245101928711
2019-03-25,13.980207443237305
2019-03-26,14.110504150390625
2019-03-27,13.987868309020996
2019-03-28,13.880566596984863
2019-03-29,13.857573509216309
2019-04-01,13.73493766784668
2019-04-02,13.803922653198242
2019-04-03,13.842245101928711
2019-04-04,13.796256065368652
2019-04-05,14.003196716308594
2019-04-08,13.788592338562012
2019-04-09,13.880566596984863
2019-04-10,13.842245101928711
2019-04-11,13.857573509216309
2019-04-12,13.8115873336792
2019-04-15,13.865238189697266
2019-04-16,13.665958404541016
2019-04-17,13.566322326660156
2019-04-18,13.581649780273438
2019-04-22,13.558655738830566
2019-04-23,13.60464096069336
2019-04-24,13.589314460754395
2019-04-25,13.482008934020996
2019-04-26,13.382369995117188
2019-04-29,13.1984224319458
2019-04-30,13.227006912231445
2019-05-01,13.057031631469727
2019-05-02,13.172922134399414
2019-05-03,13.080209732055664
2019-05-06,12.987497329711914
2019-05-07,12.77116870880127
2019-05-08,12.346235275268555
2019-05-09,12.454398155212402
2019-05-10,12.554838180541992
2019-05-13,12.446674346923828
2019-05-14,12.423494338989258
2019-05-15,12.531661033630371
2019-05-16,12.632098197937012
2019-05-17,12.624373435974121
2019-05-20,12.547110557556152
2019-05-21,12.647550582885742
2019-05-22,12.786619186401367
2019-05-23,12.9720458984375
2019-05-24,12.747989654541016
2019-05-28,12.624373435974121
2019-05-29,12.408042907714844
2019-05-30,12.276701927185059
2019-05-31,12.207165718078613
2019-06-03,12.307605743408203
2019-06-04,12.423494338989258
2019-06-05,12.740263938903809
2019-06-06,13.103388786315918
2019-06-07,12.902512550354004
2019-06-10,12.693906784057617
2019-06-11,12.655277252197266
2019-06-12,12.94886589050293
2019-06-13,13.026130676269531
2019-06-14,13.203826904296875
2019-06-17,13.002947807312012
2019-06-18,13.010673522949219
2019-06-19,12.802071571350098
2019-06-20,13.080209732055664
2019-06-21,12.94886589050293
2019-06-24,12.848424911499023
2019-06-25,12.863880157470703
2019-06-26,12.608920097351074
2019-06-27,12.778894424438477
2019-06-28,12.94886589050293
2019-07-01,12.956592559814453
2019-07-02,13.095662117004395
2019-07-03,13.35062313079834
2019-07-05,13.227006912231445
2019-07-08,13.250185012817383
2019-07-09,13.18065357208252
2019-07-10,13.126568794250488
2019-07-11,13.103388786315918
2019-07-12,13.196100234985352
2019-07-15,13.250185012817383
2019-07-16,13.358349800109863
2019-07-17,13.63648509979248
2019-07-18,13.54377269744873
2019-07-19,13.304266929626465
2019-07-22,13.18065357208252
2019-07-23,13.002947807312012
2019-07-24,13.033852577209473
2019-07-25,13.06475830078125
2019-07-26,13.087936401367188
2019-07-29,13.18065357208252
2019-07-30,13.250185012817383
2019-07-31,13.076504707336426
2019-08-01,13.473706245422363
2019-08-02,13.107656478881836
2019-08-05,12.710456848144531
2019-08-06,12.227581024169922
2019-08-07,12.20422077178955
2019-08-08,12.344408988952637
2019-08-09,12.126338005065918
2019-08-12,11.869321823120117
2019-08-13,11.81480598449707
2019-08-14,11.518851280212402
2019-08-15,11.503275871276855
2019-08-16,11.838168144226074
2019-08-19,11.962782859802246
2019-08-20,11.83038330078125
2019-08-21,11.931629180908203
2019-08-22,11.838168144226074
2019-08-23,11.518851280212402
2019-08-26,11.557792663574219
2019-08-27,11.378660202026367
2019-08-28,11.573369026184082
2019-08-29,11.77586555480957
2019-08-30,11.93941593170166
2019-09-03,11.947206497192383
2019-09-04,11.908262252807617
2019-09-05,12.0250883102417
2019-09-06,11.923842430114746
2019-09-09,11.705767631530762
2019-09-10,11.822593688964844
2019-09-11,12.110759735107422
2019-09-12,12.20422077178955
2019-09-13,12.297677040100098
2019-09-16,12.46123218536377
2019-09-17,12.37556266784668
2019-09-18,12.50016975402832
2019-09-19,12.42229175567627
2019-09-20,12.531326293945312
2019-09-23,12.655938148498535
2019-09-24,12.593632698059082
2019-09-25,12.55469036102295
2019-09-26,12.632573127746582
2019-09-27,12.702669143676758
2019-09-30,12.726032257080078
2019-10-01,12.648149490356445
2019-10-02,12.227581024169922
2019-10-03,12.305464744567871
2019-10-04,12.484597206115723
2019-10-07,12.344408988952637
2019-10-08,12.079606056213379
2019-10-09,12.102970123291016
2019-10-10,12.32104206085205
2019-10-11,12.469019889831543
2019-10-14,12.453442573547363
2019-10-15,12.476807594299316
2019-10-16,12.562479019165039
2019-10-17,12.648149490356445
2019-10-18,12.757185935974121
2019-10-21,12.80391788482666
2019-10-22,13.162175178527832
2019-10-23,13.34130573272705
2019-10-24,13.146599769592285
2019-10-25,13.084294319152832
2019-10-28,13.224479675292969
2019-10-29,13.310154914855957
2019-10-30,13.403611183166504
2019-10-31,13.385554313659668
2019-11-01,13.74669075012207
2019-11-04,13.676033973693848
2019-11-05,13.495465278625488
2019-11-06,13.880148887634277
2019-11-07,13.79379940032959
2019-11-08,13.848751068115234
2019-11-11,14.076425552368164
2019-11-12,14.178483009338379
2019-11-13,14.249135971069336
2019-11-14,14.453258514404297
2019-11-15,14.484661102294922
2019-11-18,14.51606559753418
2019-11-19,14.50821590423584
2019-11-20,14.602421760559082
2019-11-21,14.52391529083252
2019-11-22,14.782992362976074
2019-11-25,14.743736267089844
2019-11-26,14.72018814086914
2019-11-27,14.830095291137695
2019-11-29,14.84580135345459
2019-12-02,14.853644371032715
2019-12-03,14.79084300994873
2019-12-04,14.837947845458984
2019-12-05,14.767292976379395
2019-12-06,14.696632385253906
2019-12-09,14.75158977508545
2019-12-10,15.018513679504395
2019-12-11,14.84580135345459
2019-12-12,14.861499786376953
2019-12-13,14.853644371032715
2019-12-16,15.206932067871094
2019-12-17,14.853644371032715
2019-12-18,15.049914360046387
2019-12-19,15.348243713378906
2019-12-20,15.552364349365234
2019-12-23,15.56021785736084
2019-12-24,15.513116836547852
2019-12-26,15.646581649780273
2019-12-27,15.685835838317871
2019-12-30,15.73293685913086
2019-12-31,15.623018264770508
2020-01-02,15.725088119506836
2020-01-03,15.544517517089844
2020-01-06,15.725088119506836
2020-01-07,15.780036926269531
2020-01-08,15.748639106750488
2020-01-09,15.90565299987793
2020-01-10,15.842845916748047
2020-01-13,15.944901466369629
2020-01-14,16.01556396484375
2020-01-15,16.062664031982422
2020-01-16,16.149023056030273
2020-01-17,16.094070434570312
2020-01-21,16.07051658630371
2020-01-22,16.01556396484375
2020-01-23,16.141172409057617
2020-01-24,15.999858856201172
2020-01-27,15.764339447021484
2020-01-28,15.842845916748047
2020-01-29,15.952754974365234
2020-01-30,15.955130577087402
2020-01-31,15.702130317687988
2020-02-03,16.05790901184082
2020-02-04,16.295101165771484
2020-02-05,16.413698196411133
2020-02-06,16.271385192871094
2020-02-07,16.208131790161133
2020-02-10,16.223949432373047
2020-02-11,16.437419891357422
2020-02-12,16.571826934814453
2020-02-13,16.46904182434082
2020-02-14,16.548105239868164
2020-02-18,16.627174377441406
2020-02-19,16.532297134399414
2020-02-20,16.445323944091797
2020-02-21,16.405790328979492
2020-02-24,16.010473251342773
2020-02-25,15.322616577148438
2020-02-26,14.777074813842773
2020-02-27,14.46081829071045
2020-02-28,13.2274169921875
2020-03-02,14.40546989440918
2020-03-03,13.780864715576172
2020-03-04,14.097123146057129
2020-03-05,13.2274169921875
2020-03-06,13.29857349395752
2020-03-09,11.527539253234863
2020-03-10,12.02564525604248
2020-03-11,11.195470809936523
2020-03-12,9.630002975463867
2020-03-13,10.278326988220215
2020-03-16,8.689140319824219
2020-03-17,9.139806747436523
2020-03-18,7.558525562286377
2020-03-19,8.689140319824219
2020-03-20,9.384902954101562
2020-03-23,9.384902954101562
2020-03-24,10.009509086608887
2020-03-25,10.136012077331543
2020-03-26,10.673649787902832
2020-03-27,10.634116172790527
2020-03-30,10.800150871276855
2020-03-31,10.752713203430176
2020-04-01,10.120199203491211
2020-04-02,10.309953689575195
2020-04-03,9.67743968963623
2020-04-06,10.768526077270508
2020-04-07,10.460174560546875
2020-04-08,11.171751976013184
2020-04-09,11.638229370117188
2020-04-13,11.219189643859863
2020-04-14,11.076875686645508
2020-04-15,10.033227920532227
2020-04-16,9.614191055297852
2020-04-17,10.373205184936523
2020-04-20,10.04113483428955
2020-04-21,9.85137939453125
2020-04-22,10.025324821472168
2020-04-23,10.033227920532227
2020-04-24,10.16763687133789
2020-04-27,10.499709129333496
2020-04-28,10.7764310836792
2020-04-29,11.321972846984863
2020-04-30,10.581658363342285
2020-05-01,10.334083557128906
2020-05-04,10.230266571044922
2020-05-05,10.421934127807617
2020-05-06,10.00665283203125
2020-05-07,9.679221153259277
2020-05-08,10.278182983398438
2020-05-11,9.902833938598633
2020-05-12,9.958736419677734
2020-05-13,9.271927833557129
2020-05-14,9.439637184143066
2020-05-15,9.383733749389648
2020-05-18,10.413948059082031
2020-05-19,10.230266571044922
2020-05-20,10.35804271697998
2020-05-21,9.830957412719727
2020-05-22,9.775053977966309
2020-05-26,10.28617000579834
2020-05-27,10.198322296142578
2020-05-28,10.294156074523926
2020-05-29,9.974708557128906
2020-06-01,10.022625923156738
2020-06-02,10.469852447509766
2020-06-03,10.885130882263184
2020-06-04,11.052842140197754
2020-06-05,11.420202255249023
2020-06-08,11.955275535583496
2020-06-09,11.052842140197754
2020-06-10,10.517767906188965
2020-06-11,9.743110656738281
2020-06-12,10.118460655212402
2020-06-15,10.28617000579834
2020-06-16,10.909089088439941
2020-06-17,10.70943546295166
2020-06-18,10.733394622802734
2020-06-19,10.653531074523926
2020-06-22,11.164647102355957
2020-06-23,11.052842140197754
2020-06-24,11.052842140197754
2020-06-25,11.084785461425781
2020-06-26,10.980963706970215
2020-06-29,11.452146530151367
2020-06-30,11.571940422058105
2020-07-01,11.508050918579102
2020-07-02,11.56395435333252
2020-07-06,11.555968284606934
2020-07-07,11.292426109313965
2020-07-08,11.532010078430176
2020-07-09,11.116729736328125
2020-07-10,11.468120574951172
2020-07-13,11.691733360290527
2020-07-14,11.787566184997559
2020-07-15,12.035138130187988
2020-07-16,11.883401870727539
2020-07-17,12.482362747192383
2020-07-20,12.186874389648438
2020-07-21,12.314653396606445
2020-07-22,12.458405494689941
2020-07-23,12.522294044494629
2020-07-24,12.298680305480957
2020-07-27,12.178888320922852
2020-07-28,12.138957023620605
2020-07-29,12.426460266113281
2020-07-30,12.314653396606445
2020-07-31,12.276765823364258
2020-08-03,12.18809700012207
2020-08-04,12.470230102539062
2020-08-05,12.413803100585938
2020-08-06,13.340805053710938
2020-08-07,13.83252239227295
2020-08-10,14.179140090942383
2020-08-11,13.68742561340332
2020-08-12,13.913127899169922
2020-08-13,14.340362548828125
2020-08-14,14.163020133972168
2020-08-17,14.24362850189209
2020-08-18,14.300056457519531
2020-08-19,14.203325271606445
2020-08-20,14.469332695007324
2020-08-21,14.525761604309082
2020-08-24,14.566067695617676
2020-08-25,14.420966148376465
2020-08-26,14.29198932647705
2020-08-27,14.437091827392578
2020-08-28,14.42902660369873
2020-08-31,14.308115005493164
2020-09-01,14.437091827392578
2020-09-02,14.654738426208496
2020-09-03,14.259750366210938
2020-09-04,14.163020133972168
2020-09-08,14.03404426574707
2020-09-09,14.138833045959473
2020-09-10,13.993739128112793
2020-09-11,14.348422050476074
2020-09-14,14.469332695007324
2020-09-15,14.340362548828125
2020-09-16,14.558005332946777
2020-09-17,14.856261253356934
2020-09-18,15.14645004272461
2020-09-21,14.799833297729492
2020-09-22,14.70310115814209
2020-09-23,14.316177368164062
2020-09-24,14.477394104003906
2020-09-25,14.501580238342285
2020-09-28,14.404844284057617
2020-09-29,14.509638786315918
2020-09-30,14.598309516906738
2020-10-01,14.445155143737793
2020-10-02,14.944930076599121
2020-10-05,14.977171897888184
2020-10-06,15.041656494140625
2020-10-07,15.114209175109863
2020-10-08,15.67040729522705
2020-10-09,15.57367992401123
2020-10-12,15.73489761352539
2020-10-13,15.759075164794922
2020-10-14,15.823566436767578
2020-10-15,16.008968353271484
2020-10-16,16.041213989257812
2020-10-19,16.041213989257812
2020-10-20,16.1218204498291
2020-10-21,16.29109764099121
2020-10-22,16.452314376831055
2020-10-23,16.645776748657227
2020-10-26,16.589353561401367
2020-10-27,16.395891189575195
2020-10-28,15.718775749206543
2020-10-29,15.859260559082031
2020-10-30,15.834897994995117
2020-11-02,16.240921020507812
2020-11-03,16.460176467895508
2020-11-04,16.192201614379883
2020-11-05,17.028602600097656
2020-11-06,16.573856353759766
2020-11-09,17.028602600097656
2020-11-10,16.906797409057617
2020-11-11,17.288461685180664
2020-11-12,16.67943000793457
2020-11-13,16.947406768798828
2020-11-16,17.320940017700195
2020-11-17,17.337182998657227
2020-11-18,17.35342788696289
2020-11-19,16.955520629882812
2020-11-20,16.581981658935547
2020-11-23,16.61446189880371
2020-11-24,17.174774169921875
2020-11-25,17.036725997924805
2020-11-27,17.08544921875
2020-11-30,16.598222732543945
2020-12-01,16.728153228759766
2020-12-02,17.182893753051758
2020-12-03,17.182893753051758
2020-12-04,17.10980987548828
2020-12-07,16.947406768798828
2020-12-08,17.20725440979004
2020-12-09,16.931156158447266
2020-12-10,16.931156158447266
2020-12-11,17.174774169921875
2020-12-14,17.29658317565918
2020-12-15,18.092388153076172
2020-12-16,17.783809661865234
2020-12-17,17.938100814819336
2020-12-18,18.303516387939453
2020-12-21,18.36848258972168
2020-12-22,18.5308895111084
2020-12-23,19.074960708618164
2020-12-24,18.896312713623047
2020-12-28,18.920671463012695
2020-12-29,18.92879295349121
2020-12-30,18.4984073638916
2020-12-31,19.083086013793945
2021-01-04,18.8719482421875
2021-01-05,19.505346298217773
2021-01-06,20.284914016723633
2021-01-07,20.081899642944336
2021-01-08,20.6422119140625
2021-01-11,20.674692153930664
2021-01-12,21.12943458557129
2021-01-13,21.82779312133789
2021-01-14,22.290664672851562
2021-01-15,22.4124755859375
2021-01-19,22.786008834838867
2021-01-20,22.753530502319336
2021-01-21,22.152618408203125
2021-01-22,22.00644874572754
2021-01-25,21.29996681213379
2021-01-26,19.9438533782959
2021-01-27,18.644575119018555
2021-01-28,20.067703247070312
2021-01-29,19.936922073364258
2021-02-01,20.280241012573242
2021-02-02,21.048612594604492
2021-02-03,21.130359649658203
2021-02-04,21.39193344116211
2021-02-05,21.955955505371094
2021-02-08,22.626239776611328
2021-02-09,22.814239501953125
2021-02-10,22.59354019165039
2021-02-11,22.8878116607666
2021-02-12,23.3210506439209
2021-02-16,23.631669998168945
2021-02-17,23.509057998657227
2021-02-18,22.732501983642578
2021-02-19,23.141218185424805
2021-02-22,22.070396423339844
2021-02-23,22.25022315979004
2021-02-24,22.8878116607666
2021-02-25,21.539072036743164
2021-02-26,21.71072769165039
2021-03-01,22.070396423339844
2021-03-02,21.915082931518555
2021-03-03,21.980478286743164
2021-03-04,21.15488052368164
2021-03-05,21.244796752929688
2021-03-08,21.48185157775879
2021-03-09,22.503623962402344
2021-03-10,22.470930099487305
2021-03-11,23.034950256347656
2021-03-12,23.25565528869629
2021-03-15,23.296525955200195
2021-03-16,22.797901153564453
2021-03-17,21.94778060913086
2021-03-18,21.252967834472656
2021-03-19,21.50636863708496
2021-03-22,21.220272064208984
2021-03-23,20.90965461730957
2021-03-24,20.966873168945312
2021-03-25,21.351064682006836
2021-03-26,21.514545440673828
2021-03-29,21.310192108154297
2021-03-30,21.97230339050293
2021-03-31,21.915082931518555
2021-04-01,22.12761116027832
2021-04-05,22.348312377929688
2021-04-06,22.740680694580078
2021-04-07,22.143959045410156
2021-04-08,22.626239776611328
2021-04-09,22.658935546875
2021-04-12,22.626239776611328
2021-04-13,23.08399772644043
2021-04-14,23.190263748168945
2021-04-15,23.3210506439209
2021-04-16,23.402788162231445
2021-04-19,23.165740966796875
2021-04-20,23.09217071533203
2021-04-21,23.206613540649414
2021-04-22,23.149391174316406
2021-04-23,23.133041381835938
2021-04-26,23.059476852416992
2021-04-27,22.72433090209961
2021-04-28,22.86329460144043
2021-04-29,22.92986488342285
2021-04-30,22.864116668701172
2021-05-03,22.477840423583984
2021-05-04,21.951847076416016
2021-05-05,21.754600524902344
2021-05-06,20.916309356689453
2021-05-07,21.19573974609375
2021-05-10,21.146425247192383
2021-05-11,20.825902938842773
2021-05-12,20.234167098999023
2021-05-13,20.086231231689453
2021-05-14,20.850561141967773
2021-05-17,20.686189651489258
2021-05-18,20.45606803894043
2021-05-19,20.497159957885742
2021-05-20,20.834117889404297
2021-05-21,20.842342376708984
2021-05-24,21.12177085876465
2021-05-25,20.825902938842773
2021-05-26,20.92452621459961
2021-05-27,20.825902938842773
2021-05-28,20.883432388305664
2021-06-01,21.064237594604492
2021-06-02,20.702625274658203
2021-06-03,20.604000091552734
2021-06-04,20.51359748840332
2021-06-07,20.809463500976562
2021-06-08,20.809463500976562
2021-06-09,20.71084213256836
2021-06-10,20.85877799987793
2021-06-11,21.26970672607422
2021-06-14,21.154645919799805
2021-06-15,21.417638778686523
2021-06-16,21.146425247192383
2021-06-17,21.42586326599121
2021-06-18,20.661529541015625
2021-06-21,21.491613388061523
2021-06-22,21.154645919799805
2021-06-23,21.25326919555664
2021-06-24,21.343677520751953
2021-06-25,21.54914093017578
2021-06-28,21.803916931152344
2021-06-29,21.672420501708984
2021-06-30,21.42586326599121
2021-07-01,21.639541625976562
2021-07-02,21.49983024597168
2021-07-06,21.36832618713379
2021-07-07,21.3601131439209
2021-07-08,20.949182510375977
2021-07-09,21.146425247192383
2021-07-12,21.327238082885742
2021-07-13,20.480716705322266
2021-07-14,20.505382537841797
2021-07-15,20.201292037963867
2021-07-16,20.02048110961914
2021-07-19,19.37943458557129
2021-07-20,19.80680274963379
2021-07-21,20.02048110961914
2021-07-22,19.741050720214844
2021-07-23,19.64242935180664
2021-07-26,19.724611282348633
2021-07-27,19.979387283325195
2021-07-28,19.905420303344727
2021-07-29,19.946510314941406
2021-07-30,19.600000381469727
2021-08-02,19.492488861083984
2021-08-03,19.78193473815918
2021-08-04,19.550376892089844
2021-08-05,20.55105209350586
2021-08-06,20.344303131103516
2021-08-09,19.988698959350586
2021-08-10,20.12928009033203
2021-08-11,20.584131240844727
2021-08-12,20.766077041625977
2021-08-13,20.501434326171875
2021-08-16,20.145824432373047
2021-08-17,19.922534942626953
2021-08-18,19.649621963500977
2021-08-19,19.550376892089844
2021-08-20,20.112743377685547
2021-08-23,20.054847717285156
2021-08-24,20.01350212097168
2021-08-25,20.063119888305664
2021-08-26,19.74058723449707
2021-08-27,20.005229949951172
2021-08-30,19.930801391601562
2021-08-31,19.74058723449707
2021-09-01,19.947341918945312
2021-09-02,20.28641128540039
2021-09-03,20.37738037109375
2021-09-07,20.22025489807129
2021-09-08,19.972148895263672
2021-09-09,19.897716522216797
2021-09-10,19.65789031982422
2021-09-13,19.74058723449707
2021-09-14,19.699241638183594
2021-09-15,19.939069747924805
2021-09-16,20.079662322998047
2021-09-17,20.344303131103516
2021-09-20,19.78193473815918
2021-09-21,19.78193473815918
2021-09-22,19.575185775756836
2021-09-23,19.467676162719727
2021-09-24,19.384977340698242
2021-09-27,19.393245697021484
2021-09-28,19.070720672607422
2021-09-29,18.971473693847656
2021-09-30,18.88050651550293
2021-10-01,18.938396453857422
2021-10-04,18.888774871826172
2021-10-05,19.335357666015625
2021-10-06,19.368436813354492
2021-10-07,19.922534942626953
2021-10-08,19.90599250793457
2021-10-11,19.848100662231445
2021-10-12,19.864641189575195
2021-10-13,19.80674934387207
2021-10-14,20.079662322998047
2021-10-15,20.18717384338379
2021-10-18,19.724050521850586
2021-10-19,19.972148895263672
2021-10-20,20.69991111755371
2021-10-21,20.501434326171875
2021-10-22,20.617216110229492
2021-10-25,20.81570053100586
2021-10-26,20.981098175048828
2021-10-27,21.22092628479004
2021-10-28,21.146501541137695
2021-10-29,20.782611846923828
2021-11-01,21.107929229736328
2021-11-02,21.107929229736328
2021-11-03,21.0496883392334
2021-11-04,20.899927139282227
2021-11-05,20.791763305664062
2021-11-08,19.89320182800293
2021-11-09,19.876564025878906
2021-11-10,20.051284790039062
2021-11-11,20.70024299621582
2021-11-12,20.567121505737305
2021-11-15,20.825042724609375
2021-11-16,20.850008010864258
2021-11-17,20.592084884643555
2021-11-18,20.359127044677734
2021-11-19,20.45064353942871
2021-11-22,20.75016975402832
2021-11-23,20.475608825683594
2021-11-24,20.567121505737305
2021-11-26,19.826644897460938
2021-11-29,19.65192413330078
2021-11-30,19.452241897583008
2021-12-01,19.61863899230957
2021-12-02,20.034643173217773
2021-12-03,19.768404006958008
2021-12-06,20.267606735229492
2021-12-07,20.650325775146484
2021-12-08,20.70024299621582
2021-12-09,20.425682067871094
2021-12-10,20.317522048950195
2021-12-13,19.901519775390625
2021-12-14,19.643606185913086
2021-12-15,20.076248168945312
2021-12-16,20.018001556396484
2021-12-17,20.04296875
2021-12-20,19.319122314453125
2021-12-21,19.7268009185791
2021-12-22,19.61032485961914
2021-12-23,19.593679428100586
2021-12-27,19.693523406982422
2021-12-28,19.751766204833984
2021-12-29,19.785043716430664
2021-12-30,20.10953140258789
2021-12-31,20.217687606811523
2022-01-03,20.284244537353516
2022-01-04,20.342487335205078
2022-01-05,19.410642623901367
2022-01-06,19.33576011657715
2022-01-07,19.219282150268555
2022-01-10,19.10279655456543
2022-01-11,19.418960571289062
2022-01-12,19.49384117126465
2022-01-13,19.3607234954834
2022-01-14,19.186002731323242
2022-01-18,18.79495620727539
2022-01-19,19.194318771362305
2022-01-20,19.46056365966797
2022-01-21,19.094482421875
2022-01-24,18.79495620727539
2022-01-25,18.445514678955078
2022-01-26,18.653518676757812
2022-01-27,18.36231803894043
2022-01-28,18.428878784179688
2022-01-31,18.586416244506836
2022-02-01,18.56966209411621
2022-02-02,18.69535255432129
2022-02-03,18.234468460083008
2022-02-04,18.360164642333984
2022-02-07,18.267982482910156
2022-02-08,18.846189498901367
2022-02-09,19.256799697875977
2022-02-10,18.7288761138916
2022-02-11,18.058488845825195
2022-02-14,17.983074188232422
2022-02-15,18.06686782836914
2022-02-16,18.343402862548828
2022-02-17,17.991453170776367
2022-02-18,17.815473556518555
2022-02-22,17.605981826782227
2022-02-23,17.220508575439453
2022-02-24,17.53055763244629
2022-02-25,17.689777374267578
2022-02-28,17.79033660888672
2022-03-01,17.321067810058594
2022-03-02,17.941171646118164
2022-03-03,17.983074188232422
2022-03-04,18.284744262695312
2022-03-07,18.326642990112305
2022-03-08,18.06686782836914
2022-03-09,18.40206527709961
2022-03-10,18.7288761138916
2022-03-11,18.603179931640625
2022-03-14,18.200946807861328
2022-03-15,18.720497131347656
2022-03-16,18.980262756347656
2022-03-17,19.61713409423828
2022-03-18,19.851768493652344
2022-03-21,19.675790786743164
2022-03-22,19.87690544128418
2022-03-23,19.60875701904297
2022-03-24,20.312658309936523
2022-03-25,20.42159652709961
2022-03-28,20.65622901916504
2022-03-29,21.326614379882812
2022-03-30,21.326614379882812
2022-03-31,21.561248779296875
2022-04-01,21.97186279296875
2022-04-04,21.921579360961914
2022-04-05,21.737224578857422
2022-04-06,21.351755142211914
2022-04-07,21.14226722717285
2022-04-08,20.80706787109375
2022-04-11,20.68975257873535
2022-04-12,20.488632202148438
2022-04-13,20.505395889282227
2022-04-14,20.455116271972656
2022-04-18,20.195341110229492
2022-04-19,20.463491439819336
2022-04-20,20.87410545349121
2022-04-21,19.281940460205078
2022-04-22,18.846189498901367
2022-04-25,18.50261878967285
2022-04-26,17.882511138916016
2022-04-27,17.681398391723633
2022-04-28,17.764142990112305
2022-04-29,17.240671157836914
2022-05-02,17.39264678955078
2022-05-03,17.49396514892578
2022-05-04,18.507125854492188
2022-05-05,18.008987426757812
2022-05-06,17.679712295532227
2022-05-09,16.936721801757812
2022-05-10,16.852291107177734
2022-05-11,16.852291107177734
2022-05-12,16.42169761657715
2022-05-13,17.088699340820312
2022-05-16,16.936721801757812
2022-05-17,17.527732849121094
2022-05-18,17.08025360107422
2022-05-19,17.45174789428711
2022-05-20,17.33354377746582
2022-05-23,17.840124130249023
2022-05-24,17.932998657226562
2022-05-25,18.09341812133789
2022-05-26,18.574674606323242
2022-05-27,18.937726974487305
2022-05-31,18.608440399169922
2022-06-01,18.47335433959961
2022-06-02,18.692873001098633
2022-06-03,18.80263328552246
2022-06-06,19.174123764038086
2022-06-07,19.15723991394043
2022-06-08,18.760417938232422
2022-06-09,18.194732666015625
2022-06-10,17.4686336517334
2022-06-13,16.34571075439453
2022-06-14,15.965774536132812
2022-06-15,16.50613021850586
2022-06-16,15.991106033325195
2022-06-17,16.252838134765625
2022-06-21,16.79319190979004
2022-06-22,17.09714126586914
2022-06-23,17.47707748413086
2022-06-24,18.084972381591797
2022-06-27,18.11030387878418
2022-06-28,17.890785217285156
2022-06-29,17.190011978149414
2022-06-30,17.738811492919922
2022-07-01,18.13563346862793
2022-07-05,17.882343292236328
2022-07-06,17.764142990112305
2022-07-07,18.07653045654297
2022-07-08,18.15251922607422
2022-07-11,17.98365592956543
2022-07-12,17.789466857910156
2022-07-13,17.654376983642578
2022-07-14,17.325103759765625
2022-07-15,17.181570053100586
2022-07-18,17.122472763061523
2022-07-19,17.409534454345703
2022-07-20,16.869176864624023
2022-07-21,16.810077667236328
2022-07-22,16.658103942871094
2022-07-25,16.886064529418945
2022-07-26,17.0042667388916
2022-07-27,17.181570053100586
2022-07-28,18.81107521057129
2022-07-29,18.894411087036133
2022-08-01,19.013456344604492
2022-08-02,18.902910232543945
2022-08-03,19.175020217895508
2022-08-04,19.557666778564453
2022-08-05,20.595075607299805
2022-08-08,20.29745864868164
2022-08-09,20.271947860717773
2022-08-10,20.77364730834961
2022-08-11,20.70561981201172
2022-08-12,21.164798736572266
2022-08-15,21.411394119262695
2022-08-16,21.309354782104492
2022-08-17,21.2668399810791
2022-08-18,22.125673294067383
2022-08-19,21.75153160095215
2022-08-22,21.232826232910156
2022-08-23,21.096771240234375
2022-08-24,21.743026733398438
2022-08-25,22.338260650634766
2022-08-26,21.794048309326172
2022-08-29,21.6664981842041
2022-08-30,21.63248634338379
2022-08-31,21.640987396240234
2022-09-01,21.98111915588379
2022-09-02,22.23621940612793
2022-09-06,22.151182174682617
2022-09-07,23.112062454223633
2022-09-08,23.273624420166016
2022-09-09,23.324644088745117
2022-09-12,23.460697174072266
2022-09-13,22.8144474029541
2022-09-14,22.984514236450195
2022-09-15,22.69540023803711
2022-09-16,22.0406436920166
2022-09-19,22.618871688842773
2022-09-20,22.015134811401367
2022-09-21,21.598468780517578
2022-09-22,21.28384780883789
2022-09-23,20.654598236083984
2022-09-26,19.52365493774414
2022-09-27,18.911415100097656
2022-09-28,19.583175659179688
2022-09-29,19.345083236694336
2022-09-30,19.2175350189209
2022-10-03,20.033855438232422
2022-10-04,21.487926483154297
2022-10-05,21.615476608276367
2022-10-06,21.598468780517578
2022-10-07,21.1903076171875
2022-10-10,21.164798736572266
2022-10-11,20.986228942871094
2022-10-12,20.51854705810547
2022-10-13,20.74813461303711
2022-10-14,19.821271896362305
2022-10-17,20.30596351623535
2022-10-18,20.74813461303711
2022-10-19,20.51854705810547
2022-10-20,19.9658260345459
2022-10-21,20.816160202026367
2022-10-24,20.918203353881836
2022-10-25,21.419898986816406
2022-10-26,21.640987396240234
2022-10-27,21.91309356689453
2022-10-28,22.499820709228516
2022-10-31,22.378347396850586
2022-11-01,22.53232765197754
2022-11-02,22.096050262451172
2022-11-03,22.404010772705078
2022-11-04,22.634979248046875
2022-11-07,22.908723831176758
2022-11-08,22.66064453125
2022-11-09,22.455337524414062
2022-11-10,24.140560150146484
2022-11-11,24.020795822143555
2022-11-14,23.550302505493164
2022-11-15,23.76416778564453
2022-11-16,23.918142318725586
2022-11-17,23.49897575378418
2022-11-18,23.661508560180664
2022-11-21,24.012239456176758
2022-11-22,24.020795822143555
2022-11-23,24.362974166870117
2022-11-25,24.47418212890625
2022-11-28,23.98657989501953
2022-11-29,24.174779891967773
2022-11-30,24.739368438720703
2022-12-01,24.568279266357422
2022-12-02,24.5255069732666
2022-12-05,24.268877029418945
2022-12-06,24.063570022583008
2022-12-07,23.93525505065918
2022-12-08,24.24321174621582
2022-12-09,24.397192001342773
2022-12-12,24.90190315246582
2022-12-13,25.038772583007812
2022-12-14,25.013107299804688
2022-12-15,24.559720993041992
2022-12-16,24.24321174621582
2022-12-19,24.12345314025879
2022-12-20,24.26032066345215
2022-12-21,24.585384368896484
2022-12-22,24.217548370361328
2022-12-23,24.534059524536133
2022-12-27,24.653823852539062
2022-12-28,24.226102828979492
2022-12-29,24.64527130126953
2022-12-30,24.60249900817871
2023-01-03,24.04646110534668
2023-01-04,23.336444854736328
2023-01-05,22.13027000427246
2023-01-06,22.609317779541016
2023-01-09,23.310781478881836
2023-01-10,23.293670654296875
2023-01-11,23.721393585205078
2023-01-12,23.68717384338379
2023-01-13,23.83260154724121
2023-01-17,23.610183715820312
2023-01-18,23.028486251831055
2023-01-19,22.78896141052246
2023-01-20,23.037038803100586
2023-01-23,23.019927978515625
2023-01-24,23.088363647460938
2023-01-25,23.105472564697266
2023-01-26,23.627290725708008
2023-01-27,23.071252822875977
2023-01-30,22.626428604125977
2023-01-31,23.59573745727539
2023-02-01,23.07062530517578
2023-02-02,22.829586029052734
2023-02-03,22.588550567626953
2023-02-06,22.562726974487305
2023-02-07,22.743499755859375
2023-02-08,22.519683837890625
2023-02-09,22.020395278930664
2023-02-10,22.476640701293945
2023-02-13,22.683244705200195
2023-02-14,22.631589889526367
2023-02-15,22.975929260253906
2023-02-16,22.70046043395996
2023-02-17,22.57994270324707
2023-02-21,22.01178741455078
2023-02-22,21.856830596923828
2023-02-23,21.856830596923828
2023-02-24,21.796573638916016
2023-02-27,21.417802810668945
2023-02-28,21.245635986328125
2023-03-01,21.202592849731445
2023-03-02,21.211198806762695
2023-03-03,21.60719108581543
2023-03-06,21.521102905273438
2023-03-07,21.099288940429688
2023-03-08,21.280065536499023
2023-03-09,20.9099063873291
2023-03-10,20.02323341369629
2023-03-13,19.713333129882812
2023-03-14,19.988800048828125
2023-03-15,19.842456817626953
2023-03-16,20.014625549316406
2023-03-17,19.27429962158203
2023-03-20,19.498119354248047
2023-03-21,19.773591995239258
2023-03-22,19.136566162109375
2023-03-23,18.904136657714844
2023-03-24,19.119346618652344
2023-03-27,19.455074310302734
2023-03-28,19.739158630371094
2023-03-29,20.195404052734375
2023-03-30,20.290098190307617
2023-03-31,20.729127883911133
2023-04-03,20.505306243896484
2023-04-04,20.505306243896484
2023-04-05,20.746341705322266
2023-04-06,21.004596710205078
2023-04-10,21.43501853942871
2023-04-11,21.822399139404297
2023-04-12,21.7879638671875
2023-04-13,21.9859619140625
2023-04-14,21.400583267211914
2023-04-17,20.944339752197266
2023-04-18,21.02181625366211
2023-04-19,21.090679168701172
2023-04-20,20.548349380493164
2023-04-21,20.66025733947754
2023-04-24,20.79799461364746
2023-04-25,20.548349380493164
2023-04-26,19.85106658935547
2023-04-27,20.290098190307617
2023-04-28,20.512033462524414
2023-05-01,20.07855987548828
2023-05-02,19.593069076538086
2023-05-03,19.463029861450195
2023-05-04,19.489036560058594
2023-05-05,19.653751373291016
2023-05-08,18.821481704711914
2023-05-09,19.306974411010742
2023-05-10,19.627744674682617
2023-05-11,19.098909378051758
2023-05-12,19.168262481689453
2023-05-15,19.064228057861328
2023-05-16,18.075904846191406
2023-05-17,18.1626033782959
2023-05-18,18.084575653076172
2023-05-19,18.041227340698242
2023-05-22,18.344663619995117
2023-05-23,17.997879028320312
2023-05-24,17.564401626586914
2023-05-25,17.295650482177734
2023-05-26,17.22629737854004
2023-05-30,17.252304077148438
2023-05-31,17.11359214782715
2023-06-01,17.234968185424805
2023-06-02,17.503719329833984
2023-06-05,17.408355712890625
2023-06-06,17.45170021057129
2023-06-07,17.928524017333984
2023-06-08,17.69445037841797
2023-06-09,17.417022705078125
2023-06-12,17.590412139892578
2023-06-13,18.058568954467773
2023-06-14,17.980541229248047
2023-06-15,18.630756378173828
2023-06-16,18.500709533691406
2023-06-20,18.214618682861328
2023-06-21,18.18861198425293
2023-06-22,18.12792205810547
2023-06-23,17.711790084838867
2023-06-26,17.954530715942383
2023-06-27,18.12792205810547
2023-06-28,17.512388229370117
2023-06-29,17.711790084838867
2023-06-30,17.97187042236328
2023-07-03,18.26663589477539
2023-07-05,18.5960750579834
2023-07-06,18.29264259338379
2023-07-07,18.283973693847656
2023-07-10,18.223285675048828
2023-07-11,18.55272674560547
2023-07-12,18.717451095581055
2023-07-13,18.925514221191406
2023-07-14,18.726118087768555
2023-07-17,18.535388946533203
2023-07-18,18.85616111755371
2023-07-19,19.159589767456055
2023-07-20,18.925514221191406
2023-07-21,19.497705459594727
2023-07-24,18.743457794189453
2023-07-25,18.96019744873047
2023-07-26,18.986202239990234
2023-07-27,18.535388946533203
2023-07-28,18.812814712524414
2023-07-31,18.896682739257812
2023-08-01,18.355030059814453
2023-08-02,18.38123893737793
2023-08-03,18.04051971435547
2023-08-04,17.15814971923828
2023-08-07,17.210569381713867
2023-08-08,17.140682220458984
2023-08-09,17.131946563720703
2023-08-10,17.131946563720703
2023-08-11,17.00089454650879
2023-08-14,16.616498947143555
2023-08-15,15.725394248962402
2023-08-16,16.08358383178711
2023-08-17,15.769076347351074
2023-08-18,15.734128952026367
2023-08-21,15.646768569946289
2023-08-22,15.690448760986328
2023-08-23,16.004953384399414
2023-08-24,15.480775833129883
2023-08-25,15.777809143066406
2023-08-28,15.655506134033203
2023-08-29,15.908855438232422
2023-08-30,15.917593002319336
2023-08-31,15.664240837097168
2023-09-01,15.629293441772461
2023-09-05,15.236162185668945
2023-09-06,15.227424621582031
2023-09-07,14.843025207519531
2023-09-08,15.087642669677734
2023-09-11,15.061433792114258
2023-09-12,14.877970695495605
2023-09-13,14.843025207519531
2023-09-14,15.19247817993164
2023-09-15,15.061433792114258
2023-09-18,14.921653747558594
2023-09-19,14.642088890075684
2023-09-20,14.668298721313477
2023-09-21,14.353792190551758
2023-09-22,13.943182945251465
2023-09-25,14.187800407409668
2023-09-26,13.855819702148438
2023-09-27,13.916974067687988
2023-09-28,12.99966049194336
2023-09-29,13.279220581054688
2023-10-02,12.37064266204834
2023-10-03,11.828990936279297
2023-10-04,11.531954765319824
2023-10-05,11.016511917114258
2023-10-06,10.876731872558594
2023-10-09,11.077669143676758
2023-10-10,11.357229232788086
2023-10-11,11.697945594787598
2023-10-12,11.400912284851074
2023-10-13,11.497010231018066
2023-10-16,11.977509498596191
2023-10-17,12.012453079223633
2023-10-18,12.117289543151855
2023-10-19,12.091081619262695
2023-10-20,12.082345008850098
2023-10-23,12.230860710144043
2023-10-24,12.693887710571289
2023-10-25,12.824932098388672
2023-10-26,13.017131805419922
2023-10-27,12.886087417602539
2023-10-30,13.060812950134277
2023-10-31,13.16329288482666
2023-11-01,13.119120597839355
2023-11-02,13.693358421325684
2023-11-03,14.833000183105469
2023-11-06,14.435450553894043
2023-11-07,14.258761405944824
2023-11-08,14.329440116882324
2023-11-09,13.808205604553223
2023-11-10,13.870047569274902
2023-11-13,13.728696823120117
2023-11-14,14.965517044067383
2023-11-15,15.02735710144043
2023-11-16,14.939011573791504
2023-11-17,15.02735710144043
2023-11-20,15.204046249389648
2023-11-21,14.788827896118164
2023-11-22,14.939011573791504
2023-11-24,14.956683158874512
2023-11-27,14.939011573791504
2023-11-28,15.168706893920898
2023-11-29,15.212878227233887
2023-11-30,15.204046249389648
2023-12-01,16.016813278198242
2023-12-04,15.884299278259277
2023-12-05,15.84896183013916
2023-12-06,15.84896183013916
2023-12-07,16.05215072631836
2023-12-08,16.09632110595703
2023-12-11,15.946137428283691
2023-12-12,16.087486267089844
2023-12-13,17.076942443847656
2023-12-14,17.34197425842285
2023-12-15,17.09461212158203
2023-12-18,16.803075790405273
2023-12-19,17.10344696044922
2023-12-20,16.228839874267578
2023-12-21,16.652889251708984
2023-12-22,16.873750686645508
2023-12-26,17.10344696044922
2023-12-27,17.03277015686035
2023-12-28,17.09461212158203
2023-12-29,17.006267547607422
2024-01-02,17.085779190063477
2024-01-03,16.72356605529785
2024-01-04,16.670557022094727
2024-01-05,16.608718872070312
2024-01-08,16.847248077392578
2024-01-09,16.661724090576172
2024-01-10,16.679391860961914
2024-01-11,15.928466796875
2024-01-12,16.290678024291992
2024-01-16,15.804784774780273
2024-01-17,15.371898651123047
2024-01-18,15.354230880737305
2024-01-19,14.921342849731445
2024-01-22,14.824166297912598
2024-01-23,14.850667953491211
2024-01-24,14.576802253723145
2024-01-25,15.133370399475098
2024-01-26,15.151039123535156
2024-01-29,15.265887260437012
2024-01-30,14.99201774597168
2024-01-31,14.887591361999512
2024-02-01,15.316010475158691
2024-02-02,15.191056251525879
2024-02-05,14.735860824584961
2024-02-06,14.726935386657715
2024-02-07,14.566277503967285
2024-02-08,14.459172248840332
2024-02-09,14.691231727600098
2024-02-12,15.066099166870117
2024-02-13,14.280664443969727
2024-02-14,14.405619621276855
2024-02-15,14.976848602294922
2024-02-16,14.967921257019043
2024-02-20,14.655531883239746
2024-02-21,14.771560668945312
2024-02-22,14.280664443969727
2024-02-23,14.280664443969727
2024-02-26,13.879020690917969
2024-02-27,13.477375984191895
2024-02-28,13.441676139831543
2024-02-29,13.566630363464355
2024-03-01,13.8076171875
2024-03-04,14.343141555786133
2024-03-05,14.414544105529785
2024-03-06,14.477025032043457
2024-03-07,14.423471450805664
2024-03-08,14.503799438476562
2024-03-11,14.628755569458008
2024-03-12,14.227110862731934
2024-03-13,14.05752944946289
2024-03-14,13.414897918701172
2024-03-15,13.39704704284668
2024-03-18,13.281018257141113
2024-03-19,13.870096206665039
2024-03-20,13.870096206665039
2024-03-21,14.06645393371582
2024-03-22,14.494874000549316
2024-03-25,14.682307243347168
2024-03-26,14.851889610290527
2024-03-27,15.396339416503906
2024-03-28,16.00326919555664
2024-04-01,16.128223419189453
2024-04-02,15.905089378356934
2024-04-03,15.976492881774902
2024-04-04,16.190702438354492
2024-04-05,16.137147903442383
2024-04-08,16.33350944519043
2024-04-09,16.3245849609375
2024-04-10,15.780132293701172
2024-04-11,15.905089378356934
2024-04-12,15.039325714111328
2024-04-15,14.423471450805664
2024-04-16,14.200332641601562
2024-04-17,14.405619621276855
2024-04-18,14.521650314331055
2024-04-19,14.637680053710938
2024-04-22,14.905444145202637
2024-04-23,15.289236068725586
2024-04-24,15.503446578979492
2024-04-25,15.289236068725586
2024-04-26,15.360639572143555
2024-04-29,15.940791130065918
2024-04-30,16.132762908935547
2024-05-01,16.37610626220703
2024-05-02,17.061071395874023
2024-05-03,16.82674217224121
2024-05-06,17.01600456237793
2024-05-07,16.979955673217773
2024-05-08,17.457630157470703
2024-05-09,18.016420364379883
2024-05-10,17.971359252929688
2024-05-13,17.9893798828125
2024-05-14,18.313840866088867
2024-05-15,19.04387092590332
2024-05-16,19.1159725189209
2024-05-17,19.179061889648438
2024-05-20,19.179061889648438
2024-05-21,18.962753295898438
2024-05-22,18.863616943359375
2024-05-23,18.53014373779297
2024-05-24,18.84558868408203
2024-05-28,19.04387092590332
2024-05-29,18.98979377746582
2024-05-30,19.620685577392578
2024-05-31,19.45845603942871
2024-06-03,18.710397720336914
2024-06-04,18.467052459716797
2024-06-05,18.800527572631836
2024-06-06,18.349889755249023
2024-06-07,17.908267974853516
2024-06-10,18.367916107177734
2024-06-11,17.872215270996094
2024-06-12,17.71900177001953
2024-06-13,17.664926528930664
2024-06-14,17.43059539794922
2024-06-17,16.979955673217773
2024-06-18,17.088109970092773
2024-06-20,16.997983932495117
2024-06-21,16.646486282348633
2024-06-24,17.11514663696289
2024-06-25,17.034034729003906
2024-06-26,17.043045043945312
2024-06-27,17.205276489257812
2024-06-28,15.835343360900879
2024-07-01,15.718178749084473
2024-07-02,15.799291610717773
2024-07-03,16.123746871948242
2024-07-05,15.96152114868164
2024-07-08,16.087697982788086
2024-07-09,15.934483528137207
2024-07-10,16.150789260864258
2024-07-11,16.808717727661133
2024-07-12,17.025020599365234
2024-07-15,15.321619987487793
2024-07-16,15.907444953918457
2024-07-17,15.2224760055542
2024-07-18,15.393721580505371
2024-07-19,15.411746978759766
2024-07-22,15.790279388427734
2024-07-23,15.82633113861084
2024-07-24,15.601009368896484
2024-07-25,15.528908729553223
2024-07-26,15.790279388427734
2024-07-29,15.85336971282959
2024-07-30,15.817317008972168
2024-07-31,16.03362274169922
2024-08-01,16.300289154052734
2024-08-02,15.590394973754883
2024-08-05,14.825891494750977
2024-08-06,15.035219192504883
2024-08-07,14.916902542114258
2024-08-08,15.153533935546875
2024-08-09,15.16263484954834
2024-08-12,15.20814037322998
2024-08-13,15.37196159362793
2024-08-14,15.417470932006836
2024-08-15,15.717809677124023
2024-08-16,15.70870590209961
2024-08-19,15.808822631835938
2024-08-20,15.81792163848877
2024-08-21,16.081857681274414
2024-08-22,16.172870635986328
2024-08-23,16.45500946044922
2024-08-26,16.291187286376953
2024-08-27,15.808822631835938
2024-08-28,15.654102325439453
2024-08-29,15.70870590209961
2024-08-30,15.590394973754883
2024-09-03,15.244545936584473
2024-09-04,15.417470932006836
2024-09-05,15.417470932006836
2024-09-06,14.734878540039062
2024-09-09,14.743979454040527
2024-09-10,14.962407112121582
2024-09-11,16.25478172302246
2024-09-12,16.491416931152344
2024-09-13,16.873666763305664
2024-09-16,17.301422119140625
2024-09-17,17.51074981689453
2024-09-18,17.528953552246094
2024-09-19,17.201309204101562
2024-09-20,17.201309204101562
2024-09-23,17.583559036254883
2024-09-24,17.392436981201172
2024-09-25,17.774686813354492
2024-09-26,17.874797821044922
2024-09-27,18.266151428222656
2024-09-30,18.257049560546875
2024-10-01,18.420873641967773
2024-10-02,18.102331161499023
2024-10-03,17.4106388092041
2024-10-04,17.21040916442871
2024-10-07,16.991981506347656
2024-10-08,16.51871681213379
2024-10-09,16.10006332397461
2024-10-10,15.772417068481445
2024-10-11,15.763315200805664
2024-10-14,15.890732765197754
2024-10-15,15.84522819519043
2024-10-16,16.28208351135254
2024-10-17,15.699605941772461
2024-10-18,15.899833679199219
2024-10-21,15.663203239440918
2024-10-22,15.472078323364258
2024-10-23,15.544888496398926
2024-10-24,15.453874588012695
2024-10-25,15.435670852661133
2024-10-28,15.517583847045898
2024-10-29,15.035219192504883
2024-10-30,14.944206237792969
2024-10-31,15.007912635803223
2024-11-01,13.529841423034668
2024-11-04,14.008121490478516
2024-11-05,14.26565933227539
2024-11-06,13.060757637023926
2024-11-07,12.554883003234863
2024-11-08,12.508894920349121
2024-11-11,12.775629043579102
2024-11-12,12.370928764343262
2024-11-13,12.527290344238281
2024-11-14,12.876802444458008
2024-11-15,12.849210739135742
2024-11-18,12.637662887573242
2024-11-19,12.64686107635498
2024-11-20,12.214568138122559
2024-11-21,12.186975479125977
2024-11-22,11.993823051452637
2024-11-25,12.104194641113281
2024-11-26,11.570727348327637
2024-11-27,11.947833061218262
2024-11-29,11.993823051452637
2024-12-02,11.966230392456055
2024-12-03,12.003021240234375
2024-12-04,12.352535247802734
2024-12-05,12.22376537322998
2024-12-06,12.003021240234375
2024-12-09,12.508894920349121
2024-12-10,12.545685768127441
2024-12-11,12.499695777893066
2024-12-12,12.43531322479248
2024-12-13,12.278952598571777
2024-12-16,12.09499740600586
2024-12-17,11.8374605178833
2024-12-18,11.497145652770996
2024-12-19,11.441959381103516
2024-12-20,11.957032203674316
2024-12-23,12.01221752166748
2024-12-24,11.975427627563477
2024-12-26,11.809867858886719
2024-12-27,11.727088928222656
2024-12-30,11.635111808776855
2024-12-31,11.8374605178833
2025-01-02,12.003021240234375
2025-01-03,12.1685791015625
2025-01-06,11.966230392456055
2025-01-07,11.911043167114258
2025-01-08,11.405168533325195
2025-01-10,11.055655479431152
2025-01-13,10.752130508422852
2025-01-14,10.89929485321045
2025-01-15,10.825714111328125
2025-01-16,11.037260055541992
2025-01-17,10.87170124053955
2025-01-21,10.807317733764648
2025-01-22,10.237058639526367
2025-01-23,10.604968070983887
2025-01-24,10.669350624084473
2025-01-27,10.522188186645508
2025-01-28,10.126686096191406
2025-01-29,10.255454063415527
2025-01-30,10.365826606750488
2025-01-31,10.277997016906738
2025-02-03,10.007031440734863
2025-02-04,9.913594245910645
2025-02-05,9.792126655578613
2025-02-06,10.109810829162598
2025-02-07,9.876220703125
2025-02-10,10.044405937194824
2025-02-11,9.558536529541016
2025-02-12,9.427725791931152
2025-02-13,9.474444389343262
2025-02-14,9.278226852416992
2025-02-18,9.614598274230957
2025-02-19,9.717376708984375
2025-02-20,9.969656944274902
2025-02-21,9.894906997680664
2025-02-24,10.016374588012695
2025-02-25,10.147186279296875
2025-02-26,10.2032470703125
2025-02-27,9.698690414428711
2025-02-28,10.829270362854004
2025-03-03,10.455525398254395
2025-03-04,10.109810829162598
2025-03-05,10.240622520446777
2025-03-06,10.156530380249023
2025-03-07,10.511587142944336
2025-03-10,11.00679874420166
2025-03-11,11.20301628112793
2025-03-12,11.05351734161377
2025-03-13,11.473981857299805
2025-03-14,11.502012252807617
2025-03-17,12.193442344665527
2025-03-18,12.071972846984863
2025-03-19,12.128034591674805
2025-03-20,12.296220779418945
2025-03-21,12.193442344665527
2025-03-24,12.034598350524902
2025-03-25,11.829039573669434
2025-03-26,11.670196533203125
2025-03-27,11.6141357421875
2025-03-28,11.59544849395752
2025-03-31,11.604792594909668
2025-04-01,11.558073997497559
2025-04-02,11.66085433959961
2025-04-03,11.118922233581543
2025-04-04,10.072436332702637
2025-04-07,9.988343238830566
2025-04-08,9.558536529541016
2025-04-09,10.408807754516602
2025-04-10,9.623943328857422
2025-04-11,9.623943328857422
2025-04-14,9.792126655578613
2025-04-15,9.595911026000977
2025-04-16,9.306258201599121
2025-04-17,9.511817932128906
2025-04-21,9.156761169433594
2025-04-22,9.324945449829102
2025-04-23,9.455757141113281
2025-04-24,9.455757141113281
2025-04-25,9.390351295471191
2025-04-28,9.521162033081055
2025-04-29,9.689347267150879
2025-04-30,9.343632698059082
2025-05-01,9.463471412658691
2025-05-02,9.682226181030273
2025-05-05,9.75831413269043
2025-05-06,9.929512023925781
2025-05-07,9.796359062194824
2025-05-08,10.290931701660156
2025-05-09,10.576261520385742
2025-05-12,11.289588928222656
2025-05-13,11.936339378356934
2025-05-14,11.907807350158691
2025-05-15,11.793673515319824
2025-05-16,11.612963676452637
2025-05-19,11.137413024902344
2025-05-20,10.69039535522461
2025-05-21,9.63467025756836
2025-05-22,9.159119606018066
2025-05-23,9.50151538848877
2025-05-27,9.577603340148926
2025-05-28,9.225695610046387
2025-05-29,9.558582305908203
2025-05-30,9.596626281738281
2025-06-02,9.682226181030273
2025-06-03,9.76782512664795
2025-06-04,9.672714233398438
2025-06-05,9.996089935302734
2025-06-06,10.35750961303711
2025-06-09,10.347996711730957
2025-06-10,10.73794937133789
2025-06-11,10.918659210205078
2025-06-12,10.975725173950195
2025-06-13,10.880615234375
2025-06-16,10.899637222290039
2025-06-17,10.015110969543457
2025-06-18,10.005600929260254
2025-06-20,9.900979042053223
2025-06-23,9.653692245483398
2025-06-24,9.958045959472656
2025-06-25,9.986577987670898
2025-06-26,10.281420707702637
2025-06-27,10.195821762084961
2025-06-30,10.005600929260254
2025-07-01,10.243376731872559
2025-07-02,10.585773468017578
2025-07-03,10.956705093383789
2025-07-07,10.956705093383789
2025-07-08,10.528706550598145
2025-07-09,12.611621856689453
2025-07-10,11.803184509277344
2025-07-11,11.974383354187012
2025-07-14,11.964872360229492
2025-07-15,12.497490882873535
2025-07-16,12.383357048034668
2025-07-17,12.545044898986816
2025-07-18,12.716243743896484
2025-07-21,13.02059555053711
2025-07-22,13.13472843170166
2025-07-23,13.258371353149414
2025-07-24,13.12521743774414
2025-07-25,13.12521743774414
2025-07-28,12.849397659301758
2025-07-29,12.773309707641602
2025-07-30,12.440423011779785
2025-07-31,12.506999969482422
2025-08-01,12.753786087036133
2025-08-04,12.946587562561035
2025-08-05,12.271782875061035
2025-08-06,12.377823829650879
2025-08-07,12.38746452331543
2025-08-08,12.647745132446289
2025-08-11,12.339263916015625
2025-08-12,12.445303916931152
2025-08-13,12.580265998840332
2025-08-14,12.474224090576172
2025-08-15,12.830906867980957
2025-08-18,12.879106521606445
2025-08-19,12.821266174316406
2025-08-20,12.724864959716797
2025-08-21,12.503145217895508
2025-08-22,13.004426956176758
2025-08-25,13.004426956176758
2025-08-26,12.85982608795166
2025-08-27,12.879106521606445
2025-08-28,12.994786262512207
2025-08-29,13.052627563476562
2025-09-02,12.927306175231934
2025-09-03,12.753786087036133
2025-09-04,12.348904609680176
2025-09-05,12.464585304260254
2025-09-08,12.262144088745117
2025-09-09,12.262144088745117
2025-09-10,12.271782875061035
2025-09-11,12.38746452331543
2025-09-12,12.416383743286133
2025-09-15,12.560985565185547
2025-09-16,12.242863655090332
2025-09-17,12.05970287322998
2025-09-18,12.483864784240723
2025-09-19,12.580265998840332
2025-09-22,12.65738582611084
2025-09-23,12.66702651977539
2025-09-24,12.879106521606445
2025-09-25,12.560985565185547
2025-09-26,12.763426780700684
2025-09-29,12.686305046081543
2025-09-30,12.686305046081543
2025-10-01,14.816757202148438
2025-10-02,13.775630950927734
2025-10-03,14.055192947387695
2025-10-06,13.756352424621582
2025-10-07,13.881671905517578
2025-10-08,14.199792861938477
2025-10-09,14.045552253723145
2025-10-10,13.563549995422363
2025-10-13,13.920231819152832
2025-10-14,13.872032165527344
2025-10-15,14.219073295593262
2025-10-16,14.286553382873535
2025-10-17,14.055192947387695
2025-10-20,13.881671905517578
2025-10-21,13.804551124572754
2025-10-22,13.775630950927734
2025-10-23,13.688870429992676
2025-10-24,14.026273727416992
2025-10-27,13.968432426452637
2025-10-28,13.939512252807617
2025-10-29,13.852752685546875
2025-10-30,13.515350341796875
2025-10-31,13.540732383728027
2025-11-03,13.29666805267334
2025-11-04,13.120940208435059
2025-11-05,13.882424354553223
2025-11-06,13.85313606262207
2025-11-07,13.794561386108398
2025-11-10,13.872661590576172
2025-11-11,13.931238174438477
2025-11-12,13.735984802246094
2025-11-13,13.345480918884277
2025-11-14,13.49191951751709
2025-11-17,13.589546203613281
2025-11-18,13.394293785095215
2025-11-19,13.443107604980469
2025-11-20,13.189279556274414
2025-11-21,13.423582077026367
2025-11-24,13.550496101379395
2025-11-25,13.482157707214355
2025-11-26,13.57978343963623
2025-11-28,13.72622299194336
2025-12-01,13.65788459777832
2025-12-02,13.628596305847168
2025-12-03,13.38453197479248
2025-12-04,13.599308967590332
2025-12-05,13.589546203613281
2025-12-08,13.530969619750977
2025-12-09,13.628596305847168
2025-12-10,13.472394943237305
2025-12-11,13.667646408081055
2025-12-12,13.50168228149414
2025-12-15,13.530969619750977
2025-12-16,13.29666805267334
2025-12-17,13.159990310668945
2025-12-18,13.355243682861328
2025-12-19,13.2088041305542
2025-12-22,13.530969619750977
2025-12-23,13.57002067565918
2025-12-24,13.628596305847168
2025-12-26,13.735984802246094
2025-12-29,13.794561386108398
2025-12-30,14.155776977539062
2025-12-31,13.9995756149292
