Date,CCI
2015-07-01,51.779884338378906
2015-07-02,51.805419921875
2015-07-06,51.58189010620117
2015-07-07,52.15032196044922
2015-07-08,51.428592681884766
2015-07-09,51.37749481201172
2015-07-10,51.952335357666016
2015-07-13,51.66490173339844
2015-07-14,52.073665618896484
2015-07-15,51.8884391784668
2015-07-16,52.17586898803711
2015-07-17,51.79265213012695
2015-07-20,52.36748504638672
2015-07-21,51.601051330566406
2015-07-22,51.4860725402832
2015-07-23,53.178653717041016
2015-07-24,52.64850616455078
2015-07-27,52.73154067993164
2015-07-28,52.53993225097656
2015-07-29,52.45051574707031
2015-07-30,52.03535079956055
2015-07-31,52.31639099121094
2015-08-03,52.297210693359375
2015-08-04,52.373863220214844
2015-08-05,52.53355026245117
2015-08-06,52.399410247802734
2015-08-07,52.591033935546875
2015-08-10,53.363861083984375
2015-08-11,53.76626968383789
2015-08-12,54.258052825927734
2015-08-13,54.19416809082031
2015-08-14,54.97339630126953
2015-08-17,55.145835876464844
2015-08-18,54.50077438354492
2015-08-19,54.56463623046875
2015-08-20,53.9003791809082
2015-08-21,52.80179977416992
2015-08-24,51.05174255371094
2015-08-25,50.796260833740234
2015-08-26,52.1439208984375
2015-08-27,53.66404724121094
2015-08-28,53.49161148071289
2015-08-31,53.26166534423828
2015-09-01,52.02896499633789
2015-09-02,52.54631423950195
2015-09-03,52.578250885009766
2015-09-04,51.76070022583008
2015-09-08,52.61018753051758
2015-09-09,51.607418060302734
2015-09-10,50.64297866821289
2015-09-11,50.2214241027832
2015-09-14,50.272525787353516
2015-09-15,50.05537414550781
2015-09-16,50.57173538208008
2015-09-17,50.339359283447266
2015-09-18,49.96500778198242
2015-09-21,50.119930267333984
2015-09-22,49.42927932739258
2015-09-23,49.590641021728516
2015-09-24,49.5583610534668
2015-09-25,50.82991027832031
2015-09-28,50.068267822265625
2015-09-29,50.042449951171875
2015-09-30,50.90737533569336
2015-10-01,51.37210464477539
2015-10-02,51.59800720214844
2015-10-05,52.553287506103516
2015-10-06,52.12083053588867
2015-10-07,52.443572998046875
2015-10-08,52.695289611816406
2015-10-09,52.404823303222656
2015-10-12,52.604915618896484
2015-10-13,52.372562408447266
2015-10-14,51.94655227661133
2015-10-15,52.488746643066406
2015-10-16,52.70820236206055
2015-10-19,53.28912353515625
2015-10-20,53.68283462524414
2015-10-21,53.65702438354492
2015-10-22,56.01939392089844
2015-10-23,55.07058334350586
2015-10-26,55.74831008911133
2015-10-27,55.367496490478516
2015-10-28,55.50303649902344
2015-10-29,55.29649353027344
2015-10-30,55.16093826293945
2015-11-02,56.63905715942383
2015-11-03,56.56803894042969
2015-11-04,56.374412536621094
2015-11-05,55.85805130004883
2015-11-06,54.68330764770508
2015-11-09,54.17985534667969
2015-11-10,54.43156433105469
2015-11-11,54.625213623046875
2015-11-12,54.315391540527344
2015-11-13,53.99910354614258
2015-11-16,54.59294891357422
2015-11-17,54.7672119140625
2015-11-18,55.425601959228516
2015-11-19,55.60631561279297
2015-11-20,56.187232971191406
2015-11-23,56.41313552856445
2015-11-24,55.98067855834961
2015-11-25,55.73541259765625
2015-11-27,55.55467987060547
2015-11-30,55.45140075683594
2015-12-01,56.335689544677734
2015-12-02,55.39977264404297
2015-12-03,54.709129333496094
2015-12-04,54.93503952026367
2015-12-07,55.793495178222656
2015-12-08,55.49014663696289
2015-12-09,55.122215270996094
2015-12-10,55.135128021240234
2015-12-11,54.74785232543945
2015-12-14,54.99312973022461
2015-12-15,55.380401611328125
2015-12-16,56.0684814453125
2015-12-17,55.866294860839844
2015-12-18,55.31843566894531
2015-12-21,56.04236602783203
2015-12-22,56.766300201416016
2015-12-23,56.93587875366211
2015-12-24,56.70107650756836
2015-12-28,56.792362213134766
2015-12-29,57.39237976074219
2015-12-30,56.75325012207031
2015-12-31,56.38152313232422
2016-01-04,55.690185546875
2016-01-05,56.831520080566406
2016-01-06,56.35542678833008
2016-01-07,54.95322036743164
2016-01-08,54.18364715576172
2016-01-11,54.58146286010742
2016-01-12,54.82278823852539
2016-01-13,53.98799133300781
2016-01-14,54.757572174072266
2016-01-15,51.600982666015625
2016-01-19,51.84882354736328
2016-01-20,51.01401901245117
2016-01-21,51.607521057128906
2016-01-22,53.2314453125
2016-01-25,52.95100402832031
2016-01-26,54.52930450439453
2016-01-27,54.25537872314453
2016-01-28,55.311912536621094
2016-01-29,56.21845245361328
2016-02-01,56.622806549072266
2016-02-02,56.22499084472656
2016-02-03,56.590213775634766
2016-02-04,56.231510162353516
2016-02-05,54.82278823852539
2016-02-08,53.28361892700195
2016-02-09,53.60971450805664
2016-02-10,53.36841583251953
2016-02-11,53.15971755981445
2016-02-12,54.21624755859375
2016-02-16,54.78364181518555
2016-02-17,55.22713851928711
2016-02-18,56.10106658935547
2016-02-19,55.735836029052734
2016-02-22,56.58369445800781
2016-02-23,56.3162956237793
2016-02-24,56.28367614746094
2016-02-25,56.570655822753906
2016-02-26,55.9510498046875
2016-02-29,56.41412353515625
2016-03-01,57.22282028198242
2016-03-02,57.659793853759766
2016-03-03,57.32067108154297
2016-03-04,56.90324783325195
2016-03-07,56.264137268066406
2016-03-08,55.7489013671875
2016-03-09,55.579322814941406
2016-03-10,55.43584442138672
2016-03-11,55.944541931152344
2016-03-14,55.43584442138672
2016-03-15,55.631507873535156
2016-03-16,56.02360916137695
2016-03-17,56.662872314453125
2016-03-18,56.95283126831055
2016-03-21,56.62332534790039
2016-03-22,56.676048278808594
2016-03-23,56.451995849609375
2016-03-24,56.399269104003906
2016-03-28,56.471744537353516
2016-03-29,56.972618103027344
2016-03-30,57.288944244384766
2016-03-31,57.00556564331055
2016-04-01,57.407562255859375
2016-04-04,57.34823989868164
2016-04-05,56.77490997314453
2016-04-06,57.3284912109375
2016-04-07,57.183502197265625
2016-04-08,58.02705001831055
2016-04-11,57.67118453979492
2016-04-12,57.783206939697266
2016-04-13,57.92818832397461
2016-04-14,57.44053268432617
2016-04-15,57.51959991455078
2016-04-18,57.717308044433594
2016-04-19,58.05342102050781
2016-04-20,57.73048400878906
2016-04-21,56.60354232788086
2016-04-22,57.829345703125
2016-04-25,57.45369338989258
2016-04-26,57.70412063598633
2016-04-27,57.8227424621582
2016-04-28,57.427337646484375
2016-04-29,57.2559814453125
2016-05-02,57.684349060058594
2016-05-03,56.867149353027344
2016-05-04,57.9348030090332
2016-05-05,57.95454406738281
2016-05-06,58.218162536621094
2016-05-09,58.96284866333008
2016-05-10,59.69435501098633
2016-05-11,59.39122772216797
2016-05-12,59.61530303955078
2016-05-13,59.21329879760742
2016-05-16,59.54281234741211
2016-05-17,59.39122772216797
2016-05-18,59.63506317138672
2016-05-19,59.002410888671875
2016-05-20,59.25942611694336
2016-05-23,59.54936981201172
2016-05-24,60.16228485107422
2016-05-25,60.02388000488281
2016-05-26,59.845951080322266
2016-05-27,59.83936309814453
2016-05-31,59.845951080322266
2016-06-01,59.83936309814453
2016-06-02,60.49838638305664
2016-06-03,61.13105773925781
2016-06-06,61.31558609008789
2016-06-07,61.961421966552734
2016-06-08,61.94163513183594
2016-06-09,62.22502136230469
2016-06-10,62.0339241027832
2016-06-13,62.277740478515625
2016-06-14,61.72416305541992
2016-06-15,62.51255798339844
2016-06-16,62.971614837646484
2016-06-17,62.811946868896484
2016-06-20,62.811946868896484
2016-06-21,63.450653076171875
2016-06-22,63.364166259765625
2016-06-23,63.923030853271484
2016-06-24,64.16255187988281
2016-06-27,64.65485382080078
2016-06-28,65.86573028564453
2016-06-29,66.75059509277344
2016-06-30,67.4824447631836
2016-07-01,67.31610870361328
2016-07-05,68.23424530029297
2016-07-06,67.80843353271484
2016-07-07,67.53564453125
2016-07-08,67.9947280883789
2016-07-11,66.89028930664062
2016-07-12,66.63082885742188
2016-07-13,66.3979721069336
2016-07-14,66.17842864990234
2016-07-15,66.60421752929688
2016-07-18,66.12516784667969
2016-07-19,66.30482482910156
2016-07-20,65.52641296386719
2016-07-21,65.38004302978516
2016-07-22,65.77922821044922
2016-07-25,64.74799346923828
2016-07-26,64.36212921142578
2016-07-27,63.916358947753906
2016-07-28,64.2490234375
2016-07-29,64.55506896972656
2016-08-01,65.0274429321289
2016-08-02,64.44196319580078
2016-08-03,63.94298553466797
2016-08-04,64.44863891601562
2016-08-05,64.01617431640625
2016-08-08,63.80327224731445
2016-08-09,63.75001907348633
2016-08-10,63.98289489746094
2016-08-11,64.04943084716797
2016-08-12,64.21575927734375
2016-08-15,64.0094985961914
2016-08-16,63.071434020996094
2016-08-17,62.92505645751953
2016-08-18,62.738773345947266
2016-08-19,62.120033264160156
2016-08-22,62.34625244140625
2016-08-23,62.34625244140625
2016-08-24,63.05144500732422
2016-08-25,62.865203857421875
2016-08-26,62.04686737060547
2016-08-29,62.35953140258789
2016-08-30,62.66559982299805
2016-08-31,63.05144500732422
2016-09-01,63.03815841674805
2016-09-02,63.90971755981445
2016-09-06,65.22036743164062
2016-09-07,65.76592254638672
2016-09-08,64.97421264648438
2016-09-09,62.080101013183594
2016-09-12,62.49259567260742
2016-09-13,61.12208557128906
2016-09-14,61.39413833618164
2016-09-15,61.44117736816406
2016-09-16,60.708919525146484
2016-09-19,61.66957092285156
2016-09-20,61.5150260925293
2016-09-21,62.77129364013672
2016-09-22,63.7050666809082
2016-09-23,63.940185546875
2016-09-26,64.22906494140625
2016-09-27,63.80583572387695
2016-09-28,63.39605712890625
2016-09-29,63.154205322265625
2016-09-30,63.2885627746582
2016-10-03,62.75784683227539
2016-10-04,61.03809356689453
2016-10-05,59.82890319824219
2016-10-06,59.68109893798828
2016-10-07,59.31834411621094
2016-10-10,59.587039947509766
2016-10-11,59.78860092163086
2016-10-12,61.43442916870117
2016-10-13,61.683006286621094
2016-10-14,61.82406997680664
2016-10-17,61.797183990478516
2016-10-18,61.683006286621094
2016-10-19,61.60910415649414
2016-10-20,61.494903564453125
2016-10-21,63.765533447265625
2016-10-24,63.913326263427734
2016-10-25,63.107181549072266
2016-10-26,62.159969329833984
2016-10-27,60.984344482421875
2016-10-28,61.27992630004883
2016-10-31,61.12541198730469
2016-11-01,60.42007827758789
2016-11-02,59.04962921142578
2016-11-03,58.89509582519531
2016-11-04,58.989139556884766
2016-11-07,59.81544876098633
2016-11-08,60.32600784301758
2016-11-09,57.591861724853516
2016-11-10,55.690704345703125
2016-11-11,55.25405502319336
2016-11-14,55.07938766479492
2016-11-15,55.616817474365234
2016-11-16,57.16189956665039
2016-11-17,57.175350189208984
2016-11-18,57.10145950317383
2016-11-21,56.79914855957031
2016-11-22,57.38359069824219
2016-11-23,56.537166595458984
2016-11-25,56.946937561035156
2016-11-28,56.66478729248047
2016-11-29,57.255950927734375
2016-11-30,56.0669059753418
2016-12-01,54.77037048339844
2016-12-02,55.0055046081543
2016-12-05,55.932552337646484
2016-12-06,56.0534782409668
2016-12-07,56.926780700683594
2016-12-08,57.10145950317383
2016-12-09,57.48435974121094
2016-12-12,58.344242095947266
2016-12-13,59.08992004394531
2016-12-14,58.546630859375
2016-12-15,58.32932662963867
2016-12-16,58.200279235839844
2016-12-19,59.25972366333008
2016-12-20,59.470252990722656
2016-12-21,59.17142105102539
2016-12-22,59.17142105102539
2016-12-23,59.246116638183594
2016-12-27,59.443058013916016
2016-12-28,58.926937103271484
2016-12-29,59.08993148803711
2016-12-30,58.926937103271484
2017-01-03,58.94730758666992
2017-01-04,59.30045700073242
2017-01-05,59.246116638183594
2017-01-06,58.064456939697266
2017-01-09,58.22066879272461
2017-01-10,57.290279388427734
2017-01-11,57.860721588134766
2017-01-12,57.84714126586914
2017-01-13,58.18669891357422
2017-01-17,59.32761764526367
2017-01-18,59.218963623046875
2017-01-19,58.26819610595703
2017-01-20,58.96088790893555
2017-01-23,59.123870849609375
2017-01-24,59.531368255615234
2017-01-25,59.20539093017578
2017-01-26,59.76903533935547
2017-01-27,58.98126983642578
2017-01-30,58.92015075683594
2017-01-31,59.64680480957031
2017-02-01,58.84542465209961
2017-02-02,59.60605239868164
2017-02-03,60.26481246948242
2017-02-06,59.11030197143555
2017-02-07,59.36835479736328
2017-02-08,59.531368255615234
2017-02-09,59.61284637451172
2017-02-10,59.46345520019531
2017-02-13,61.269901275634766
2017-02-14,61.290279388427734
2017-02-15,61.147647857666016
2017-02-16,61.46004104614258
2017-02-17,60.59755325317383
2017-02-21,61.1204948425293
2017-02-22,61.51435852050781
2017-02-23,61.97618865966797
2017-02-24,62.87940979003906
2017-02-27,62.865806579589844
2017-02-28,63.51776885986328
2017-03-01,63.16462326049805
2017-03-02,62.94729995727539
2017-03-03,62.308929443359375
2017-03-06,62.451541900634766
2017-03-07,62.139163970947266
2017-03-08,61.534751892089844
2017-03-09,61.46683120727539
2017-03-10,61.31062316894531
2017-03-13,61.52796173095703
2017-03-14,60.882789611816406
2017-03-15,61.72019577026367
2017-03-16,61.51426696777344
2017-03-17,61.637840270996094
2017-03-20,62.38597869873047
2017-03-21,62.25556564331055
2017-03-22,62.9556999206543
2017-03-23,63.834285736083984
2017-03-24,64.30101013183594
2017-03-27,64.49317169189453
2017-03-28,64.91876983642578
2017-03-29,64.89132690429688
2017-03-30,64.94621276855469
2017-03-31,64.82952880859375
2017-04-03,64.67851257324219
2017-04-04,64.40399169921875
2017-04-05,64.30789184570312
2017-04-06,64.7814712524414
2017-04-07,64.86384582519531
2017-04-10,65.19332885742188
2017-04-11,65.76991271972656
2017-04-12,66.20230102539062
2017-04-13,65.8934326171875
2017-04-17,66.09934997558594
2017-04-18,66.43569946289062
2017-04-19,66.25035858154297
2017-04-20,65.92090606689453
2017-04-21,65.5708236694336
2017-04-24,65.00798034667969
2017-04-25,64.70598602294922
2017-04-26,64.86384582519531
2017-04-27,65.22077941894531
2017-04-28,64.9324951171875
2017-05-01,64.9942626953125
2017-05-02,64.76089477539062
2017-05-03,64.56868743896484
2017-05-04,65.0560531616211
2017-05-05,65.83850860595703
2017-05-08,65.45416259765625
2017-05-09,65.17272186279297
2017-05-10,65.00798034667969
2017-05-11,64.8089370727539
2017-05-12,64.56185150146484
2017-05-15,65.70811462402344
2017-05-16,65.84539031982422
2017-05-17,67.34859466552734
2017-05-18,67.71238708496094
2017-05-19,68.25463104248047
2017-05-22,68.57723236083984
2017-05-23,69.17439270019531
2017-05-24,69.44206237792969
2017-05-25,70.54715728759766
2017-05-26,70.5677719116211
2017-05-30,71.05509948730469
2017-05-31,69.77155303955078
2017-06-01,71.00704193115234
2017-06-02,71.7895278930664
2017-06-05,71.01392364501953
2017-06-06,70.80797576904297
2017-06-07,70.8423080444336
2017-06-08,69.44893646240234
2017-06-09,70.05296325683594
2017-06-12,70.15591430664062
2017-06-13,70.10102081298828
2017-06-14,70.60677337646484
2017-06-15,70.18415832519531
2017-06-16,70.10102844238281
2017-06-19,70.03865814208984
2017-06-20,69.71302795410156
2017-06-21,68.93704986572266
2017-06-22,69.10334014892578
2017-06-23,69.172607421875
2017-06-26,69.11024475097656
2017-06-27,70.60677337646484
2017-06-28,70.10102844238281
2017-06-29,69.30424499511719
2017-06-30,69.40818786621094
2017-07-03,68.8053970336914
2017-07-05,68.5975341796875
2017-07-06,68.15415954589844
2017-07-07,68.91625213623047
2017-07-10,68.70838928222656
2017-07-11,68.09870147705078
2017-07-12,69.31809997558594
2017-07-13,69.49822998046875
2017-07-14,70.04558563232422
2017-07-17,67.07332611083984
2017-07-18,66.9555435180664
2017-07-19,68.35506439208984
2017-07-20,67.39202880859375
2017-07-21,68.70838928222656
2017-07-24,68.6876220703125
2017-07-25,68.93704986572266
2017-07-26,68.9786148071289
2017-07-27,69.41510009765625
2017-07-28,69.685302734375
2017-07-31,69.685302734375
2017-08-01,69.90009307861328
2017-08-02,70.53750610351562
2017-08-03,69.92086791992188
2017-08-04,70.6829833984375
2017-08-07,70.08023834228516
2017-08-08,69.30424499511719
2017-08-09,69.81694793701172
2017-08-10,69.77538299560547
2017-08-11,69.87236785888672
2017-08-14,70.92547607421875
2017-08-15,71.40352630615234
2017-08-16,71.90930938720703
2017-08-17,72.15180206298828
2017-08-18,72.137939453125
2017-08-21,72.62985229492188
2017-08-22,73.2603530883789
2017-08-23,73.5097427368164
2017-08-24,73.95316314697266
2017-08-25,74.12638092041016
2017-08-28,74.16793060302734
2017-08-29,74.14715576171875
2017-08-30,74.32038116455078
2017-08-31,75.13101196289062
2017-09-01,74.14024353027344
2017-09-05,74.15412139892578
2017-09-06,73.44744110107422
2017-09-07,74.12638092041016
2017-09-08,73.77996063232422
2017-09-11,74.08480834960938
2017-09-12,73.58597564697266
2017-09-13,72.71299743652344
2017-09-14,73.27932739257812
2017-09-15,73.74774932861328
2017-09-18,73.05558013916016
2017-09-19,71.42652893066406
2017-09-20,71.20280456542969
2017-09-21,71.03498077392578
2017-09-22,70.3358383178711
2017-09-25,70.0072250366211
2017-09-26,69.61569213867188
2017-09-27,69.90933227539062
2017-09-28,70.29388427734375
2017-09-29,69.9023666381836
2017-10-02,69.69961547851562
2017-10-03,69.67164611816406
2017-10-04,71.23773956298828
2017-10-05,71.01402282714844
2017-10-06,70.97906494140625
2017-10-09,71.39857482910156
2017-10-10,71.02800750732422
2017-10-11,71.46149444580078
2017-10-12,72.08372497558594
2017-10-13,71.66424560546875
2017-10-16,71.20980072021484
2017-10-17,70.88118743896484
2017-10-18,70.5875244140625
2017-10-19,72.1676254272461
2017-10-20,73.40514373779297
2017-10-23,72.67803955078125
2017-10-24,72.75492858886719
2017-10-25,72.7968978881836
2017-10-26,72.13968658447266
2017-10-27,72.14667510986328
2017-10-30,74.18821716308594
2017-10-31,74.86641693115234
2017-11-01,73.51005554199219
2017-11-02,74.3699951171875
2017-11-03,74.46788787841797
2017-11-06,78.17344665527344
2017-11-07,78.13848876953125
2017-11-08,79.72560119628906
2017-11-09,79.35505676269531
2017-11-10,79.20122528076172
2017-11-13,78.935546875
2017-11-14,79.11734008789062
2017-11-15,78.69085693359375
2017-11-16,77.6910629272461
2017-11-17,76.9219741821289
2017-11-20,77.24358367919922
2017-11-21,78.38320922851562
2017-11-22,78.19445037841797
2017-11-24,78.8096923828125
2017-11-27,79.20821380615234
2017-11-28,79.3690185546875
2017-11-29,78.90758514404297
2017-11-30,79.00547790527344
2017-12-01,78.69085693359375
2017-12-04,76.64927673339844
2017-12-05,76.07594299316406
2017-12-06,76.33467102050781
2017-12-07,76.7052230834961
2017-12-08,76.5583724975586
2017-12-11,77.5442123413086
2017-12-12,77.53022766113281
2017-12-13,77.86583709716797
2017-12-14,78.07049560546875
2017-12-15,78.09874725341797
2017-12-18,77.37881469726562
2017-12-19,76.61654663085938
2017-12-20,76.15068817138672
2017-12-21,76.35539245605469
2017-12-22,76.61654663085938
2017-12-26,76.9129638671875
2017-12-27,77.23764038085938
2017-12-28,77.5129165649414
2017-12-29,78.35283660888672
2018-01-02,76.8847427368164
2018-01-03,76.56004333496094
2018-01-04,75.67073059082031
2018-01-05,76.24951171875
2018-01-08,76.47537231445312
2018-01-09,76.00244903564453
2018-01-10,74.0544204711914
2018-01-11,73.18626403808594
2018-01-12,73.1015396118164
2018-01-16,74.33673858642578
2018-01-17,74.83784484863281
2018-01-18,74.89432525634766
2018-01-19,75.7695541381836
2018-01-22,76.44007873535156
2018-01-23,77.8729019165039
2018-01-24,77.35055541992188
2018-01-25,76.65888214111328
2018-01-26,78.08463287353516
2018-01-29,77.51996612548828
2018-01-30,77.6611328125
2018-01-31,79.5950698852539
2018-02-01,79.80682373046875
2018-02-02,79.1221923828125
2018-02-05,77.99993133544922
2018-02-06,76.61654663085938
2018-02-07,76.75769805908203
2018-02-08,73.27095794677734
2018-02-09,73.3062515258789
2018-02-12,74.18851470947266
2018-02-13,75.07080078125
2018-02-14,74.36497497558594
2018-02-15,75.9742431640625
2018-02-16,77.01885986328125
2018-02-20,76.63065338134766
2018-02-21,75.37429809570312
2018-02-22,76.5530014038086
2018-02-23,77.95050048828125
2018-02-26,78.72692108154297
2018-02-27,77.89405822753906
2018-02-28,77.68231964111328
2018-03-01,74.86611938476562
2018-03-02,73.80032348632812
2018-03-05,76.03070831298828
2018-03-06,76.03776550292969
2018-03-07,75.94603729248047
2018-03-08,77.8093490600586
2018-03-09,78.3387222290039
2018-03-12,78.62104034423828
2018-03-13,78.81161499023438
2018-03-14,79.10807800292969
2018-03-15,78.09632110595703
2018-03-16,77.71869659423828
2018-03-19,77.08460998535156
2018-03-20,77.569091796875
2018-03-21,76.65708923339844
2018-03-22,77.6260757446289
2018-03-23,78.13194274902344
2018-03-26,79.32181549072266
2018-03-27,78.85155487060547
2018-03-28,79.00118255615234
2018-03-29,78.09632110595703
2018-04-02,77.51920318603516
2018-04-03,76.51458740234375
2018-04-04,77.59759521484375
2018-04-05,78.231689453125
2018-04-06,76.95633697509766
2018-04-09,77.56195831298828
2018-04-10,73.84272766113281
2018-04-11,74.71199035644531
2018-04-12,73.99949645996094
2018-04-13,73.92823791503906
2018-04-16,74.33435821533203
2018-04-17,75.62398529052734
2018-04-18,75.94458770751953
2018-04-19,73.13026428222656
2018-04-20,73.11600494384766
2018-04-23,74.77611541748047
2018-04-24,75.06110382080078
2018-04-25,74.95423889160156
2018-04-26,74.88297271728516
2018-04-27,72.18262481689453
2018-04-30,71.86914825439453
2018-05-01,71.86201477050781
2018-05-02,71.83351135253906
2018-05-03,72.36788177490234
2018-05-04,73.60761260986328
2018-05-07,73.07325744628906
2018-05-08,73.20150756835938
2018-05-09,73.94961547851562
2018-05-10,74.75475311279297
2018-05-11,73.82136535644531
2018-05-14,73.59337615966797
2018-05-15,73.58625030517578
2018-05-16,73.3796157836914
2018-05-17,72.6101303100586
2018-05-18,72.838134765625
2018-05-21,72.74549865722656
2018-05-22,72.47478485107422
2018-05-23,72.78825378417969
2018-05-24,72.5673828125
2018-05-25,73.20150756835938
2018-05-29,73.71451568603516
2018-05-30,74.11348724365234
2018-05-31,74.20612335205078
2018-06-01,73.95674896240234
2018-06-04,74.34146118164062
2018-06-05,73.49362182617188
2018-06-06,73.30838012695312
2018-06-07,73.0162582397461
2018-06-08,73.41524505615234
2018-06-11,73.62186431884766
2018-06-12,74.58373260498047
2018-06-13,72.01162719726562
2018-06-14,72.83961486816406
2018-06-15,72.78201293945312
2018-06-18,72.68840026855469
2018-06-19,73.38679504394531
2018-06-20,73.86198425292969
2018-06-21,74.09236145019531
2018-06-22,74.58915710449219
2018-06-25,75.07872772216797
2018-06-26,76.5762710571289
2018-06-27,76.55464935302734
2018-06-28,77.46905517578125
2018-06-29,77.6274185180664
2018-07-02,77.88663482666016
2018-07-03,78.48419952392578
2018-07-05,79.91693115234375
2018-07-06,80.111328125
2018-07-09,78.91616821289062
2018-07-10,79.62893676757812
2018-07-11,79.81613159179688
2018-07-12,79.7369384765625
2018-07-13,79.96012878417969
2018-07-16,79.60736846923828
2018-07-17,79.8233413696289
2018-07-18,79.51372528076172
2018-07-19,79.93852996826172
2018-07-20,79.4345703125
2018-07-23,78.29700469970703
2018-07-24,77.74980926513672
2018-07-25,78.41938781738281
2018-07-26,78.87297821044922
2018-07-27,78.52019500732422
2018-07-30,78.91616821289062
2018-07-31,79.7945327758789
2018-08-01,80.30572509765625
2018-08-02,80.09693145751953
2018-08-03,80.98968505859375
2018-08-06,79.91693115234375
2018-08-07,80.09693145751953
2018-08-08,79.16817474365234
2018-08-09,80.21930694580078
2018-08-10,79.44174194335938
2018-08-13,79.64332580566406
2018-08-14,80.09693145751953
2018-08-15,80.81688690185547
2018-08-16,81.1336898803711
2018-08-17,81.97604370117188
2018-08-20,82.26405334472656
2018-08-21,81.2489013671875
2018-08-22,80.3921127319336
2018-08-23,80.33451843261719
2018-08-24,80.94649505615234
2018-08-27,80.37051391601562
2018-08-28,81.76726531982422
2018-08-29,82.05525970458984
2018-08-30,81.904052734375
2018-08-31,82.09844207763672
2018-09-04,81.8176498413086
2018-09-05,82.00485229492188
2018-09-06,82.31444549560547
2018-09-07,81.37128448486328
2018-09-10,81.09049224853516
2018-09-11,80.71609497070312
2018-09-12,80.79529571533203
2018-09-13,81.76190948486328
2018-09-14,81.07147979736328
2018-09-17,81.90727233886719
2018-09-18,81.52206420898438
2018-09-19,81.2677001953125
2018-09-20,81.68922424316406
2018-09-21,81.187744140625
2018-09-24,80.11212921142578
2018-09-25,79.71968078613281
2018-09-26,78.87661743164062
2018-09-27,79.16007232666016
2018-09-28,80.91159057617188
2018-10-01,80.24298095703125
2018-10-02,79.27632904052734
2018-10-03,79.10193634033203
2018-10-04,78.7239990234375
2018-10-05,79.02925872802734
2018-10-08,80.14118194580078
2018-10-09,80.72261810302734
2018-10-10,79.0074234008789
2018-10-11,76.51460266113281
2018-10-12,76.2747802734375
2018-10-15,76.6817855834961
2018-10-16,77.69200134277344
2018-10-17,77.61205291748047
2018-10-18,77.48849487304688
2018-10-19,77.71377563476562
2018-10-22,76.87800598144531
2018-10-23,77.1541748046875
2018-10-24,77.60477447509766
2018-10-25,78.0190200805664
2018-10-26,75.25003051757812
2018-10-29,77.07421875
2018-10-30,79.59612274169922
2018-10-31,79.02925872802734
2018-11-01,79.45075988769531
2018-11-02,79.46531677246094
2018-11-05,80.69355010986328
2018-11-06,80.8243637084961
2018-11-07,81.20230102539062
2018-11-08,81.0133285522461
2018-11-09,80.57727813720703
2018-11-12,79.7487564086914
2018-11-13,80.4391860961914
2018-11-14,80.16302490234375
2018-11-15,80.37374877929688
2018-11-16,81.48574829101562
2018-11-19,81.59474182128906
2018-11-20,79.67606353759766
2018-11-21,79.55978393554688
2018-11-23,78.46235656738281
2018-11-26,78.77486419677734
2018-11-27,80.29383850097656
2018-11-28,81.48574829101562
2018-11-29,82.12528991699219
2018-11-30,83.50615692138672
2018-12-03,82.634033203125
2018-12-04,83.57884979248047
2018-12-06,85.37396240234375
2018-12-07,84.13117980957031
2018-12-10,84.37828826904297
2018-12-11,84.40733337402344
2018-12-12,83.92770385742188
2018-12-13,84.43777465820312
2018-12-14,84.07081604003906
2018-12-17,81.39932250976562
2018-12-18,81.18648529052734
2018-12-19,80.92228698730469
2018-12-20,80.73145294189453
2018-12-21,77.94255828857422
2018-12-24,76.23251342773438
2018-12-26,78.99205780029297
2018-12-27,79.1755599975586
2018-12-28,79.35167694091797
2018-12-31,79.72599029541016
2019-01-02,77.75907897949219
2019-01-03,78.1480484008789
2019-01-04,79.31500244140625
2019-01-07,79.70396423339844
2019-01-08,78.926025390625
2019-01-09,77.55358123779297
2019-01-10,78.41959381103516
2019-01-11,78.80858612060547
2019-01-14,78.10401153564453
2019-01-15,78.82325744628906
2019-01-16,78.77188110351562
2019-01-17,78.98472595214844
2019-01-18,78.97737884521484
2019-01-22,80.1369857788086
2019-01-23,80.92961120605469
2019-01-24,82.13323211669922
2019-01-25,83.44696807861328
2019-01-28,83.94606018066406
2019-01-29,84.43777465820312
2019-01-30,84.74604034423828
2019-01-31,85.91294860839844
2019-02-01,85.85424041748047
2019-02-04,86.33863830566406
2019-02-05,87.49822235107422
2019-02-06,86.13311767578125
2019-02-07,86.80833435058594
2019-02-08,86.87439727783203
2019-02-11,86.92576599121094
2019-02-12,86.14779663085938
2019-02-13,86.92576599121094
2019-02-14,87.15327453613281
2019-02-15,88.16608428955078
2019-02-19,88.18077850341797
2019-02-20,87.7624282836914
2019-02-21,87.60096740722656
2019-02-22,87.97528076171875
2019-02-25,86.72760772705078
2019-02-26,86.72760772705078
2019-02-27,86.83768463134766
2019-02-28,87.15327453613281
2019-03-01,87.50557708740234
2019-03-04,87.71106719970703
2019-03-05,87.7624282836914
2019-03-06,88.56974792480469
2019-03-07,88.61378479003906
2019-03-08,88.77526092529297
2019-03-11,90.66877746582031
2019-03-12,90.89630126953125
2019-03-13,91.74764251708984
2019-03-14,91.84021759033203
2019-03-15,92.59561920166016
2019-03-18,92.32158660888672
2019-03-19,92.25495147705078
2019-03-20,93.13624572753906
2019-03-21,93.61021423339844
2019-03-22,92.94368743896484
2019-03-25,92.78075408935547
2019-03-26,92.97329711914062
2019-03-27,93.59541320800781
2019-03-28,94.22490692138672
2019-03-29,94.79515838623047
2019-04-01,93.81017303466797
2019-04-02,95.06917572021484
2019-04-03,95.07657623291016
2019-04-04,94.95069122314453
2019-04-05,95.60981750488281
2019-04-08,95.17285919189453
2019-04-09,96.15042877197266
2019-04-10,96.46147918701172
2019-04-11,95.33576965332031
2019-04-12,95.43944549560547
2019-04-15,94.3508071899414
2019-04-16,92.28456115722656
2019-04-17,91.95868682861328
2019-04-18,90.81080627441406
2019-04-22,90.78116607666016
2019-04-23,91.41065979003906
2019-04-24,91.18107604980469
2019-04-25,90.84042358398438
2019-04-26,91.84021759033203
2019-04-29,91.53656768798828
2019-04-30,93.15104675292969
2019-05-01,92.16606140136719
2019-05-02,91.85501861572266
2019-05-03,92.41786193847656
2019-05-06,92.40306091308594
2019-05-07,91.2625503540039
2019-05-08,91.6180191040039
2019-05-09,91.85501861572266
2019-05-10,93.07698059082031
2019-05-13,93.5361557006836
2019-05-14,93.97310638427734
2019-05-15,94.23229217529297
2019-05-16,94.44708251953125
2019-05-17,94.2397232055664
2019-05-20,91.4551010131836
2019-05-21,92.61042785644531
2019-05-22,93.78056335449219
2019-05-23,94.56558990478516
2019-05-24,94.66926574707031
2019-05-28,93.40284729003906
2019-05-29,92.95108795166016
2019-05-30,94.56558990478516
2019-05-31,96.28372192382812
2019-06-03,97.63158416748047
2019-06-04,97.6538314819336
2019-06-05,99.66081237792969
2019-06-06,100.01626586914062
2019-06-07,100.1421890258789
2019-06-10,99.76449584960938
2019-06-11,100.64578247070312
2019-06-12,100.04590606689453
2019-06-13,98.98917388916016
2019-06-14,99.55675506591797
2019-06-17,101.55818939208984
2019-06-18,101.59553527832031
2019-06-19,102.02869415283203
2019-06-20,102.25273132324219
2019-06-21,101.40135192871094
2019-06-24,100.93087768554688
2019-06-25,99.51195526123047
2019-06-26,97.42835235595703
2019-06-27,97.43583679199219
2019-06-28,97.34620666503906
2019-07-01,97.17445373535156
2019-07-02,99.51195526123047
2019-07-03,100.46038818359375
2019-07-05,100.24382781982422
2019-07-08,100.88607025146484
2019-07-09,101.057861328125
2019-07-10,101.62541961669922
2019-07-11,100.22888946533203
2019-07-12,98.96678924560547
2019-07-15,99.46713256835938
2019-07-16,99.11614227294922
2019-07-17,98.2946548461914
2019-07-18,94.747314453125
2019-07-19,93.70925903320312
2019-07-22,94.41126251220703
2019-07-23,95.36717987060547
2019-07-24,96.49485778808594
2019-07-25,96.68901824951172
2019-07-26,97.51798248291016
2019-07-29,97.20433044433594
2019-07-30,99.08627319335938
2019-07-31,99.5194091796875
2019-08-01,99.95256042480469
2019-08-02,100.99061584472656
2019-08-05,99.4223403930664
2019-08-06,101.78971862792969
2019-08-07,103.24601745605469
2019-08-08,105.25491333007812
2019-08-09,105.47893524169922
2019-08-12,105.67308044433594
2019-08-13,106.00917053222656
2019-08-14,103.7612533569336
2019-08-15,106.35270690917969
2019-08-16,106.73358917236328
2019-08-19,108.18238067626953
2019-08-20,107.92098999023438
2019-08-21,108.41385650634766
2019-08-22,109.11585998535156
2019-08-23,109.28762817382812
2019-08-26,110.22113800048828
2019-08-27,109.08601379394531
2019-08-28,109.36978149414062
2019-08-29,108.99637603759766
2019-08-30,108.41385650634766
2019-09-03,110.21369171142578
2019-09-04,111.32645416259766
2019-09-05,109.83280944824219
2019-09-06,109.36231231689453
2019-09-09,107.15176391601562
2019-09-10,104.04507446289062
2019-09-11,103.55216979980469
2019-09-12,104.51214599609375
2019-09-13,102.72772979736328
2019-09-16,103.8721694946289
2019-09-17,107.27531433105469
2019-09-18,105.82221221923828
2019-09-19,106.34174346923828
2019-09-20,105.8448257446289
2019-09-23,106.49230194091797
2019-09-24,107.17744445800781
2019-09-25,105.47587585449219
2019-09-26,106.91392517089844
2019-09-27,103.80440521240234
2019-09-30,104.66270446777344
2019-10-01,102.99122619628906
2019-10-02,102.77291107177734
2019-10-03,103.40534973144531
2019-10-04,103.84204864501953
2019-10-07,103.48065948486328
2019-10-08,103.2095947265625
2019-10-09,103.33758544921875
2019-10-10,104.06790924072266
2019-10-11,102.9084243774414
2019-10-14,102.49430847167969
2019-10-15,101.3800277709961
2019-10-16,101.41014099121094
2019-10-17,105.09186553955078
2019-10-18,108.46493530273438
2019-10-21,107.93035888671875
2019-10-22,106.38690948486328
2019-10-23,106.08570861816406
2019-10-24,106.69560241699219
2019-10-25,106.16101837158203
2019-10-28,104.95635223388672
2019-10-29,104.6702651977539
2019-10-30,104.8434066772461
2019-10-31,104.4970932006836
2019-11-01,103.46560668945312
2019-11-04,101.26707458496094
2019-11-05,99.12879943847656
2019-11-06,100.82286071777344
2019-11-07,99.31700134277344
2019-11-08,98.4887924194336
2019-11-11,98.71468353271484
2019-11-12,98.37586212158203
2019-11-13,98.91045379638672
2019-11-14,100.64216613769531
2019-11-15,101.40259552001953
2019-11-18,102.35125732421875
2019-11-19,101.13156127929688
2019-11-20,103.0665283203125
2019-11-21,101.98233032226562
2019-11-22,99.62571716308594
2019-11-25,98.92550659179688
2019-11-26,101.19931030273438
2019-11-27,100.7249984741211
2019-11-29,100.6346435546875
2019-12-02,98.59423065185547
2019-12-03,101.00353240966797
2019-12-04,101.28963470458984
2019-12-05,101.6435317993164
2019-12-06,101.98988342285156
2019-12-09,102.30609130859375
2019-12-10,100.8906021118164
2019-12-11,101.34989166259766
2019-12-12,100.27873229980469
2019-12-13,100.79533386230469
2019-12-16,102.1779556274414
2019-12-17,101.1523666381836
2019-12-18,104.22911071777344
2019-12-19,106.29546356201172
2019-12-20,107.87560272216797
2019-12-23,106.796875
2019-12-24,106.3866195678711
2019-12-26,106.81208038330078
2019-12-27,107.17670440673828
2019-12-30,107.41981506347656
2019-12-31,107.98954772949219
2020-01-02,107.63249969482422
2020-01-03,108.2250747680664
2020-01-06,107.31343841552734
2020-01-07,105.49781036376953
2020-01-08,105.93841552734375
2020-01-09,106.54618072509766
2020-01-10,108.17945098876953
2020-01-13,108.85559844970703
2020-01-14,107.83761596679688
2020-01-15,109.43299865722656
2020-01-16,110.32937622070312
2020-01-17,110.34458923339844
2020-01-21,112.59326934814453
2020-01-22,112.95792388916016
2020-01-23,113.78595733642578
2020-01-24,113.87712097167969
2020-01-27,114.18101501464844
2020-01-28,115.26736450195312
2020-01-29,113.23143005371094
2020-01-30,114.81156158447266
2020-01-31,113.83155059814453
2020-02-03,113.3377456665039
2020-02-04,114.29497528076172
2020-02-05,113.9227294921875
2020-02-06,114.33296203613281
2020-02-07,114.3253402709961
2020-02-10,116.17140197753906
2020-02-11,122.33246612548828
2020-02-12,123.98857879638672
2020-02-13,124.5279541015625
2020-02-14,126.08533477783203
2020-02-18,126.26763916015625
2020-02-19,125.80423736572266
2020-02-20,126.86023712158203
2020-02-21,127.67306518554688
2020-02-24,126.38162231445312
2020-02-25,123.84424591064453
2020-02-26,123.5935287475586
2020-02-27,112.73757934570312
2020-02-28,108.85559844970703
2020-03-02,118.69353485107422
2020-03-03,120.12937927246094
2020-03-04,124.2544937133789
2020-03-05,123.25169372558594
2020-03-06,122.17293548583984
2020-03-09,114.16582489013672
2020-03-10,121.05620574951172
2020-03-11,116.8779067993164
2020-03-12,109.11409759521484
2020-03-13,118.74610137939453
2020-03-16,103.99187469482422
2020-03-17,112.4523696899414
2020-03-18,105.89835357666016
2020-03-19,100.10997009277344
2020-03-20,98.05033111572266
2020-03-23,89.56682586669922
2020-03-24,94.71971893310547
2020-03-25,97.97379302978516
2020-03-26,109.08349609375
2020-03-27,104.81111907958984
2020-03-30,113.36349487304688
2020-03-31,110.56121063232422
2020-04-01,105.34708404541016
2020-04-02,112.06957244873047
2020-04-03,111.49532318115234
2020-04-06,113.8918228149414
2020-04-07,112.1997299194336
2020-04-08,120.48417663574219
2020-04-09,125.6753158569336
2020-04-13,120.24681091308594
2020-04-14,126.93101501464844
2020-04-15,124.38900756835938
2020-04-16,123.88365173339844
2020-04-17,127.90339660644531
2020-04-20,124.35839080810547
2020-04-21,122.25286102294922
2020-04-22,124.9326400756836
2020-04-23,122.92665100097656
2020-04-24,123.73822784423828
2020-04-27,125.4150161743164
2020-04-28,123.47023010253906
2020-04-29,119.01412200927734
2020-04-30,122.06908416748047
2020-05-01,119.75679016113281
2020-05-04,120.7674789428711
2020-05-05,121.49484252929688
2020-05-06,118.66957092285156
2020-05-07,118.43986511230469
2020-05-08,120.74445343017578
2020-05-11,122.3447036743164
2020-05-12,118.07997131347656
2020-05-13,117.29137420654297
2020-05-14,116.41089630126953
2020-05-15,114.95608520507812
2020-05-18,119.7491226196289
2020-05-19,116.80899810791016
2020-05-20,116.6558837890625
2020-05-21,115.4843978881836
2020-05-22,119.59599304199219
2020-05-26,122.19156646728516
2020-05-27,124.84844207763672
2020-05-28,129.23562622070312
2020-05-29,131.81593322753906
2020-06-01,133.04864501953125
2020-06-02,133.64588928222656
2020-06-03,133.65353393554688
2020-06-04,128.36279296875
2020-06-05,129.0901641845703
2020-06-08,132.3289337158203
2020-06-09,133.48504638671875
2020-06-10,133.29364013671875
2020-06-11,123.91088104248047
2020-06-12,126.72493743896484
2020-06-15,129.1920928955078
2020-06-16,130.74940490722656
2020-06-17,130.6414794921875
2020-06-18,127.40338134765625
2020-06-19,131.4124755859375
2020-06-22,128.2437744140625
2020-06-23,127.61930084228516
2020-06-24,124.97486114501953
2020-06-25,126.99478149414062
2020-06-26,124.38118743896484
2020-06-29,125.12903594970703
2020-06-30,129.02243041992188
2020-07-01,132.52267456054688
2020-07-02,131.6206512451172
2020-07-06,134.38070678710938
2020-07-07,132.22970581054688
2020-07-08,132.15261840820312
2020-07-09,132.337646484375
2020-07-10,132.2219696044922
2020-07-13,128.6832275390625
2020-07-14,130.56439208984375
2020-07-15,129.52354431152344
2020-07-16,127.78118896484375
2020-07-17,130.2637481689453
2020-07-20,131.1888885498047
2020-07-21,129.16122436523438
2020-07-22,129.56983947753906
2020-07-23,128.5675506591797
2020-07-24,128.52130126953125
2020-07-27,129.86282348632812
2020-07-28,132.4378662109375
2020-07-29,134.04917907714844
2020-07-30,131.2274169921875
2020-07-31,131.2274169921875
2020-08-03,126.51679229736328
2020-08-04,127.88911437988281
2020-08-05,126.84059143066406
2020-08-06,126.33949279785156
2020-08-07,129.6700439453125
2020-08-10,128.12037658691406
2020-08-11,124.73580932617188
2020-08-12,127.3648681640625
2020-08-13,126.71726989746094
2020-08-14,126.92539978027344
2020-08-17,128.02792358398438
2020-08-18,127.98162841796875
2020-08-19,125.39117431640625
2020-08-20,125.57617950439453
2020-08-21,125.79979705810547
2020-08-24,124.13446807861328
2020-08-25,123.88777923583984
2020-08-26,124.10360717773438
2020-08-27,125.99252319335938
2020-08-28,126.27777099609375
2020-08-31,125.8614730834961
2020-09-01,124.97486114501953
2020-09-02,128.19749450683594
2020-09-03,124.67414855957031
2020-09-04,123.81068420410156
2020-09-08,122.1993408203125
2020-09-09,124.350341796875
2020-09-10,122.3998031616211
2020-09-11,122.26870727539062
2020-09-14,124.4206314086914
2020-09-15,126.98422241210938
2020-09-16,129.0894775390625
2020-09-17,126.35494232177734
2020-09-18,124.04771423339844
2020-09-21,122.41632843017578
2020-09-22,124.28075408935547
2020-09-23,120.8936996459961
2020-09-24,122.2765121459961
2020-09-25,125.62472534179688
2020-09-28,127.085205078125
2020-09-29,127.54353332519531
2020-09-30,129.34585571289062
2020-10-01,130.5188751220703
2020-10-02,130.9927520751953
2020-10-05,131.02386474609375
2020-10-06,128.25047302246094
2020-10-07,128.11843872070312
2020-10-08,128.78652954101562
2020-10-09,130.01393127441406
2020-10-12,130.68978881835938
2020-10-13,129.57887268066406
2020-10-14,128.20387268066406
2020-10-15,130.61988830566406
2020-10-16,129.6565704345703
2020-10-19,127.65230560302734
2020-10-20,127.76107025146484
2020-10-21,127.24057006835938
2020-10-22,121.38309478759766
2020-10-23,123.10774230957031
2020-10-26,124.23416137695312
2020-10-27,124.77018737792969
2020-10-28,121.84922790527344
2020-10-29,122.517333984375
2020-10-30,121.34424591064453
2020-11-02,123.89231872558594
2020-11-03,124.56819915771484
2020-11-04,125.95098876953125
2020-11-05,126.56468963623047
2020-11-06,127.45809173583984
2020-11-09,125.67909240722656
2020-11-10,124.62255859375
2020-11-11,127.9009017944336
2020-11-12,129.6954345703125
2020-11-13,130.5188751220703
2020-11-16,128.5068359375
2020-11-17,129.22152709960938
2020-11-18,132.5697784423828
2020-11-19,130.58103942871094
2020-11-20,129.71096801757812
2020-11-23,129.23707580566406
2020-11-24,127.59793853759766
2020-11-25,128.14950561523438
2020-11-27,129.86636352539062
2020-11-30,130.1770782470703
2020-12-01,132.68629455566406
2020-12-02,129.60995483398438
2020-12-03,130.0760955810547
2020-12-04,127.0152816772461
2020-12-07,126.19960021972656
2020-12-08,125.32954406738281
2020-12-09,123.04556274414062
2020-12-10,122.13668060302734
2020-12-11,122.4940185546875
2020-12-14,121.58522033691406
2020-12-15,121.75756072998047
2020-12-16,120.74688720703125
2020-12-17,122.02393341064453
2020-12-18,120.50403594970703
2020-12-21,120.07311248779297
2020-12-22,120.25330352783203
2020-12-23,119.44635009765625
2020-12-24,120.65289306640625
2020-12-28,122.4156723022461
2020-12-29,122.07093048095703
2020-12-30,122.52532196044922
2020-12-31,124.71903228759766
2021-01-04,121.43633270263672
2021-01-05,121.91421508789062
2021-01-06,118.63937377929688
2021-01-07,119.43852233886719
2021-01-08,120.69989013671875
2021-01-11,119.9164047241211
2021-01-12,117.87944793701172
2021-01-13,119.62652587890625
2021-01-14,121.24830627441406
2021-01-15,123.1990966796875
2021-01-19,124.87572479248047
2021-01-20,124.6171875
2021-01-21,124.8365478515625
2021-01-22,124.50748443603516
2021-01-25,126.05094146728516
2021-01-26,128.0565643310547
2021-01-27,125.25965881347656
2021-01-28,123.88860321044922
2021-01-29,124.77389526367188
2021-02-01,128.6990203857422
2021-02-02,129.74887084960938
2021-02-03,127.82937622070312
2021-02-04,127.80586242675781
2021-02-05,127.12425231933594
2021-02-08,126.05875396728516
2021-02-09,128.4796600341797
2021-02-10,127.76670837402344
2021-02-11,126.92057800292969
2021-02-12,128.84788513183594
2021-02-16,126.88922882080078
2021-02-17,127.80586242675781
2021-02-18,129.19256591796875
2021-02-19,129.89772033691406
2021-02-22,129.52166748046875
2021-02-23,126.63851928710938
2021-02-24,126.29379272460938
2021-02-25,125.04811096191406
2021-02-26,122.02393341064453
2021-03-01,120.44129943847656
2021-03-02,119.99480438232422
2021-03-03,116.35950469970703
2021-03-04,116.83744049072266
2021-03-05,117.6365737915039
2021-03-08,114.98845672607422
2021-03-09,118.33382415771484
2021-03-10,119.03894805908203
2021-03-11,122.01610565185547
2021-03-12,125.3902816772461
2021-03-15,127.65023803710938
2021-03-16,130.42391967773438
2021-03-17,130.35281372070312
2021-03-18,130.53451538085938
2021-03-19,130.87432861328125
2021-03-22,132.6680908203125
2021-03-23,133.30027770996094
2021-03-24,132.50216674804688
2021-03-25,132.35203552246094
2021-03-26,136.9352264404297
2021-03-29,138.3101806640625
2021-03-30,135.11776733398438
2021-03-31,136.01858520507812
2021-04-01,137.85980224609375
2021-04-05,140.21458435058594
2021-04-06,139.56661987304688
2021-04-07,139.2821502685547
2021-04-08,138.87913513183594
2021-04-09,138.4761505126953
2021-04-12,140.29360961914062
2021-04-13,139.95384216308594
2021-04-14,138.83172607421875
2021-04-15,141.81871032714844
2021-04-16,141.93724060058594
2021-04-19,142.8064727783203
2021-04-20,144.60816955566406
2021-04-21,144.52122497558594
2021-04-22,145.5643310546875
2021-04-23,147.91123962402344
2021-04-26,147.0578155517578
2021-04-27,145.9830780029297
2021-04-28,146.33872985839844
2021-04-29,148.52760314941406
2021-04-30,149.39678955078125
2021-05-03,148.3221435546875
2021-05-04,145.3193359375
2021-05-05,144.7504119873047
2021-05-06,142.93292236328125
2021-05-07,144.8610076904297
2021-05-10,144.75830078125
2021-05-11,143.99180603027344
2021-05-12,141.31295776367188
2021-05-13,142.0399932861328
2021-05-14,143.1146697998047
2021-05-17,143.81796264648438
2021-05-18,144.42645263671875
2021-05-19,143.69943237304688
2021-05-20,146.54415893554688
2021-05-21,146.62319946289062
2021-05-24,147.1684112548828
2021-05-25,148.7172393798828
2021-05-26,148.85159301757812
2021-05-27,149.5706329345703
2021-05-28,149.74452209472656
2021-06-01,151.3407440185547
2021-06-02,154.33563232421875
2021-06-03,154.01954650878906
2021-06-04,155.4419403076172
2021-06-07,156.492919921875
2021-06-08,155.1021270751953
2021-06-09,155.74220275878906
2021-06-10,158.23133850097656
2021-06-11,154.59596252441406
2021-06-14,156.77561950683594
2021-06-15,155.5266571044922
2021-06-16,154.2857208251953
2021-06-17,156.60060119628906
2021-06-18,154.51644897460938
2021-06-21,157.2290496826172
2021-06-22,156.80740356445312
2021-06-23,155.92445373535156
2021-06-24,155.86077880859375
2021-06-25,156.3380889892578
2021-06-28,157.53131103515625
2021-06-29,156.9903564453125
2021-06-30,155.20054626464844
2021-07-01,154.88233947753906
2021-07-02,156.70401000976562
2021-07-06,158.80410766601562
2021-07-07,159.75868225097656
2021-07-08,159.68710327148438
2021-07-09,160.46670532226562
2021-07-12,161.54856872558594
2021-07-13,159.40872192382812
2021-07-14,160.60989379882812
2021-07-15,160.8246612548828
2021-07-16,161.57244873046875
2021-07-19,160.71328735351562
2021-07-20,161.70765686035156
2021-07-21,159.97349548339844
2021-07-22,152.75836181640625
2021-07-23,153.88795471191406
2021-07-26,152.92539978027344
2021-07-27,154.77096557617188
2021-07-28,153.4742889404297
2021-07-29,153.38682556152344
2021-07-30,153.6016082763672
2021-08-02,153.6174774169922
2021-08-03,154.9380340576172
2021-08-04,155.2323455810547
2021-08-05,154.69142150878906
2021-08-06,154.9618377685547
2021-08-09,154.50050354003906
2021-08-10,151.9151611328125
2021-08-11,152.6947021484375
2021-08-12,153.776611328125
2021-08-13,154.94601440429688
2021-08-16,155.08920288085938
2021-08-17,156.58468627929688
2021-08-18,154.37322998046875
2021-08-19,157.43588256835938
2021-08-20,157.5472412109375
2021-08-23,155.88462829589844
2021-08-24,153.1561279296875
2021-08-25,151.38218688964844
2021-08-26,150.92872619628906
2021-08-27,151.9151611328125
2021-08-30,152.98109436035156
2021-08-31,154.87437438964844
2021-09-01,157.46768188476562
2021-09-02,157.42788696289062
2021-09-03,157.90524291992188
2021-09-07,155.55056762695312
2021-09-08,156.3460235595703
2021-09-09,153.1004638671875
2021-09-10,149.83888244628906
2021-09-13,151.00833129882812
2021-09-14,151.60911560058594
2021-09-15,151.12844848632812
2021-09-16,151.5850830078125
2021-09-17,151.04031372070312
2021-09-20,149.96685791015625
2021-09-21,150.43150329589844
2021-09-22,150.17514038085938
2021-09-23,147.6917266845703
2021-09-24,145.85720825195312
2021-09-27,141.995849609375
2021-09-28,140.241455078125
2021-09-29,140.8102264404297
2021-09-30,138.8474884033203
2021-10-01,138.607177734375
2021-10-04,139.1199188232422
2021-10-05,138.15052795410156
2021-10-06,139.66465759277344
2021-10-07,138.4710235595703
2021-10-08,136.04364013671875
2021-10-11,135.1945037841797
2021-10-12,136.66851806640625
2021-10-13,135.9635467529297
2021-10-14,137.21328735351562
2021-10-15,135.26661682128906
2021-10-18,134.4333953857422
2021-10-19,138.49502563476562
2021-10-20,140.193359375
2021-10-21,142.54861450195312
2021-10-22,143.49391174316406
2021-10-25,142.3083038330078
2021-10-26,144.262939453125
2021-10-27,142.79696655273438
2021-10-28,145.7209930419922
2021-10-29,144.43922424316406
2021-11-01,145.40858459472656
2021-11-02,146.44200134277344
2021-11-03,146.53814697265625
2021-11-04,145.04006958007812
2021-11-05,144.30303955078125
2021-11-08,144.17486572265625
2021-11-09,144.87985229492188
2021-11-10,144.4712677001953
2021-11-11,144.72763061523438
2021-11-12,144.82374572753906
2021-11-15,146.42596435546875
2021-11-16,144.36715698242188
2021-11-17,147.96412658691406
2021-11-18,146.86659240722656
2021-11-19,147.19505310058594
2021-11-22,145.76905822753906
2021-11-23,147.13893127441406
2021-11-24,149.5342559814453
2021-11-26,147.00279235839844
2021-11-29,148.86935424804688
2021-11-30,145.52072143554688
2021-12-01,144.6475067138672
2021-12-02,148.7171173095703
2021-12-03,148.09225463867188
2021-12-06,150.46353149414062
2021-12-07,153.93234252929688
2021-12-08,153.45167541503906
2021-12-09,151.905517578125
2021-12-10,154.78150939941406
2021-12-13,159.12350463867188
2021-12-14,157.29949951171875
2021-12-15,158.99435424804688
2021-12-16,161.79490661621094
2021-12-17,162.4970703125
2021-12-20,163.1346435546875
2021-12-21,160.26953125
2021-12-22,161.07659912109375
2021-12-23,160.92324829101562
2021-12-27,165.24920654296875
2021-12-28,166.5001678466797
2021-12-29,167.3072509765625
2021-12-30,167.80764770507812
2021-12-31,168.46945190429688
2022-01-03,167.66238403320312
2022-01-04,163.15078735351562
2022-01-05,152.1019287109375
2022-01-06,155.36248779296875
2022-01-07,157.16226196289062
2022-01-10,153.88555908203125
2022-01-11,151.39974975585938
2022-01-12,152.87669372558594
2022-01-13,151.2303009033203
2022-01-14,148.62338256835938
2022-01-18,148.50234985351562
2022-01-19,147.84861755371094
2022-01-20,146.60569763183594
2022-01-21,147.08993530273438
2022-01-24,148.18759155273438
2022-01-25,147.033447265625
2022-01-26,142.7720947265625
2022-01-27,138.47036743164062
2022-01-28,145.82284545898438
2022-01-31,147.29977416992188
2022-02-01,145.73403930664062
2022-02-02,148.50234985351562
2022-02-03,146.62991333007812
2022-02-04,145.5161590576172
2022-02-07,145.9923095703125
2022-02-08,143.2482452392578
2022-02-09,144.9834747314453
2022-02-10,139.6648406982422
2022-02-11,136.29933166503906
2022-02-14,135.25009155273438
2022-02-15,133.652099609375
2022-02-16,132.90151977539062
2022-02-17,131.85231018066406
2022-02-18,131.02102661132812
2022-02-22,131.67474365234375
2022-02-23,129.07595825195312
2022-02-24,133.16787719726562
2022-02-25,135.25009155273438
2022-02-28,134.45111083984375
2022-03-01,135.5971221923828
2022-03-02,139.785888671875
2022-03-03,141.91656494140625
2022-03-04,144.54769897460938
2022-03-07,142.6752471923828
2022-03-08,140.3105010986328
2022-03-09,140.39927673339844
2022-03-10,142.1829376220703
2022-03-11,140.13294982910156
2022-03-14,140.6294708251953
2022-03-15,140.62132263183594
2022-03-16,141.1422576904297
2022-03-17,144.00743103027344
2022-03-18,142.34695434570312
2022-03-21,142.52606201171875
2022-03-22,141.6469268798828
2022-03-23,141.1585693359375
2022-03-24,142.69692993164062
2022-03-25,144.54469299316406
2022-03-28,147.19004821777344
2022-03-29,149.66452026367188
2022-03-30,150.22616577148438
2022-03-31,150.25869750976562
2022-04-01,153.87274169921875
2022-04-04,153.9134521484375
2022-04-05,157.1856231689453
2022-04-06,160.81591796875
2022-04-07,159.9612274169922
2022-04-08,161.1822052001953
2022-04-11,159.58680725097656
2022-04-12,157.98326110839844
2022-04-13,157.47048950195312
2022-04-14,156.83558654785156
2022-04-18,155.4274139404297
2022-04-19,157.80419921875
2022-04-20,161.1089630126953
2022-04-21,159.86355590820312
2022-04-22,158.02398681640625
2022-04-25,156.990234375
2022-04-26,153.53086853027344
2022-04-27,153.62855529785156
2022-04-28,156.33908081054688
2022-04-29,150.75523376464844
2022-05-02,147.1819305419922
2022-05-03,149.53427124023438
2022-05-04,150.1284942626953
2022-05-05,147.80868530273438
2022-05-06,148.6307830810547
2022-05-09,142.75393676757812
2022-05-10,138.61085510253906
2022-05-11,138.94454956054688
2022-05-12,140.04342651367188
2022-05-13,143.65740966796875
2022-05-16,143.00625610351562
2022-05-17,143.90977478027344
2022-05-18,142.8190460205078
2022-05-19,145.1958465576172
2022-05-20,148.30519104003906
2022-05-23,150.75523376464844
2022-05-24,155.9646453857422
2022-05-25,154.8007049560547
2022-05-26,152.64366149902344
2022-05-27,157.4135284423828
2022-05-31,154.36927795410156
2022-06-01,153.0994873046875
2022-06-02,152.38319396972656
2022-06-03,148.9889373779297
2022-06-06,150.40521240234375
2022-06-07,151.36572265625
2022-06-08,150.1365966796875
2022-06-09,146.21331787109375
2022-06-10,140.53179931640625
2022-06-13,135.1514434814453
2022-06-14,129.6902313232422
2022-06-15,131.6037139892578
2022-06-16,127.2839584350586
2022-06-17,128.23660278320312
2022-06-21,133.0080108642578
2022-06-22,138.0258026123047
2022-06-23,140.90835571289062
2022-06-24,143.70877075195312
2022-06-27,142.45228576660156
2022-06-28,138.4528045654297
2022-06-29,137.4016571044922
2022-06-30,138.28038024902344
2022-07-01,141.54891967773438
2022-07-05,140.8672637939453
2022-07-06,141.06436157226562
2022-07-07,140.95762634277344
2022-07-08,140.76051330566406
2022-07-11,141.46678161621094
2022-07-12,140.38275146484375
2022-07-13,140.35813903808594
2022-07-14,140.4484405517578
2022-07-15,142.40301513671875
2022-07-18,139.71755981445312
2022-07-19,142.50975036621094
2022-07-20,140.04603576660156
2022-07-21,142.0827178955078
2022-07-22,141.95953369140625
2022-07-25,140.84268188476562
2022-07-26,143.40487670898438
2022-07-27,142.51795959472656
2022-07-28,148.81690979003906
2022-07-29,148.36521911621094
2022-08-01,147.7985382080078
2022-08-02,146.0575408935547
2022-08-03,146.59132385253906
2022-08-04,146.46815490722656
2022-08-05,146.50921630859375
2022-08-08,147.19906616210938
2022-08-09,147.70822143554688
2022-08-10,149.3014373779297
2022-08-11,146.90342712402344
2022-08-12,149.202880859375
2022-08-15,151.22312927246094
2022-08-16,149.72023010253906
2022-08-17,149.0303955078125
2022-08-18,148.68548583984375
2022-08-19,147.9381561279297
2022-08-22,145.3594512939453
2022-08-23,142.1648406982422
2022-08-24,143.58558654785156
2022-08-25,145.70437622070312
2022-08-26,142.41122436523438
2022-08-29,142.44406127929688
2022-08-30,139.7504119873047
2022-08-31,140.29241943359375
2022-09-01,141.25326538085938
2022-09-02,137.77122497558594
2022-09-06,138.9784393310547
2022-09-07,142.63294982910156
2022-09-08,143.08462524414062
2022-09-09,143.34742736816406
2022-09-12,145.2198486328125
2022-09-13,138.89633178710938
2022-09-14,137.935302734375
2022-09-15,133.8759765625
2022-09-16,135.21804809570312
2022-09-19,135.38372802734375
2022-09-20,133.66058349609375
2022-09-21,131.21664428710938
2022-09-22,130.13970947265625
2022-09-23,127.29814147949219
2022-09-26,124.8956527709961
2022-09-27,122.72515869140625
2022-09-28,124.32405090332031
2022-09-29,119.50248718261719
2022-09-30,119.75104522705078
2022-10-03,122.36894226074219
2022-10-04,124.56432342529297
2022-10-05,120.76175689697266
2022-10-06,114.07625579833984
2022-10-07,111.30096435546875
2022-10-10,109.87604522705078
2022-10-11,109.79319763183594
2022-10-12,106.8936538696289
2022-10-13,108.62510681152344
2022-10-14,105.75040435791016
2022-10-17,110.15772247314453
2022-10-18,110.49738311767578
2022-10-19,108.27716064453125
2022-10-20,105.0462417602539
2022-10-21,102.38695526123047
2022-10-24,101.44252014160156
2022-10-25,104.73970794677734
2022-10-26,106.29718017578125
2022-10-27,106.04035949707031
2022-10-28,109.76834869384766
2022-10-31,110.39797973632812
2022-11-01,109.56951904296875
2022-11-02,106.73625183105469
2022-11-03,107.1339111328125
2022-11-04,107.7386703491211
2022-11-07,107.56470489501953
2022-11-08,107.5481185913086
2022-11-09,105.75040435791016
2022-11-10,114.87154388427734
2022-11-11,116.37101745605469
2022-11-14,111.93055725097656
2022-11-15,112.66789245605469
2022-11-16,112.34478759765625
2022-11-17,110.69618225097656
2022-11-18,112.53532409667969
2022-11-21,115.24433898925781
2022-11-22,115.24433898925781
2022-11-23,116.08106994628906
2022-11-25,116.96749114990234
2022-11-28,113.92711639404297
2022-11-29,115.24433898925781
2022-11-30,117.16631317138672
2022-12-01,117.39826202392578
2022-12-02,116.12248229980469
2022-12-05,114.83841705322266
2022-12-06,113.72000885009766
2022-12-07,114.9212417602539
2022-12-08,115.32719421386719
2022-12-09,115.83252716064453
2022-12-12,116.58642578125
2022-12-13,120.09896850585938
2022-12-14,115.13690185546875
2022-12-15,115.57241821289062
2022-12-16,112.86735534667969
2022-12-19,111.56089782714844
2022-12-20,112.0633773803711
2022-12-21,112.64122009277344
2022-12-22,113.56245422363281
2022-12-23,114.71817016601562
2022-12-27,114.67630004882812
2022-12-28,112.9427261352539
2022-12-29,115.91580200195312
2022-12-30,113.5959701538086
2023-01-03,115.83203125
2023-01-04,120.05294799804688
2023-01-05,117.8755111694336
2023-01-06,122.02938842773438
2023-01-09,121.75301361083984
2023-01-10,123.19349670410156
2023-01-11,126.95378875732422
2023-01-12,126.66905975341797
2023-01-13,126.3424301147461
2023-01-17,125.8818130493164
2023-01-18,121.64413452148438
2023-01-19,121.63577270507812
2023-01-20,124.04771423339844
2023-01-23,121.25055694580078
2023-01-24,121.69441986083984
2023-01-25,121.82839965820312
2023-01-26,124.05611419677734
2023-01-27,122.33088684082031
2023-01-30,121.22540283203125
2023-01-31,124.03935241699219
2023-02-01,124.87686157226562
2023-02-02,127.74939727783203
2023-02-03,122.24714660644531
2023-02-06,122.07125854492188
2023-02-07,121.4934310913086
2023-02-08,120.11155700683594
2023-02-09,118.08485412597656
2023-02-10,118.50358581542969
2023-02-13,118.70459747314453
2023-02-14,116.4433822631836
2023-02-15,117.35626983642578
2023-02-16,117.04639434814453
2023-02-17,117.81685638427734
2023-02-21,114.45021057128906
2023-02-22,112.40674591064453
2023-02-23,112.44022369384766
2023-02-24,109.84403991699219
2023-02-27,110.25439453125
2023-02-28,109.50067138671875
2023-03-01,108.0015869140625
2023-03-02,108.2947006225586
2023-03-03,110.13715362548828
2023-03-06,108.98979949951172
2023-03-07,105.95812225341797
2023-03-08,108.90604400634766
2023-03-09,107.08035278320312
2023-03-10,106.25962829589844
2023-03-13,109.35830688476562
2023-03-14,111.16800689697266
2023-03-15,112.47340393066406
2023-03-16,112.32928466796875
2023-03-17,110.41362762451172
2023-03-20,111.24431610107422
2023-03-21,109.76093292236328
2023-03-22,106.87047576904297
2023-03-23,104.8954849243164
2023-03-24,109.73550415039062
2023-03-27,108.04869842529297
2023-03-28,108.0656509399414
2023-03-29,111.01544952392578
2023-03-30,112.33776092529297
2023-03-31,113.44816589355469
2023-04-03,112.07498931884766
2023-04-04,113.32100677490234
2023-04-05,113.34644317626953
2023-04-06,113.9397964477539
2023-04-10,113.60073852539062
2023-04-11,114.01608276367188
2023-04-12,113.37188720703125
2023-04-13,113.52445220947266
2023-04-14,109.57445526123047
2023-04-17,112.04107666015625
2023-04-18,112.22757720947266
2023-04-19,113.20236206054688
2023-04-20,107.59098052978516
2023-04-21,106.77725219726562
2023-04-24,105.5142593383789
2023-04-25,103.60707092285156
2023-04-26,101.83549499511719
2023-04-27,104.23431396484375
2023-04-28,104.3360366821289
2023-05-01,103.4460220336914
2023-05-02,100.4623031616211
2023-05-03,99.90288543701172
2023-05-04,99.6824951171875
2023-05-05,100.44536590576172
2023-05-08,98.639892578125
2023-05-09,99.21629333496094
2023-05-10,100.82682037353516
2023-05-11,98.91114044189453
2023-05-12,98.91114044189453
2023-05-15,96.54622650146484
2023-05-16,94.46949768066406
2023-05-17,97.01242065429688
2023-05-18,96.62252044677734
2023-05-19,95.8511734008789
2023-05-22,97.52947998046875
2023-05-23,95.74943542480469
2023-05-24,94.02023315429688
2023-05-25,95.15608215332031
2023-05-26,94.73226928710938
2023-05-30,95.11370849609375
2023-05-31,95.96137237548828
2023-06-01,95.07133483886719
2023-06-02,96.63098907470703
2023-06-05,95.61382293701172
2023-06-06,95.77486419677734
2023-06-07,97.40235137939453
2023-06-08,97.95329284667969
2023-06-09,96.59708404541016
2023-06-12,97.61424255371094
2023-06-13,97.9872055053711
2023-06-14,98.30944061279297
2023-06-15,100.4404525756836
2023-06-16,98.4813003540039
2023-06-20,96.6252670288086
2023-06-21,96.37609100341797
2023-06-22,94.21929931640625
2023-06-23,94.03886413574219
2023-06-26,95.19886779785156
2023-06-27,95.68865203857422
2023-06-28,97.59623718261719
2023-06-29,98.02587890625
2023-06-30,97.90557861328125
2023-07-03,99.22027587890625
2023-07-05,101.28253173828125
2023-07-06,100.2599868774414
2023-07-07,99.2718276977539
2023-07-10,98.94530487060547
2023-07-11,99.62413024902344
2023-07-12,100.05377197265625
2023-07-13,99.13433837890625
2023-07-14,99.37493896484375
2023-07-17,94.5114517211914
2023-07-18,95.0012435913086
2023-07-19,97.52749633789062
2023-07-20,92.37186431884766
2023-07-21,92.18281555175781
2023-07-24,95.7831802368164
2023-07-25,94.9754638671875
2023-07-26,96.63385009765625
2023-07-27,94.6059799194336
2023-07-28,93.60922241210938
2023-07-31,93.05068969726562
2023-08-01,93.01631164550781
2023-08-02,91.94221496582031
2023-08-03,90.16353607177734
2023-08-04,89.2011489868164
2023-08-07,89.23551177978516
2023-08-08,89.3987808227539
2023-08-09,89.90574645996094
2023-08-10,89.95730590820312
2023-08-11,89.71671295166016
2023-08-14,88.6082534790039
2023-08-15,88.23876953125
2023-08-16,85.79841613769531
2023-08-17,85.74686431884766
2023-08-18,86.12494659423828
2023-08-21,85.27426147460938
2023-08-22,84.81884765625
2023-08-23,85.4976806640625
2023-08-24,85.54922485351562
2023-08-25,85.6695327758789
2023-08-28,85.81560516357422
2023-08-29,86.44287109375
2023-08-30,86.63191223144531
2023-08-31,86.35694885253906
2023-09-01,85.72966766357422
2023-09-05,85.91870880126953
2023-09-06,85.06803131103516
2023-09-07,85.98745727539062
2023-09-08,85.27426147460938
2023-09-11,84.66417694091797
2023-09-12,84.16580963134766
2023-09-13,83.72757720947266
2023-09-14,86.13350677490234
2023-09-15,85.94140625
2023-09-18,85.17288208007812
2023-09-19,84.68384552001953
2023-09-20,84.48298645019531
2023-09-21,81.1295166015625
2023-09-22,80.3260726928711
2023-09-25,80.61426544189453
2023-09-26,79.54010009765625
2023-09-27,78.33494567871094
2023-09-28,80.41340637207031
2023-09-29,80.36973571777344
2023-10-02,79.40911102294922
2023-10-03,77.2345962524414
2023-10-04,77.95943450927734
2023-10-05,78.43101501464844
2023-10-06,79.62743377685547
2023-10-09,81.37403869628906
2023-10-10,81.31290435791016
2023-10-11,82.56172180175781
2023-10-12,82.36084747314453
2023-10-13,82.56172180175781
2023-10-16,82.59664916992188
2023-10-17,81.56615447998047
2023-10-18,79.40911102294922
2023-10-19,75.00767517089844
2023-10-20,75.22600555419922
2023-10-23,75.6364517211914
2023-10-24,76.95514678955078
2023-10-25,76.20410919189453
2023-10-26,79.88069152832031
2023-10-27,78.48341369628906
2023-10-30,78.75414276123047
2023-10-31,81.19937133789062
2023-11-01,80.71905517578125
2023-11-02,85.19035339355469
2023-11-03,85.93266296386719
2023-11-06,84.82357025146484
2023-11-07,84.32577514648438
2023-11-08,84.43058013916016
2023-11-09,83.5048828125
2023-11-10,83.52234649658203
2023-11-13,83.43502807617188
2023-11-14,88.52635955810547
2023-11-15,90.1769027709961
2023-11-16,90.92793273925781
2023-11-17,90.7532730102539
2023-11-20,91.19865417480469
2023-11-21,90.47380065917969
2023-11-22,90.03715515136719
2023-11-24,90.45635223388672
2023-11-27,93.57402038574219
2023-11-28,97.04975891113281
2023-11-29,101.28526306152344
2023-11-30,102.42054748535156
2023-12-01,103.54711151123047
2023-12-04,103.42485809326172
2023-12-05,103.00565338134766
2023-12-06,102.2546157836914
2023-12-07,102.73492431640625
2023-12-08,101.36386108398438
2023-12-11,100.01024627685547
2023-12-12,99.5299301147461
2023-12-13,101.96643829345703
2023-12-14,101.39550018310547
2023-12-15,99.8818588256836
2023-12-18,99.51010131835938
2023-12-19,100.89981079101562
2023-12-20,101.2715835571289
2023-12-21,101.43976593017578
2023-12-22,101.64334869384766
2023-12-26,102.31607055664062
2023-12-27,102.75865936279297
2023-12-28,102.7763671875
2023-12-29,101.96200561523438
2024-01-02,103.22779083251953
2024-01-03,100.45722198486328
2024-01-04,100.90865325927734
2024-01-05,100.705078125
2024-01-08,101.58139038085938
2024-01-09,100.69622802734375
2024-01-10,100.38642120361328
2024-01-11,99.7756576538086
2024-01-12,99.76679992675781
2024-01-16,98.10269165039062
2024-01-17,96.0402603149414
2024-01-18,95.41180419921875
2024-01-19,95.57112121582031
2024-01-22,96.27040100097656
2024-01-23,95.55342102050781
2024-01-24,93.43788146972656
2024-01-25,98.08499908447266
2024-01-26,96.1287841796875
2024-01-29,96.43858337402344
2024-01-30,95.57998657226562
2024-01-31,95.81896209716797
2024-02-01,98.3062744140625
2024-02-02,95.88093566894531
2024-02-05,93.46443939208984
2024-02-06,95.2967300415039
2024-02-07,94.59744262695312
2024-02-08,95.15510559082031
2024-02-09,95.9517593383789
2024-02-12,95.765869140625
2024-02-13,93.1457748413086
2024-02-14,93.65031433105469
2024-02-15,95.58881378173828
2024-02-16,95.79241943359375
2024-02-20,96.41201782226562
2024-02-21,95.32328033447266
2024-02-22,95.57112121582031
2024-02-23,96.20844268798828
2024-02-26,93.765380859375
2024-02-27,93.5086898803711
2024-02-28,96.10222625732422
2024-02-29,97.31489562988281
2024-03-01,98.3062744140625
2024-03-04,99.84646606445312
2024-03-05,98.7577133178711
2024-03-06,99.2002944946289
2024-03-07,98.79312133789062
2024-03-08,99.95268249511719
2024-03-11,99.36847686767578
2024-03-12,98.22661590576172
2024-03-13,97.44766998291016
2024-03-14,95.35100555419922
2024-03-15,94.973876953125
2024-03-18,93.69881439208984
2024-03-19,93.88738250732422
2024-03-20,93.8514633178711
2024-03-21,93.07925415039062
2024-03-22,92.3070297241211
2024-03-25,92.95353698730469
2024-03-26,91.52582550048828
2024-03-27,94.812255859375
2024-03-28,95.02775573730469
2024-04-01,93.61801147460938
2024-04-02,92.3519287109375
2024-04-03,91.74134063720703
2024-04-04,90.96912384033203
2024-04-05,90.49320983886719
2024-04-08,89.96343994140625
2024-04-09,91.58868408203125
2024-04-10,87.72760009765625
2024-04-11,87.1708755493164
2024-04-12,86.83863830566406
2024-04-15,85.88684844970703
2024-04-16,84.36934661865234
2024-04-17,83.55223083496094
2024-04-18,84.73749542236328
2024-04-19,85.4827651977539
2024-04-22,85.3750228881836
2024-04-23,85.7252197265625
2024-04-24,85.69828796386719
2024-04-25,84.59382629394531
2024-04-26,84.02813720703125
2024-04-29,85.59052276611328
2024-04-30,84.20771789550781
2024-05-01,85.50971984863281
2024-05-02,86.59619903564453
2024-05-03,87.4492416381836
2024-05-06,86.12928009033203
2024-05-07,86.33580780029297
2024-05-08,87.37740325927734
2024-05-09,89.68507385253906
2024-05-10,89.35285186767578
2024-05-13,89.8287582397461
2024-05-14,90.74464416503906
2024-05-15,92.95353698730469
2024-05-16,93.40249633789062
2024-05-17,92.3878402709961
2024-05-20,90.34954833984375
2024-05-21,90.46627807617188
2024-05-22,89.9903793334961
2024-05-23,88.90388488769531
2024-05-24,88.10472869873047
2024-05-28,87.72760009765625
2024-05-29,87.88024139404297
2024-05-30,89.4605941772461
2024-05-31,92.03764343261719
2024-06-03,92.58539581298828
2024-06-04,93.0433349609375
2024-06-05,91.92989349365234
2024-06-06,91.26542663574219
2024-06-07,90.34954833984375
2024-06-10,89.65813446044922
2024-06-11,90.02629089355469
2024-06-12,89.49650573730469
2024-06-13,89.64019012451172
2024-06-14,90.40190124511719
2024-06-17,87.88414001464844
2024-06-18,86.97191619873047
2024-06-20,87.94800567626953
2024-06-21,88.03010559082031
2024-06-24,88.87847137451172
2024-06-25,87.25471496582031
2024-06-26,87.51013946533203
2024-06-27,88.84198760986328
2024-06-28,89.1247787475586
2024-07-01,87.55574035644531
2024-07-02,86.92630004882812
2024-07-03,88.17607116699219
2024-07-05,87.6378402709961
2024-07-08,88.13957214355469
2024-07-09,88.54095458984375
2024-07-10,89.21600341796875
2024-07-11,93.3575210571289
2024-07-12,94.46131134033203
2024-07-15,94.06906127929688
2024-07-16,94.78060150146484
2024-07-17,96.35874938964844
2024-07-18,95.8205337524414
2024-07-19,95.8570327758789
2024-07-22,94.81709289550781
2024-07-23,95.1363754272461
2024-07-24,96.2127914428711
2024-07-25,96.26753234863281
2024-07-26,98.08285522460938
2024-07-29,98.63931274414062
2024-07-30,99.81610870361328
2024-07-31,100.41817474365234
2024-08-01,102.4342041015625
2024-08-02,105.09790802001953
2024-08-05,101.04761505126953
2024-08-06,103.05451202392578
2024-08-07,101.50372314453125
2024-08-08,101.16619873046875
2024-08-09,100.92900848388672
2024-08-12,101.01112365722656
2024-08-13,100.66448211669922
2024-08-14,100.5367660522461
2024-08-15,99.58805084228516
2024-08-16,100.1992416381836
2024-08-19,99.88908386230469
2024-08-20,100.32696533203125
2024-08-21,99.94381713867188
2024-08-22,99.87994384765625
2024-08-23,102.51629638671875
2024-08-26,103.06363677978516
2024-08-27,103.57449340820312
2024-08-28,103.52886962890625
2024-08-29,101.87773895263672
2024-08-30,102.18788146972656
2024-09-03,103.40116119384766
2024-09-04,103.83902740478516
2024-09-05,103.8755111694336
2024-09-06,105.92803955078125
2024-09-09,107.22340393066406
2024-09-10,109.41275787353516
2024-09-11,109.5951919555664
2024-09-12,108.61911010742188
2024-09-13,109.8624038696289
2024-09-16,111.15653228759766
2024-09-17,110.50022888183594
2024-09-18,108.8733139038086
2024-09-19,106.460693359375
2024-09-20,106.60859680175781
2024-09-23,108.02289581298828
2024-09-24,108.50355529785156
2024-09-25,107.92121124267578
2024-09-26,106.10018157958984
2024-09-27,107.79180145263672
2024-09-30,109.6590347290039
2024-10-01,110.10274505615234
2024-10-02,107.02456665039062
2024-10-03,105.64723205566406
2024-10-04,103.04973602294922
2024-10-07,102.79090881347656
2024-10-08,103.62284851074219
2024-10-09,103.04048919677734
2024-10-10,101.62618255615234
2024-10-11,102.43040466308594
2024-10-14,103.55813598632812
2024-10-15,105.65647888183594
2024-10-16,106.93212127685547
2024-10-17,103.29931640625
2024-10-18,103.88166809082031
2024-10-21,101.8572769165039
2024-10-22,101.46903991699219
2024-10-23,102.31023406982422
2024-10-24,103.02200317382812
2024-10-25,100.67407989501953
2024-10-28,100.80349731445312
2024-10-29,98.54800415039062
2024-10-30,99.65725708007812
2024-10-31,99.36145782470703
2024-11-01,98.52027130126953
2024-11-04,100.1656723022461
2024-11-05,100.47994232177734
2024-11-06,95.64545440673828
2024-11-07,96.32949829101562
2024-11-08,97.8454818725586
2024-11-11,96.22782135009766
2024-11-12,94.51770782470703
2024-11-13,94.98914337158203
2024-11-14,95.13703918457031
2024-11-15,95.95050048828125
2024-11-18,96.68075561523438
2024-11-19,96.56983947753906
2024-11-20,96.47740936279297
2024-11-21,96.59757232666016
2024-11-22,97.46649169921875
2024-11-25,98.0580825805664
2024-11-26,98.2614517211914
2024-11-27,98.63119506835938
2024-11-29,98.21522521972656
2024-12-02,97.35556030273438
2024-12-03,96.77320861816406
2024-12-04,95.62696838378906
2024-12-05,95.50679779052734
2024-12-06,94.1479721069336
2024-12-09,94.28661346435547
2024-12-10,92.95551300048828
2024-12-11,91.67987823486328
2024-12-12,91.30087280273438
2024-12-13,91.2116470336914
2024-12-16,89.90608215332031
2024-12-17,89.11709594726562
2024-12-18,87.25735473632812
2024-12-19,85.21915435791016
2024-12-20,85.1534194946289
2024-12-23,85.23794555664062
2024-12-24,85.47276306152344
2024-12-26,85.60425567626953
2024-12-27,85.05947875976562
2024-12-30,84.32686614990234
2024-12-31,85.2473373413086
2025-01-02,83.83845520019531
2025-01-03,84.52410125732422
2025-01-06,83.16218566894531
2025-01-07,82.14777374267578
2025-01-08,82.18534851074219
2025-01-10,79.20789337158203
2025-01-13,80.52285766601562
2025-01-14,81.40576171875
2025-01-15,81.37757873535156
2025-01-16,85.14402770996094
2025-01-17,85.52912139892578
2025-01-21,85.19097137451172
2025-01-22,83.0588607788086
2025-01-23,83.256103515625
2025-01-24,83.1152114868164
2025-01-27,86.81590270996094
2025-01-28,84.2986831665039
2025-01-29,82.55166625976562
2025-01-30,83.6224136352539
2025-01-31,83.85723114013672
2025-02-03,83.9041976928711
2025-02-04,83.17157745361328
2025-02-05,84.3926010131836
2025-02-06,84.75891876220703
2025-02-07,84.07327270507812
2025-02-10,84.22354125976562
2025-02-11,85.67940521240234
2025-02-12,84.2799072265625
2025-02-13,84.4113998413086
2025-02-14,82.61741638183594
2025-02-18,83.88540649414062
2025-02-19,83.83845520019531
2025-02-20,85.68878936767578
2025-02-21,86.59048461914062
2025-02-24,86.93800354003906
2025-02-25,87.66124725341797
2025-02-26,86.06449127197266
2025-02-27,87.77395629882812
2025-02-28,88.38446807861328
2025-03-03,90.0375747680664
2025-03-04,88.48778533935547
2025-03-05,88.88227081298828
2025-03-06,89.39887237548828
2025-03-07,91.79399108886719
2025-03-10,92.53599548339844
2025-03-11,91.70006561279297
2025-03-12,89.50218963623047
2025-03-13,89.31433868408203
2025-03-14,98.5728530883789
2025-03-17,98.27681732177734
2025-03-18,100.21542358398438
2025-03-19,99.6519775390625
2025-03-20,99.88116455078125
2025-03-21,101.60012817382812
2025-03-24,99.61376953125
2025-03-25,95.92755889892578
2025-03-26,96.53874206542969
2025-03-27,97.9712142944336
2025-03-28,98.93573760986328
2025-03-31,99.53739166259766
2025-04-01,99.90027618408203
2025-04-02,99.13629150390625
2025-04-03,102.2399673461914
2025-04-04,96.43370056152344
2025-04-07,93.78841400146484
2025-04-08,90.56059265136719
2025-04-09,91.2386245727539
2025-04-10,90.875732421875
2025-04-11,92.3177490234375
2025-04-14,95.34502410888672
2025-04-15,95.98486328125
2025-04-16,96.69154357910156
2025-04-17,98.92619323730469
2025-04-21,97.53192901611328
2025-04-22,99.67108917236328
2025-04-23,97.6751708984375
2025-04-24,96.21406555175781
2025-04-25,95.67926788330078
2025-04-28,96.37640380859375
2025-04-29,99.03124237060547
2025-04-30,100.99850463867188
2025-05-01,101.51419067382812
2025-05-02,102.05852508544922
2025-05-05,102.16357421875
2025-05-06,101.6287841796875
2025-05-07,100.03397369384766
2025-05-08,98.6301498413086
2025-05-09,100.27272033691406
2025-05-12,95.95621490478516
2025-05-13,93.89346313476562
2025-05-14,93.80752563476562
2025-05-15,96.233154296875
2025-05-16,97.71337127685547
2025-05-19,98.34366607666016
2025-05-20,98.2863540649414
2025-05-21,96.94938659667969
2025-05-22,95.42142486572266
2025-05-23,95.65062713623047
2025-05-27,96.02306365966797
2025-05-28,95.15403747558594
2025-05-29,95.83206939697266
2025-05-30,95.83206939697266
2025-06-02,95.39278411865234
2025-06-03,95.36412811279297
2025-06-04,95.71747589111328
2025-06-05,95.76521301269531
2025-06-06,94.49508666992188
2025-06-09,94.56194305419922
2025-06-10,95.39278411865234
2025-06-11,94.95348358154297
2025-06-12,95.52648162841797
2025-06-13,94.96953582763672
2025-06-16,95.55831909179688
2025-06-17,95.37493133544922
2025-06-18,95.92510986328125
2025-06-20,96.69730377197266
2025-06-23,98.9655990600586
2025-06-24,99.60266876220703
2025-06-25,98.28028869628906
2025-06-26,96.86138916015625
2025-06-27,97.15096282958984
2025-06-30,99.15866088867188
2025-07-01,100.11424255371094
2025-07-02,99.58335876464844
2025-07-03,99.34204864501953
2025-07-07,98.30924987792969
2025-07-08,99.01386260986328
2025-07-09,99.81501770019531
2025-07-10,100.35554504394531
2025-07-11,99.18761444091797
2025-07-14,99.65093231201172
2025-07-15,98.40576171875
2025-07-16,100.18180847167969
2025-07-17,100.61615753173828
2025-07-18,101.48487091064453
2025-07-21,102.7010726928711
2025-07-22,106.41722869873047
2025-07-23,105.9153060913086
2025-07-24,109.94999694824219
2025-07-25,107.60447692871094
2025-07-28,105.01763916015625
2025-07-29,105.52920532226562
2025-07-30,103.25125122070312
2025-07-31,101.43660736083984
2025-08-01,103.16438293457031
2025-08-04,103.4636001586914
2025-08-05,101.29182434082031
2025-08-06,101.62965393066406
2025-08-07,102.51766967773438
2025-08-08,100.86711883544922
2025-08-11,100.17214965820312
2025-08-12,98.7725601196289
2025-08-13,98.28028869628906
2025-08-14,97.53706359863281
2025-08-15,98.15481567382812
2025-08-18,97.054443359375
2025-08-19,98.85942840576172
2025-08-20,99.28413391113281
2025-08-21,99.2262191772461
2025-08-22,100.18180847167969
2025-08-25,99.39031219482422
2025-08-26,97.865234375
2025-08-27,96.66835021972656
2025-08-28,94.34212493896484
2025-08-29,95.6934585571289
2025-09-02,94.68961334228516
2025-09-03,93.69541931152344
2025-09-04,92.14138793945312
2025-09-05,92.80740356445312
2025-09-08,90.61631774902344
2025-09-09,91.21475982666016
2025-09-10,90.76110076904297
2025-09-11,92.25721740722656
2025-09-12,92.0738296508789
2025-09-15,91.33490753173828
2025-09-16,91.33490753173828
2025-09-17,92.53553009033203
2025-09-18,90.7394790649414
2025-09-19,91.36418914794922
2025-09-22,92.02794647216797
2025-09-23,92.09627532958984
2025-09-24,91.47156524658203
2025-09-25,91.73512268066406
2025-09-26,93.03334045410156
2025-09-29,93.89232635498047
2025-09-30,94.1851577758789
2025-10-01,93.42378997802734
2025-10-02,93.17976379394531
2025-10-03,93.16999816894531
2025-10-06,91.744873046875
2025-10-07,92.8674087524414
2025-10-08,94.11682891845703
2025-10-09,94.31205749511719
2025-10-10,95.2491226196289
2025-10-13,93.80447387695312
2025-10-14,94.96605682373047
2025-10-15,95.7176513671875
2025-10-16,95.7176513671875
2025-10-17,95.1515121459961
2025-10-20,96.50830841064453
2025-10-21,96.29356384277344
2025-10-22,95.36625671386719
2025-10-23,95.92263793945312
2025-10-24,96.13738250732422
2025-10-27,95.26864624023438
2025-10-28,92.32078552246094
2025-10-29,90.11476135253906
2025-10-30,89.1386489868164
2025-10-31,88.06492614746094
2025-11-03,87.38164520263672
2025-11-04,88.16254425048828
2025-11-05,87.68424224853516
2025-11-06,85.71249389648438
2025-11-07,87.40117645263672
2025-11-10,89.636474609375
2025-11-11,91.9791488647461
2025-11-12,91.4325180053711
2025-11-13,88.44561767578125
2025-11-14,89.49005889892578
2025-11-17,88.38705444335938
2025-11-18,88.86534118652344
2025-11-19,88.87510681152344
2025-11-20,87.96731567382812
2025-11-21,87.85994720458984
2025-11-24,86.89358520507812
2025-11-25,87.26451873779297
2025-11-26,88.38705444335938
2025-11-28,89.09960174560547
2025-12-01,86.38601684570312
2025-12-02,86.17127227783203
2025-12-03,86.22007751464844
2025-12-04,86.4933853149414
2025-12-05,87.14738464355469
2025-12-08,88.65059661865234
2025-12-09,88.04540252685547
2025-12-10,88.47489929199219
2025-12-11,89.64623260498047
2025-12-12,88.7872543334961
2025-12-15,88.3852767944336
2025-12-16,86.81490325927734
2025-12-17,87.16058349609375
2025-12-18,85.8272476196289
2025-12-19,85.03712463378906
2025-12-22,85.36305236816406
2025-12-23,86.34082794189453
2025-12-24,86.76551818847656
2025-12-26,87.19021606445312
2025-12-29,87.5655288696289
2025-12-30,88.00009155273438
2025-12-31,87.77293395996094
