Date,CDW
2015-07-01,30.531618118286133
2015-07-02,30.355403900146484
2015-07-06,30.064632415771484
2015-07-07,30.302526473999023
2015-07-08,29.81789779663086
2015-07-09,29.729793548583984
2015-07-10,29.90601348876953
2015-07-13,30.293716430664062
2015-07-14,30.681413650512695
2015-07-15,30.23204803466797
2015-07-16,30.311338424682617
2015-07-17,30.091053009033203
2015-07-20,29.95006561279297
2015-07-21,29.720983505249023
2015-07-22,30.135116577148438
2015-07-23,30.16155242919922
2015-07-24,29.615232467651367
2015-07-27,29.350893020629883
2015-07-28,30.399456024169922
2015-07-29,30.884077072143555
2015-07-30,31.227720260620117
2015-07-31,31.65949821472168
2015-08-03,34.038578033447266
2015-08-04,34.45271682739258
2015-08-05,34.999019622802734
2015-08-06,34.65538024902344
2015-08-07,34.285301208496094
2015-08-10,34.620121002197266
2015-08-11,34.70824432373047
2015-08-12,34.2764778137207
2015-08-13,34.20599365234375
2015-08-14,34.52321243286133
2015-08-17,35.007843017578125
2015-08-18,34.7611083984375
2015-08-19,34.7611083984375
2015-08-20,34.06501007080078
2015-08-21,33.76313400268555
2015-08-24,33.02166748046875
2015-08-25,33.14524841308594
2015-08-26,34.84883117675781
2015-08-27,35.396114349365234
2015-08-28,35.28135681152344
2015-08-31,35.08718490600586
2015-09-01,33.90436935424805
2015-09-02,34.23978805541992
2015-09-03,34.64582824707031
2015-09-04,34.16034698486328
2015-09-08,35.572662353515625
2015-09-09,35.66092300415039
2015-09-10,35.969871520996094
2015-09-11,36.27881622314453
2015-09-14,36.243507385253906
2015-09-15,36.68484878540039
2015-09-16,36.91436004638672
2015-09-17,36.43771743774414
2015-09-18,36.04049301147461
2015-09-21,35.80215835571289
2015-09-22,35.59913635253906
2015-09-23,35.722713470458984
2015-09-24,35.82864761352539
2015-09-25,35.9963493347168
2015-09-28,34.7164421081543
2015-09-29,35.148963928222656
2015-09-30,36.06697082519531
2015-10-01,36.19937515258789
2015-10-02,35.82864761352539
2015-10-05,36.870208740234375
2015-10-06,36.92319869995117
2015-10-07,37.60285949707031
2015-10-08,37.56755065917969
2015-10-09,37.71760559082031
2015-10-12,37.99124526977539
2015-10-13,38.3531494140625
2015-10-14,38.26486587524414
2015-10-15,38.45907974243164
2015-10-16,38.79449462890625
2015-10-19,38.97987747192383
2015-10-20,38.83863830566406
2015-10-21,38.58264923095703
2015-10-22,39.61540985107422
2015-10-23,39.57126998901367
2015-10-26,39.12993621826172
2015-10-27,39.05929946899414
2015-10-28,39.59775161743164
2015-10-29,39.491825103759766
2015-10-30,39.44768142700195
2015-11-02,39.403564453125
2015-11-03,39.244659423828125
2015-11-04,40.54222106933594
2015-11-05,40.833526611328125
2015-11-06,38.50320816040039
2015-11-09,37.74408721923828
2015-11-10,37.902976989746094
2015-11-11,37.95595169067383
2015-11-12,37.611690521240234
2015-11-13,37.02909851074219
2015-11-16,37.67348098754883
2015-11-17,38.91807556152344
2015-11-18,38.97105026245117
2015-11-19,39.89787292480469
2015-11-20,39.809593200683594
2015-11-23,39.692806243896484
2015-11-24,39.06460189819336
2015-11-25,39.12651443481445
2015-11-27,39.06460189819336
2015-11-30,38.19746780395508
2015-12-01,39.082279205322266
2015-12-02,38.59563446044922
2015-12-03,38.46292495727539
2015-12-04,39.48044204711914
2015-12-07,39.02033615112305
2015-12-08,39.197296142578125
2015-12-09,38.4983024597168
2015-12-10,38.80799102783203
2015-12-11,37.88778305053711
2015-12-14,37.76390838623047
2015-12-15,38.16205596923828
2015-12-16,38.746055603027344
2015-12-17,37.772762298583984
2015-12-18,37.52500915527344
2015-12-21,37.463069915771484
2015-12-22,37.870086669921875
2015-12-23,37.843544006347656
2015-12-24,38.01165771484375
2015-12-28,37.57809829711914
2015-12-29,38.34787368774414
2015-12-30,38.25941467285156
2015-12-31,37.197635650634766
2016-01-04,36.233184814453125
2016-01-05,36.21547317504883
2016-01-06,36.498619079589844
2016-01-07,35.11830520629883
2016-01-08,35.08292007446289
2016-01-11,35.251033782958984
2016-01-12,35.516475677490234
2016-01-13,33.57872772216797
2016-01-14,33.463706970214844
2016-01-15,32.81778335571289
2016-01-19,32.950504302978516
2016-01-20,32.78239822387695
2016-01-21,33.295589447021484
2016-01-22,33.932655334472656
2016-01-25,33.57872772216797
2016-01-26,33.994598388671875
2016-01-27,33.32213592529297
2016-01-28,33.01245880126953
2016-01-29,34.021148681640625
2016-02-01,33.79109191894531
2016-02-02,33.04783630371094
2016-02-03,33.19824981689453
2016-02-04,33.27789306640625
2016-02-05,32.04800033569336
2016-02-08,31.24281883239746
2016-02-09,31.331302642822266
2016-02-10,30.75617218017578
2016-02-11,29.80942153930664
2016-02-12,30.35801124572754
2016-02-16,32.08339309692383
2016-02-17,32.853187561035156
2016-02-18,33.19824981689453
2016-02-19,33.7999382019043
2016-02-22,34.47239303588867
2016-02-23,34.37302780151367
2016-02-24,34.51498031616211
2016-02-25,34.79890823364258
2016-02-26,34.43513488769531
2016-02-29,35.11833572387695
2016-03-01,35.801536560058594
2016-03-02,35.30466079711914
2016-03-03,36.24517059326172
2016-03-04,36.22743225097656
2016-03-07,36.19193649291992
2016-03-08,35.881385803222656
2016-03-09,35.970115661621094
2016-03-10,35.62407684326172
2016-03-11,36.05883026123047
2016-03-14,36.21854019165039
2016-03-15,36.573455810546875
2016-03-16,36.51136016845703
2016-03-17,36.28953552246094
2016-03-18,36.64443588256836
2016-03-21,36.493621826171875
2016-03-22,36.733177185058594
2016-03-23,36.0854606628418
2016-03-24,36.03221130371094
2016-03-28,36.11208724975586
2016-03-29,36.8218994140625
2016-03-30,36.83077621459961
2016-03-31,36.8218994140625
2016-04-01,37.05259323120117
2016-04-04,36.76866912841797
2016-04-05,36.608951568603516
2016-04-06,37.40750503540039
2016-04-07,36.963863372802734
2016-04-08,36.875125885009766
2016-04-11,36.92837905883789
2016-04-12,36.937252044677734
2016-04-13,37.47848129272461
2016-04-14,37.309898376464844
2016-04-15,37.32764434814453
2016-04-18,37.744667053222656
2016-04-19,38.028594970703125
2016-04-20,37.60270690917969
2016-04-21,37.42524337768555
2016-04-22,37.34537887573242
2016-04-25,35.64181900024414
2016-04-26,36.21854019165039
2016-04-27,36.25404357910156
2016-04-28,35.597469329833984
2016-04-29,34.16007995605469
2016-05-02,34.09796905517578
2016-05-03,34.01810836791992
2016-05-04,36.07659149169922
2016-05-05,35.91687774658203
2016-05-06,35.95237350463867
2016-05-09,36.20966339111328
2016-05-10,36.89288330078125
2016-05-11,36.8218994140625
2016-05-12,36.92837905883789
2016-05-13,36.68879699707031
2016-05-16,37.34537887573242
2016-05-17,36.85738754272461
2016-05-18,37.33652877807617
2016-05-19,37.45186996459961
2016-05-20,37.87775802612305
2016-05-23,37.23552322387695
2016-05-24,37.23552322387695
2016-05-25,37.33336639404297
2016-05-26,37.24440383911133
2016-05-27,37.32447814941406
2016-05-31,37.85818862915039
2016-06-01,37.90266418457031
2016-06-02,37.9382438659668
2016-06-03,38.00051498413086
2016-06-06,37.769229888916016
2016-06-07,37.893768310546875
2016-06-08,38.24958801269531
2016-06-09,38.15171813964844
2016-06-10,38.080570220947266
2016-06-13,37.7425537109375
2016-06-14,37.7425537109375
2016-06-15,37.715858459472656
2016-06-16,36.29261779785156
2016-06-17,36.043548583984375
2016-06-20,36.586177825927734
2016-06-21,36.86191940307617
2016-06-22,36.79964828491211
2016-06-23,37.1198844909668
2016-06-24,35.30525588989258
2016-06-27,34.94943618774414
2016-06-28,35.260780334472656
2016-06-29,35.331932067871094
2016-06-30,35.652164459228516
2016-07-01,35.847862243652344
2016-07-05,35.44757843017578
2016-07-06,35.57211685180664
2016-07-07,35.54542922973633
2016-07-08,35.963504791259766
2016-07-11,36.390464782714844
2016-07-12,36.47053146362305
2016-07-13,36.443843841552734
2016-07-14,36.657325744628906
2016-07-15,36.692901611328125
2016-07-18,36.79075622558594
2016-07-19,37.03092956542969
2016-07-20,37.733642578125
2016-07-21,37.68917465209961
2016-07-22,37.59131622314453
2016-07-25,37.91155242919922
2016-07-26,37.9471435546875
2016-07-27,37.90266418457031
2016-07-28,37.97382736206055
2016-07-29,38.18730545043945
2016-08-01,38.267372131347656
2016-08-02,37.92045211791992
2016-08-03,39.33479690551758
2016-08-04,39.40596389770508
2016-08-05,39.7884521484375
2016-08-08,40.01972961425781
2016-08-09,40.78471374511719
2016-08-10,40.65129852294922
2016-08-11,40.49117660522461
2016-08-12,40.28657913208008
2016-08-15,40.31327819824219
2016-08-16,39.66392135620117
2016-08-17,39.59275817871094
2016-08-18,39.939666748046875
2016-08-19,39.91298294067383
2016-08-22,40.090911865234375
2016-08-23,40.08018493652344
2016-08-24,40.08018493652344
2016-08-25,39.973175048828125
2016-08-26,39.447120666503906
2016-08-29,39.750274658203125
2016-08-30,39.973175048828125
2016-08-31,39.81269454956055
2016-09-01,39.554115295410156
2016-09-02,39.919700622558594
2016-09-06,40.13369369506836
2016-09-07,40.169349670410156
2016-09-08,39.8929328918457
2016-09-09,38.95669174194336
2016-09-12,39.48278045654297
2016-09-13,39.12611770629883
2016-09-14,39.259857177734375
2016-09-15,39.79486083984375
2016-09-16,40.03559494018555
2016-09-19,40.69544982910156
2016-09-20,40.927276611328125
2016-09-21,41.50684356689453
2016-09-22,42.21126174926758
2016-09-23,41.26609802246094
2016-09-26,40.66869354248047
2016-09-27,40.72219467163086
2016-09-28,40.72219467163086
2016-09-29,40.38335037231445
2016-09-30,40.775691986083984
2016-10-03,40.67761993408203
2016-10-04,40.94509506225586
2016-10-05,40.76677703857422
2016-10-06,40.57952880859375
2016-10-07,40.222862243652344
2016-10-10,40.11586380004883
2016-10-11,39.473873138427734
2016-10-12,39.81269454956055
2016-10-13,39.83052444458008
2016-10-14,39.51844024658203
2016-10-17,39.40252685546875
2016-10-18,39.48278045654297
2016-10-19,39.37578582763672
2016-10-20,39.3222770690918
2016-10-21,39.500614166259766
2016-10-24,40.062355041503906
2016-10-25,39.919700622558594
2016-10-26,40.10693359375
2016-10-27,39.92861557006836
2016-10-28,39.973175048828125
2016-10-31,40.044532775878906
2016-11-01,40.25851821899414
2016-11-02,39.108280181884766
2016-11-03,39.24203109741211
2016-11-04,38.99235916137695
2016-11-07,40.37443542480469
2016-11-08,39.74136734008789
2016-11-09,39.661109924316406
2016-11-10,39.67002868652344
2016-11-11,41.453346252441406
2016-11-14,43.495262145996094
2016-11-15,43.869754791259766
2016-11-16,45.16267013549805
2016-11-17,46.33074188232422
2016-11-18,45.858150482177734
2016-11-21,46.16132354736328
2016-11-22,45.812503814697266
2016-11-23,45.93770980834961
2016-11-25,46.36704635620117
2016-11-28,46.2418212890625
2016-11-29,46.31337356567383
2016-11-30,45.83039855957031
2016-12-01,47.261478424072266
2016-12-02,47.261478424072266
2016-12-05,47.18097686767578
2016-12-06,47.75340270996094
2016-12-07,48.62099838256836
2016-12-08,49.55120849609375
2016-12-09,47.7891845703125
2016-12-12,47.44931411743164
2016-12-13,47.78024673461914
2016-12-14,47.485076904296875
2016-12-15,47.72658157348633
2016-12-16,47.27041244506836
2016-12-19,47.2972526550293
2016-12-20,47.7891845703125
2016-12-21,47.36880111694336
2016-12-22,46.51910400390625
2016-12-23,47.43141174316406
2016-12-27,47.681854248046875
2016-12-28,47.18992614746094
2016-12-29,47.1273078918457
2016-12-30,46.59065246582031
2017-01-03,46.09872055053711
2017-01-04,46.850040435791016
2017-01-05,46.39387130737305
2017-01-06,46.232872009277344
2017-01-09,45.767791748046875
2017-01-10,46.72481918334961
2017-01-11,47.36880111694336
2017-01-12,47.17203140258789
2017-01-13,47.601348876953125
2017-01-17,47.1273078918457
2017-01-18,46.885807037353516
2017-01-19,46.51910400390625
2017-01-20,46.52804946899414
2017-01-23,46.018218994140625
2017-01-24,46.2418212890625
2017-01-25,46.28655242919922
2017-01-26,46.25973129272461
2017-01-27,46.04506301879883
2017-01-30,45.6515007019043
2017-01-31,46.0718879699707
2017-02-01,47.2972526550293
2017-02-02,47.234642028808594
2017-02-03,47.71763610839844
2017-02-06,47.76234817504883
2017-02-07,50.91967010498047
2017-02-08,51.125396728515625
2017-02-09,52.14503479003906
2017-02-10,52.511749267578125
2017-02-13,53.0036735534668
2017-02-14,53.11101150512695
2017-02-15,52.994747161865234
2017-02-16,52.61908721923828
2017-02-17,53.656612396240234
2017-02-21,53.343570709228516
2017-02-22,53.72920227050781
2017-02-23,53.2000846862793
2017-02-24,53.25388717651367
2017-02-27,53.28078842163086
2017-02-28,52.82339859008789
2017-03-01,53.61261749267578
2017-03-02,53.51395797729492
2017-03-03,53.21800994873047
2017-03-06,53.34356689453125
2017-03-07,53.34356689453125
2017-03-08,53.05659103393555
2017-03-09,53.39738082885742
2017-03-10,53.09246063232422
2017-03-13,53.155242919921875
2017-03-14,53.28976058959961
2017-03-15,53.854766845703125
2017-03-16,54.348018646240234
2017-03-17,54.132774353027344
2017-03-20,53.56777572631836
2017-03-21,51.97142028808594
2017-03-22,52.070072174072266
2017-03-23,52.096981048583984
2017-03-24,51.68443298339844
2017-03-27,51.065608978271484
2017-03-28,50.99386215209961
2017-03-29,51.10149383544922
2017-03-30,51.46022033691406
2017-03-31,51.75617599487305
2017-04-03,51.702369689941406
2017-04-04,51.92657470703125
2017-04-05,51.37053298950195
2017-04-06,51.98936080932617
2017-04-07,51.96245193481445
2017-04-10,51.69339370727539
2017-04-11,51.58577346801758
2017-04-12,50.85935592651367
2017-04-13,50.922119140625
2017-04-17,51.244972229003906
2017-04-18,51.47815704345703
2017-04-19,51.702369689941406
2017-04-20,52.177696228027344
2017-04-21,51.80101013183594
2017-04-24,52.724761962890625
2017-04-25,53.209041595458984
2017-04-26,53.56777572631836
2017-04-27,53.63951873779297
2017-04-28,52.99380111694336
2017-05-01,53.14625549316406
2017-05-02,52.94895553588867
2017-05-03,52.73372268676758
2017-05-04,53.05659103393555
2017-05-05,52.697845458984375
2017-05-08,52.93999481201172
2017-05-09,53.34356689453125
2017-05-10,53.59467697143555
2017-05-11,53.72920227050781
2017-05-12,52.67094039916992
2017-05-15,52.922061920166016
2017-05-16,53.424278259277344
2017-05-17,52.769596099853516
2017-05-18,50.67100143432617
2017-05-19,51.20014572143555
2017-05-22,51.52299880981445
2017-05-23,51.86474609375
2017-05-24,52.59320831298828
2017-05-25,53.41159439086914
2017-05-26,53.35764694213867
2017-05-30,53.39361572265625
2017-05-31,54.12207794189453
2017-06-01,54.96745300292969
2017-06-02,55.075374603271484
2017-06-05,55.075374603271484
2017-06-06,55.21028137207031
2017-06-07,55.77685546875
2017-06-08,56.33443832397461
2017-06-09,54.670677185058594
2017-06-12,54.841548919677734
2017-06-13,55.3631706237793
2017-06-14,55.45309829711914
2017-06-15,55.81283950805664
2017-06-16,55.704925537109375
2017-06-19,56.23551940917969
2017-06-20,56.55928039550781
2017-06-21,56.45136260986328
2017-06-22,56.811100006103516
2017-06-23,58.65472412109375
2017-06-26,58.14211654663086
2017-06-27,56.56828308105469
2017-06-28,57.02692794799805
2017-06-29,56.541297912597656
2017-06-30,56.23551940917969
2017-07-03,56.44236373901367
2017-07-05,56.649208068847656
2017-07-06,55.066383361816406
2017-07-07,56.0826416015625
2017-07-10,56.325462341308594
2017-07-11,56.86505889892578
2017-07-12,57.06291198730469
2017-07-13,56.97296905517578
2017-07-14,57.161842346191406
2017-07-17,57.30574417114258
2017-07-18,57.18881607055664
2017-07-19,57.61149215698242
2017-07-20,57.260765075683594
2017-07-21,57.1258659362793
2017-07-24,57.11687088012695
2017-07-25,57.377681732177734
2017-07-26,57.494598388671875
2017-07-27,56.98198699951172
2017-07-28,56.99095153808594
2017-07-31,57.044925689697266
2017-08-01,57.53055953979492
2017-08-02,57.395660400390625
2017-08-03,57.87232208251953
2017-08-04,56.92800521850586
2017-08-07,57.38667678833008
2017-08-08,57.4046745300293
2017-08-09,56.5772819519043
2017-08-10,54.661685943603516
2017-08-11,54.91349411010742
2017-08-14,55.93873596191406
2017-08-15,55.47108459472656
2017-08-16,55.64195251464844
2017-08-17,55.2552490234375
2017-08-18,54.31093978881836
2017-08-21,54.167057037353516
2017-08-22,54.670677185058594
2017-08-23,55.07644271850586
2017-08-24,55.39204406738281
2017-08-25,56.04127883911133
2017-08-28,55.337947845458984
2017-08-29,55.52730941772461
2017-08-30,56.27572250366211
2017-08-31,57.18644714355469
2017-09-01,55.96913528442383
2017-09-05,54.43623352050781
2017-09-06,53.97636795043945
2017-09-07,53.48041915893555
2017-09-08,53.164817810058594
2017-09-11,54.04848098754883
2017-09-12,54.571495056152344
2017-09-13,55.283836364746094
2017-09-14,55.60845947265625
2017-09-15,55.80683517456055
2017-09-18,56.62739181518555
2017-09-19,56.67247772216797
2017-09-20,56.63641357421875
2017-09-21,56.51919174194336
2017-09-22,57.88977813720703
2017-09-25,57.43893051147461
2017-09-26,58.250465393066406
2017-09-27,58.809513092041016
2017-09-28,59.71123504638672
2017-09-29,59.51285934448242
2017-10-02,61.60483932495117
2017-10-03,62.08274459838867
2017-10-04,62.84919357299805
2017-10-05,62.479488372802734
2017-10-06,62.795108795166016
2017-10-09,63.37215805053711
2017-10-10,63.390228271484375
2017-10-11,62.25405502319336
2017-10-12,62.17290115356445
2017-10-13,61.388427734375
2017-10-16,61.57778549194336
2017-10-17,61.80320358276367
2017-10-18,61.902400970458984
2017-10-19,61.66794967651367
2017-10-20,62.777069091796875
2017-10-23,62.72292709350586
2017-10-24,63.08363342285156
2017-10-25,62.362274169921875
2017-10-26,62.488494873046875
2017-10-27,62.759029388427734
2017-10-30,62.49748992919922
2017-10-31,63.11968994140625
2017-11-01,62.14585494995117
2017-11-02,63.11968994140625
2017-11-03,63.15577697753906
2017-11-06,63.300025939941406
2017-11-07,61.631874084472656
2017-11-08,61.18103790283203
2017-11-09,60.55884552001953
2017-11-10,60.649009704589844
2017-11-13,61.08182907104492
2017-11-14,60.567874908447266
2017-11-15,59.29645538330078
2017-11-16,59.891578674316406
2017-11-17,59.61203384399414
2017-11-20,60.18913650512695
2017-11-21,59.882564544677734
2017-11-22,59.9730224609375
2017-11-24,60.036338806152344
2017-11-27,60.10870361328125
2017-11-28,62.795265197753906
2017-11-29,62.33395004272461
2017-11-30,63.32895278930664
2017-12-01,62.54198455810547
2017-12-04,63.44658279418945
2017-12-05,62.78622817993164
2017-12-06,61.89975357055664
2017-12-07,62.433441162109375
2017-12-08,63.10280990600586
2017-12-11,63.56415557861328
2017-12-12,63.491783142089844
2017-12-13,62.9581184387207
2017-12-14,61.14896011352539
2017-12-15,61.91783142089844
2017-12-18,63.39230728149414
2017-12-19,63.33802032470703
2017-12-20,63.68173599243164
2017-12-21,62.49676513671875
2017-12-22,62.59626770019531
2017-12-26,62.40631866455078
2017-12-27,62.9581184387207
2017-12-28,63.238494873046875
2017-12-29,62.85859298706055
2018-01-02,63.10280990600586
2018-01-03,64.94815826416016
2018-01-04,66.08792877197266
2018-01-05,65.97936248779297
2018-01-08,66.07886505126953
2018-01-09,65.90699005126953
2018-01-10,65.4366226196289
2018-01-11,65.78938293457031
2018-01-12,65.92509460449219
2018-01-16,65.26475524902344
2018-01-17,66.46782684326172
2018-01-18,66.74826049804688
2018-01-19,68.03271484375
2018-01-22,67.85182189941406
2018-01-23,68.38550567626953
2018-01-24,67.87895202636719
2018-01-25,68.1774673461914
2018-01-26,68.45790100097656
2018-01-29,68.56644439697266
2018-01-30,67.8337173461914
2018-01-31,67.6528091430664
2018-02-01,69.19965362548828
2018-02-02,68.67499542236328
2018-02-05,66.76631927490234
2018-02-06,66.25074005126953
2018-02-07,61.872615814208984
2018-02-08,62.46059799194336
2018-02-09,62.54198455810547
2018-02-12,61.79119873046875
2018-02-13,62.75004959106445
2018-02-14,63.66365432739258
2018-02-15,64.51396179199219
2018-02-16,64.6406021118164
2018-02-20,64.1430892944336
2018-02-21,64.34209442138672
2018-02-22,64.64961242675781
2018-02-23,65.3572998046875
2018-02-26,66.70000457763672
2018-02-27,66.67279052734375
2018-02-28,66.16474914550781
2018-03-01,65.39356994628906
2018-03-02,66.35525512695312
2018-03-05,67.08102416992188
2018-03-06,67.23526000976562
2018-03-07,67.66165924072266
2018-03-08,66.35525512695312
2018-03-09,67.480224609375
2018-03-12,68.3330307006836
2018-03-13,68.63240814208984
2018-03-14,68.4328384399414
2018-03-15,67.70704650878906
2018-03-16,68.79571533203125
2018-03-19,67.11732482910156
2018-03-20,68.23320007324219
2018-03-21,67.8521728515625
2018-03-22,66.45504760742188
2018-03-23,63.424861907958984
2018-03-26,64.9399642944336
2018-03-27,63.697025299072266
2018-03-28,63.44301223754883
2018-03-29,63.787784576416016
2018-04-02,62.454132080078125
2018-04-03,62.80793380737305
2018-04-04,63.12548828125
2018-04-05,63.252498626708984
2018-04-06,61.64669418334961
2018-04-09,62.100303649902344
2018-04-10,63.61540603637695
2018-04-11,63.352294921875
2018-04-12,63.57003402709961
2018-04-13,63.13456344604492
2018-04-16,64.09622955322266
2018-04-17,64.83110046386719
2018-04-18,65.42078399658203
2018-04-19,65.80184173583984
2018-04-20,64.89458465576172
2018-04-23,64.96717071533203
2018-04-24,64.17787170410156
2018-04-25,64.53169250488281
2018-04-26,64.5589370727539
2018-04-27,64.96717071533203
2018-04-30,64.67684936523438
2018-05-01,65.65667724609375
2018-05-02,69.00436401367188
2018-05-03,67.5890884399414
2018-05-04,68.51445770263672
2018-05-07,69.2856216430664
2018-05-08,69.48521423339844
2018-05-09,70.48316192626953
2018-05-10,70.95494079589844
2018-05-11,71.34505462646484
2018-05-14,71.08194732666016
2018-05-15,70.85514068603516
2018-05-16,71.34505462646484
2018-05-17,71.5899887084961
2018-05-18,71.4448471069336
2018-05-21,72.4518814086914
2018-05-22,71.66258239746094
2018-05-23,72.73312377929688
2018-05-24,73.05146789550781
2018-05-25,73.39714813232422
2018-05-29,73.57906341552734
2018-05-30,74.04296875
2018-05-31,72.81498718261719
2018-06-01,73.67912292480469
2018-06-04,74.00658416748047
2018-06-05,76.5989990234375
2018-06-06,77.36308288574219
2018-06-07,77.01741027832031
2018-06-08,77.05381774902344
2018-06-11,76.9628677368164
2018-06-12,76.78092193603516
2018-06-13,76.20787811279297
2018-06-14,76.262451171875
2018-06-15,77.74513244628906
2018-06-18,77.35397338867188
2018-06-19,77.0628890991211
2018-06-20,76.6717758178711
2018-06-21,76.46255493164062
2018-06-22,76.19876861572266
2018-06-25,74.9252700805664
2018-06-26,74.94348907470703
2018-06-27,73.56084442138672
2018-06-28,74.33403015136719
2018-06-29,73.48810577392578
2018-07-02,75.00716400146484
2018-07-03,74.74339294433594
2018-07-05,74.3613510131836
2018-07-06,75.41648864746094
2018-07-09,76.03504180908203
2018-07-10,76.68995666503906
2018-07-11,76.41705322265625
2018-07-12,77.40856170654297
2018-07-13,77.57228088378906
2018-07-16,77.26301574707031
2018-07-17,78.39094543457031
2018-07-18,79.30058288574219
2018-07-19,79.48246002197266
2018-07-20,78.60018920898438
2018-07-23,78.70929718017578
2018-07-24,77.40856170654297
2018-07-25,78.11804962158203
2018-07-26,78.91854095458984
2018-07-27,77.01741027832031
2018-07-30,76.02593994140625
2018-07-31,76.48983001708984
2018-08-01,76.30791473388672
2018-08-02,79.35514831542969
2018-08-03,77.52681732177734
2018-08-06,77.89973449707031
2018-08-07,78.20901489257812
2018-08-08,77.51771545410156
2018-08-09,77.94522857666016
2018-08-10,76.99922180175781
2018-08-13,77.09931182861328
2018-08-14,78.09986877441406
2018-08-15,77.52681732177734
2018-08-16,78.09078979492188
2018-08-17,78.20901489257812
2018-08-20,78.1999282836914
2018-08-21,78.54558563232422
2018-08-22,78.17263793945312
2018-08-23,78.71974182128906
2018-08-24,79.13919830322266
2018-08-27,79.91425323486328
2018-08-28,80.35196685791016
2018-08-29,80.56167602539062
2018-08-30,79.90514373779297
2018-08-31,79.84131622314453
2018-09-04,79.97808837890625
2018-09-05,79.45832061767578
2018-09-06,79.75923919677734
2018-09-07,79.93251037597656
2018-09-10,80.68932342529297
2018-09-11,81.77442932128906
2018-09-12,81.13614654541016
2018-09-13,81.52825927734375
2018-09-14,82.20301055908203
2018-09-17,81.05408477783203
2018-09-18,81.40057373046875
2018-09-19,81.19999694824219
2018-09-20,81.25469207763672
2018-09-21,81.2273178100586
2018-09-24,81.13614654541016
2018-09-25,81.31849670410156
2018-09-26,80.83525848388672
2018-09-27,80.60728454589844
2018-09-28,81.08143615722656
2018-10-01,80.21516418457031
2018-10-02,79.75923919677734
2018-10-03,80.51609802246094
2018-10-04,78.7835693359375
2018-10-05,78.1179428100586
2018-10-08,76.36717987060547
2018-10-09,77.02369689941406
2018-10-10,74.17874908447266
2018-10-11,73.28515625
2018-10-12,75.10881805419922
2018-10-15,74.62554168701172
2018-10-16,77.01457977294922
2018-10-17,76.5130844116211
2018-10-18,75.96598052978516
2018-10-19,73.58605194091797
2018-10-22,74.90821075439453
2018-10-23,75.82919311523438
2018-10-24,73.37635803222656
2018-10-25,73.87782287597656
2018-10-26,72.64684295654297
2018-10-29,71.72589111328125
2018-10-30,73.1848373413086
2018-10-31,82.07536315917969
2018-11-01,81.36409759521484
2018-11-02,80.27901458740234
2018-11-05,79.97808837890625
2018-11-06,80.2607650756836
2018-11-07,82.24857330322266
2018-11-08,83.64373779296875
2018-11-09,83.05103302001953
2018-11-12,81.32763671875
2018-11-13,81.73793029785156
2018-11-14,79.54042053222656
2018-11-15,80.75318145751953
2018-11-16,81.55559539794922
2018-11-19,80.11488342285156
2018-11-20,78.4188461303711
2018-11-21,79.08448028564453
2018-11-23,80.39743041992188
2018-11-26,82.1175765991211
2018-11-27,81.22090148925781
2018-11-28,83.352783203125
2018-11-29,84.53305053710938
2018-11-30,84.79842376708984
2018-12-03,87.80860900878906
2018-12-04,85.86891174316406
2018-12-06,87.41519165039062
2018-12-07,83.70045471191406
2018-12-10,82.91357421875
2018-12-11,83.06912994384766
2018-12-12,83.7645034790039
2018-12-13,82.17247009277344
2018-12-14,80.25105285644531
2018-12-17,77.52445983886719
2018-12-18,77.80811309814453
2018-12-19,77.08528137207031
2018-12-20,73.72740936279297
2018-12-21,70.7354965209961
2018-12-24,68.92385864257812
2018-12-26,72.89479064941406
2018-12-27,72.70263671875
2018-12-28,72.96797943115234
2018-12-31,74.15741729736328
2019-01-02,72.43730163574219
2019-01-03,70.57078552246094
2019-01-04,71.25702667236328
2019-01-07,70.97337341308594
2019-01-08,73.44376373291016
2019-01-09,74.41360473632812
2019-01-10,74.97174072265625
2019-01-11,73.73654174804688
2019-01-14,72.50135040283203
2019-01-15,73.64505004882812
2019-01-16,73.681640625
2019-01-17,73.89208221435547
2019-01-18,74.74300384521484
2019-01-22,73.49866485595703
2019-01-23,74.4685287475586
2019-01-24,74.25808715820312
2019-01-25,74.99005126953125
2019-01-28,75.0906753540039
2019-01-29,74.95341491699219
2019-01-30,75.92330169677734
2019-01-31,76.18863677978516
2019-02-01,76.44482421875
2019-02-04,77.03040313720703
2019-02-05,78.25643157958984
2019-02-06,78.12833404541016
2019-02-07,83.33448028564453
2019-02-08,82.62994384765625
2019-02-11,82.81295013427734
2019-02-12,84.83499908447266
2019-02-13,84.82586669921875
2019-02-14,85.86891174316406
2019-02-15,86.77471160888672
2019-02-19,86.62832641601562
2019-02-20,86.72895812988281
2019-02-21,86.92112731933594
2019-02-22,87.88021850585938
2019-02-25,87.71501159667969
2019-02-26,87.43965148925781
2019-02-27,87.13679504394531
2019-02-28,86.173095703125
2019-03-01,87.03582763671875
2019-03-04,86.51268768310547
2019-03-05,86.12720489501953
2019-03-06,85.54898834228516
2019-03-07,84.19063568115234
2019-03-08,84.71378326416016
2019-03-11,86.92571258544922
2019-03-12,88.10047912597656
2019-03-13,88.99994659423828
2019-03-14,88.6787109375
2019-03-15,89.78009033203125
2019-03-18,89.05500793457031
2019-03-19,89.53227233886719
2019-03-20,89.18350982666016
2019-03-21,90.47761535644531
2019-03-22,87.9903564453125
2019-03-25,87.797607421875
2019-03-26,87.83432006835938
2019-03-27,86.45758819580078
2019-03-28,87.29283142089844
2019-03-29,88.44924926757812
2019-04-01,90.51432800292969
2019-04-02,91.11091613769531
2019-04-03,92.23981475830078
2019-04-04,92.29487609863281
2019-04-05,92.50597381591797
2019-04-08,93.60733795166016
2019-04-09,93.58899688720703
2019-04-10,95.49803924560547
2019-04-11,97.93020629882812
2019-04-12,98.20555877685547
2019-04-15,99.25186920166016
2019-04-16,98.82966613769531
2019-04-17,96.54434967041016
2019-04-18,96.72789764404297
2019-04-22,96.29652404785156
2019-04-23,97.37953186035156
2019-04-24,97.63653564453125
2019-04-25,96.59939575195312
2019-04-26,96.63611602783203
2019-04-29,96.25064086914062
2019-04-30,96.920654296875
2019-05-01,98.53600311279297
2019-05-02,98.86639404296875
2019-05-03,100.12379455566406
2019-05-06,100.08707427978516
2019-05-07,97.99447631835938
2019-05-08,96.95734405517578
2019-05-09,96.72789764404297
2019-05-10,97.79255676269531
2019-05-13,93.65323638916016
2019-05-14,94.77296447753906
2019-05-15,95.5531005859375
2019-05-16,97.13175964355469
2019-05-17,95.76420593261719
2019-05-20,95.75502014160156
2019-05-21,97.58145141601562
2019-05-22,97.370361328125
2019-05-23,94.15367889404297
2019-05-24,94.9728012084961
2019-05-28,94.77952575683594
2019-05-29,94.77033996582031
2019-05-30,94.3469467163086
2019-05-31,90.60106658935547
2019-06-03,91.44781494140625
2019-06-04,94.31936645507812
2019-06-05,94.963623046875
2019-06-06,95.92078399658203
2019-06-07,96.50984191894531
2019-06-10,97.90876770019531
2019-06-11,97.42098236083984
2019-06-12,96.97920989990234
2019-06-13,97.6602783203125
2019-06-14,95.9391860961914
2019-06-17,95.91161346435547
2019-06-18,95.83794403076172
2019-06-19,96.65708923339844
2019-06-20,99.50102996826172
2019-06-21,99.94281768798828
2019-06-24,98.97640228271484
2019-06-25,98.9119873046875
2019-06-26,99.96121215820312
2019-06-27,101.6086654663086
2019-06-28,102.16089630126953
2019-07-01,103.56907653808594
2019-07-02,103.75310516357422
2019-07-03,104.49861907958984
2019-07-05,104.72871398925781
2019-07-08,101.6086654663086
2019-07-09,103.78074645996094
2019-07-10,103.5046157836914
2019-07-11,104.52622985839844
2019-07-12,106.96520233154297
2019-07-15,106.68907928466797
2019-07-16,105.25334167480469
2019-07-17,104.44341278076172
2019-07-18,103.45860290527344
2019-07-19,103.55065155029297
2019-07-22,103.3665542602539
2019-07-23,104.60904693603516
2019-07-24,104.55384826660156
2019-07-25,105.11526489257812
2019-07-26,105.32696533203125
2019-07-29,103.9188003540039
2019-07-30,104.53543853759766
2019-07-31,108.75070190429688
2019-08-01,109.08206939697266
2019-08-02,107.07563781738281
2019-08-05,98.96720123291016
2019-08-06,99.71269989013672
2019-08-07,99.99800109863281
2019-08-08,103.7254867553711
2019-08-09,105.59385681152344
2019-08-12,103.4125747680664
2019-08-13,104.32374572753906
2019-08-14,101.2497329711914
2019-08-15,100.06245422363281
2019-08-16,102.79592895507812
2019-08-19,105.20732879638672
2019-08-20,104.6734848022461
2019-08-21,106.65227508544922
2019-08-22,107.24132537841797
2019-08-23,103.55511474609375
2019-08-26,104.05335998535156
2019-08-27,103.87805938720703
2019-08-28,103.09376525878906
2019-08-29,105.83416748046875
2019-08-30,106.57235717773438
2019-09-03,107.05213928222656
2019-09-04,108.93449401855469
2019-09-05,109.31278228759766
2019-09-06,109.23896789550781
2019-09-09,108.427001953125
2019-09-10,102.88153839111328
2019-09-11,104.09027862548828
2019-09-12,105.48355865478516
2019-09-13,103.07530212402344
2019-09-16,104.26559448242188
2019-09-17,105.0037612915039
2019-09-18,111.07514190673828
2019-09-19,112.38539123535156
2019-09-20,111.70259094238281
2019-09-23,110.11554718017578
2019-09-24,109.48811340332031
2019-09-25,112.12702941894531
2019-09-26,113.86170959472656
2019-09-27,112.37617492675781
2019-09-30,113.71409606933594
2019-10-01,111.75798797607422
2019-10-02,110.55844116210938
2019-10-03,110.42925262451172
2019-10-04,112.93901062011719
2019-10-07,113.60335540771484
2019-10-08,113.4833984375
2019-10-09,112.38539123535156
2019-10-10,113.06822204589844
2019-10-11,114.79365539550781
2019-10-14,113.79715728759766
2019-10-15,113.82479858398438
2019-10-16,114.11085510253906
2019-10-17,114.38768768310547
2019-10-18,114.33231353759766
2019-10-21,114.47068786621094
2019-10-22,112.9482650756836
2019-10-23,113.52955627441406
2019-10-24,114.83055114746094
2019-10-25,115.20886993408203
2019-10-28,116.25154113769531
2019-10-29,116.42684936523438
2019-10-30,117.5340805053711
2019-10-31,118.02313232421875
2019-11-01,121.05880737304688
2019-11-04,121.61247253417969
2019-11-05,125.31248474121094
2019-11-06,122.6827621459961
2019-11-07,122.65510559082031
2019-11-08,123.19947814941406
2019-11-11,123.74385833740234
2019-11-12,123.47628784179688
2019-11-13,125.00801086425781
2019-11-14,122.55361938476562
2019-11-15,125.99531555175781
2019-11-18,127.00100708007812
2019-11-19,127.14865112304688
2019-11-20,127.05635833740234
2019-11-21,126.95491790771484
2019-11-22,126.24246215820312
2019-11-25,127.70435333251953
2019-11-26,126.75135040283203
2019-11-27,126.251708984375
2019-11-29,124.9563217163086
2019-12-02,124.0588150024414
2019-12-03,123.18910217285156
2019-12-04,125.21538543701172
2019-12-05,124.37342071533203
2019-12-06,126.44601440429688
2019-12-09,124.29940795898438
2019-12-10,125.60403442382812
2019-12-11,125.52076721191406
2019-12-12,126.57554626464844
2019-12-13,127.4731216430664
2019-12-16,130.1748046875
2019-12-17,128.94422912597656
2019-12-18,130.11001586914062
2019-12-19,131.61819458007812
2019-12-20,133.16339111328125
2019-12-23,132.19187927246094
2019-12-24,132.28439331054688
2019-12-26,133.8203582763672
2019-12-27,133.20042419433594
2019-12-30,132.10858154296875
2019-12-31,132.16407775878906
2020-01-02,133.1263885498047
2020-01-03,131.5256805419922
2020-01-06,130.53565979003906
2020-01-07,130.3876190185547
2020-01-08,130.19334411621094
2020-01-09,131.359130859375
2020-01-10,131.72000122070312
2020-01-13,132.63600158691406
2020-01-14,133.20042419433594
2020-01-15,133.79257202148438
2020-01-16,133.42245483398438
2020-01-17,126.621826171875
2020-01-21,125.90938568115234
2020-01-22,126.37197875976562
2020-01-23,128.3612823486328
2020-01-24,127.61183166503906
2020-01-27,123.86451721191406
2020-01-28,125.33572387695312
2020-01-29,124.7805404663086
2020-01-30,123.82750701904297
2020-01-31,120.70014953613281
2020-02-03,122.9577865600586
2020-02-04,125.97416687011719
2020-02-05,125.87232971191406
2020-02-06,124.5770034790039
2020-02-07,122.7449722290039
2020-02-10,123.97557067871094
2020-02-11,125.80757904052734
2020-02-12,126.38121795654297
2020-02-13,127.0196762084961
2020-02-14,127.95421600341797
2020-02-18,124.78977966308594
2020-02-19,126.41824340820312
2020-02-20,127.90794372558594
2020-02-21,123.90157318115234
2020-02-24,120.19926452636719
2020-02-25,116.12578582763672
2020-02-26,115.8381576538086
2020-02-27,107.70980834960938
2020-02-28,105.98390197753906
2020-03-02,111.3285903930664
2020-03-03,107.2737045288086
2020-03-04,110.5955581665039
2020-03-05,105.60347747802734
2020-03-06,103.53429412841797
2020-03-09,91.12835693359375
2020-03-10,96.58436584472656
2020-03-11,95.45235443115234
2020-03-12,84.8743667602539
2020-03-13,93.99553680419922
2020-03-16,80.69883728027344
2020-03-17,80.98649597167969
2020-03-18,78.30489349365234
2020-03-19,81.90512084960938
2020-03-20,73.82315063476562
2020-03-23,79.42764282226562
2020-03-24,87.064208984375
2020-03-25,85.28265380859375
2020-03-26,93.77286529541016
2020-03-27,86.98993682861328
2020-03-30,89.922119140625
2020-03-31,86.54457092285156
2020-04-01,82.42472076416016
2020-04-02,81.6267318725586
2020-04-03,80.62460327148438
2020-04-06,88.92925262451172
2020-04-07,91.51808166503906
2020-04-08,94.89559936523438
2020-04-09,98.59791564941406
2020-04-13,96.38953399658203
2020-04-14,99.05255889892578
2020-04-15,96.20394897460938
2020-04-16,96.73284149169922
2020-04-17,100.97332763671875
2020-04-20,97.98548889160156
2020-04-21,91.72220611572266
2020-04-22,94.4038314819336
2020-04-23,93.58727264404297
2020-04-24,97.21534729003906
2020-04-27,98.61647033691406
2020-04-28,99.39588928222656
2020-04-29,103.26520538330078
2020-04-30,102.81053161621094
2020-05-01,99.11753845214844
2020-05-04,100.38873291015625
2020-05-05,102.0589599609375
2020-05-06,99.07111358642578
2020-05-07,98.97833251953125
2020-05-08,100.71351623535156
2020-05-11,97.40091705322266
2020-05-12,94.62652587890625
2020-05-13,90.9427490234375
2020-05-14,92.51092529296875
2020-05-15,90.75720977783203
2020-05-18,98.82987976074219
2020-05-19,98.34734344482422
2020-05-20,101.35374450683594
2020-05-21,99.8266830444336
2020-05-22,98.45793151855469
2020-05-26,100.57159423828125
2020-05-27,102.74113464355469
2020-05-28,102.0986557006836
2020-05-29,103.27186584472656
2020-06-01,104.20299530029297
2020-06-02,105.46935272216797
2020-06-03,107.16401672363281
2020-06-04,108.7096939086914
2020-06-05,116.7081069946289
2020-06-08,119.45494842529297
2020-06-09,115.8421630859375
2020-06-10,113.32808685302734
2020-06-11,102.9273452758789
2020-06-12,106.2421875
2020-06-15,106.05595397949219
2020-06-16,111.14923858642578
2020-06-17,109.11006164550781
2020-06-18,109.16594696044922
2020-06-19,108.89591979980469
2020-06-22,108.18824768066406
2020-06-23,107.96476745605469
2020-06-24,103.81193542480469
2020-06-25,104.69652557373047
2020-06-26,101.0185317993164
2020-06-29,106.14906311035156
2020-06-30,108.17892456054688
2020-07-01,107.57369995117188
2020-07-02,109.04489135742188
2020-07-06,109.45459747314453
2020-07-07,106.20494079589844
2020-07-08,105.57177734375
2020-07-09,104.76168823242188
2020-07-10,106.00009155273438
2020-07-13,104.82687377929688
2020-07-14,106.52152252197266
2020-07-15,109.59425354003906
2020-07-16,108.66313934326172
2020-07-17,110.34848022460938
2020-07-20,110.04121398925781
2020-07-21,108.94247436523438
2020-07-22,110.87923431396484
2020-07-23,110.60919952392578
2020-07-24,106.67049407958984
2020-07-27,108.2906723022461
2020-07-28,106.00940704345703
2020-07-29,107.67611694335938
2020-07-30,107.72269439697266
2020-07-31,108.2441177368164
2020-08-03,109.37078094482422
2020-08-04,111.28890228271484
2020-08-05,108.7096939086914
2020-08-06,106.88465881347656
2020-08-07,106.86604309082031
2020-08-10,105.2179183959961
2020-08-11,109.13800811767578
2020-08-12,108.5793228149414
2020-08-13,106.68913269042969
2020-08-14,105.70211791992188
2020-08-17,105.79522705078125
2020-08-18,103.3370590209961
2020-08-19,104.27750396728516
2020-08-20,104.58477783203125
2020-08-21,103.4953384399414
2020-08-24,104.91551971435547
2020-08-25,104.78472900390625
2020-08-26,103.86907196044922
2020-08-27,107.29806518554688
2020-08-28,107.76521301269531
2020-08-31,106.18619537353516
2020-09-01,105.19581604003906
2020-09-02,109.81139373779297
2020-09-03,104.80339050292969
2020-09-04,106.74679565429688
2020-09-08,104.38296508789062
2020-09-09,103.28980255126953
2020-09-10,102.85066986083984
2020-09-11,104.00923156738281
2020-09-14,105.71905517578125
2020-09-15,106.6814193725586
2020-09-16,106.42912292480469
2020-09-17,106.7281265258789
2020-09-18,105.41070556640625
2020-09-21,101.6640625
2020-09-22,102.93476104736328
2020-09-23,102.03779602050781
2020-09-24,103.17767333984375
2020-09-25,105.33596801757812
2020-09-28,108.84904479980469
2020-09-29,110.35331726074219
2020-09-30,111.68003845214844
2020-10-01,115.38932800292969
2020-10-02,115.3799819946289
2020-10-05,117.61299896240234
2020-10-06,114.987548828125
2020-10-07,117.65973663330078
2020-10-08,117.91199493408203
2020-10-09,117.71578979492188
2020-10-12,121.47178649902344
2020-10-13,121.39702606201172
2020-10-14,121.01396942138672
2020-10-15,121.27557373046875
2020-10-16,122.041748046875
2020-10-19,120.39728546142578
2020-10-20,120.82711029052734
2020-10-21,120.37860870361328
2020-10-22,120.93921661376953
2020-10-23,121.46244049072266
2020-10-26,117.41680145263672
2020-10-27,115.18377685546875
2020-10-28,110.93257904052734
2020-10-29,113.00677490234375
2020-10-30,114.54842376708984
2020-11-02,118.14558410644531
2020-11-03,122.1351547241211
2020-11-04,125.0595932006836
2020-11-05,129.105224609375
2020-11-06,128.9837646484375
2020-11-09,134.4962921142578
2020-11-10,128.49795532226562
2020-11-11,129.59109497070312
2020-11-12,126.6573257446289
2020-11-13,128.55401611328125
2020-11-16,129.9461212158203
2020-11-17,127.79720306396484
2020-11-18,126.81612396240234
2020-11-19,124.05989074707031
2020-11-20,123.28437805175781
2020-11-23,122.6023178100586
2020-11-24,128.22544860839844
2020-11-25,123.6519775390625
2020-11-27,123.92376708984375
2020-11-30,122.2930679321289
2020-12-01,123.72694396972656
2020-12-02,122.96782684326172
2020-12-03,123.00533294677734
2020-12-04,125.11400604248047
2020-12-07,124.58915710449219
2020-12-08,124.58915710449219
2020-12-09,123.66133117675781
2020-12-10,123.43640899658203
2020-12-11,122.48983764648438
2020-12-14,123.45515441894531
2020-12-15,124.48606872558594
2020-12-16,123.95185089111328
2020-12-17,126.74467468261719
2020-12-18,125.92935943603516
2020-12-21,122.76162719726562
2020-12-22,122.53668975830078
2020-12-23,121.6932373046875
2020-12-24,121.11219787597656
2020-12-28,122.82723999023438
2020-12-29,121.33710479736328
2020-12-30,121.83382415771484
2020-12-31,123.51139831542969
2021-01-04,119.1722183227539
2021-01-05,119.80949401855469
2021-01-06,120.80290985107422
2021-01-07,123.6800765991211
2021-01-08,126.13548278808594
2021-01-11,125.2545394897461
2021-01-12,125.97615814208984
2021-01-13,126.4729232788086
2021-01-14,126.33232116699219
2021-01-15,125.263916015625
2021-01-19,124.61726379394531
2021-01-20,127.59749603271484
2021-01-21,129.02203369140625
2021-01-22,126.81965637207031
2021-01-25,126.73531341552734
2021-01-26,125.80750274658203
2021-01-27,124.66414642333984
2021-01-28,126.05115509033203
2021-01-29,123.38954162597656
2021-02-01,129.4812774658203
2021-02-02,132.55520629882812
2021-02-03,132.13348388671875
2021-02-04,140.5587921142578
2021-02-05,141.486572265625
2021-02-08,140.94297790527344
2021-02-09,142.03953552246094
2021-02-10,147.4564208984375
2021-02-11,147.05340576171875
2021-02-12,145.63827514648438
2021-02-16,146.13499450683594
2021-02-17,147.9438018798828
2021-02-18,146.8097686767578
2021-02-19,150.65219116210938
2021-02-22,149.31204223632812
2021-02-23,147.30645751953125
2021-02-24,152.3050537109375
2021-02-25,147.4098358154297
2021-02-26,147.4098358154297
2021-03-01,150.86746215820312
2021-03-02,147.6071319580078
2021-03-03,146.2541961669922
2021-03-04,142.28919982910156
2021-03-05,145.14544677734375
2021-03-08,145.76559448242188
2021-03-09,145.13612365722656
2021-03-10,146.98703002929688
2021-03-11,150.32249450683594
2021-03-12,150.3882598876953
2021-03-15,151.52517700195312
2021-03-16,151.24327087402344
2021-03-17,150.70773315429688
2021-03-18,147.6071319580078
2021-03-19,148.4809112548828
2021-03-22,149.67420959472656
2021-03-23,146.63002014160156
2021-03-24,146.95884704589844
2021-03-25,149.97486877441406
2021-03-26,157.75453186035156
2021-03-29,155.08615112304688
2021-03-30,154.86068725585938
2021-03-31,155.7344512939453
2021-04-01,159.20150756835938
2021-04-05,161.1652069091797
2021-04-06,161.1558074951172
2021-04-07,160.02830505371094
2021-04-08,164.040283203125
2021-04-09,164.83892822265625
2021-04-12,163.7208251953125
2021-04-13,165.2617645263672
2021-04-14,167.3663787841797
2021-04-15,169.89385986328125
2021-04-16,172.8910369873047
2021-04-19,171.19044494628906
2021-04-20,169.81871032714844
2021-04-21,170.84283447265625
2021-04-22,169.94081115722656
2021-04-23,171.57571411132812
2021-04-26,172.0454559326172
2021-04-27,172.4025115966797
2021-04-28,171.03076171875
2021-04-29,171.47235107421875
2021-04-30,167.55429077148438
2021-05-03,168.3717498779297
2021-05-04,165.64697265625
2021-05-05,161.0430450439453
2021-05-06,162.1705780029297
2021-05-07,164.30335998535156
2021-05-10,161.06182861328125
2021-05-11,157.51023864746094
2021-05-12,153.6016387939453
2021-05-13,158.3464813232422
2021-05-14,159.21087646484375
2021-05-17,158.9196319580078
2021-05-18,157.726318359375
2021-05-19,157.87667846679688
2021-05-20,157.90487670898438
2021-05-21,157.914306640625
2021-05-24,158.7525177001953
2021-05-25,157.02894592285156
2021-05-26,156.41676330566406
2021-05-27,157.45277404785156
2021-05-28,155.79519653320312
2021-06-01,154.33535766601562
2021-06-02,155.36196899414062
2021-06-03,155.66326904296875
2021-06-04,157.74476623535156
2021-06-07,156.1154022216797
2021-06-08,156.79345703125
2021-06-09,156.16246032714844
2021-06-10,157.6693878173828
2021-06-11,158.84666442871094
2021-06-14,159.4494171142578
2021-06-15,160.98460388183594
2021-06-16,161.73802185058594
2021-06-17,159.39291381835938
2021-06-18,156.13424682617188
2021-06-21,159.85443115234375
2021-06-22,161.18240356445312
2021-06-23,159.26104736328125
2021-06-24,160.3818359375
2021-06-25,161.77569580078125
2021-06-28,163.6781463623047
2021-06-29,166.07040405273438
2021-06-30,164.48814392089844
2021-07-01,165.57127380371094
2021-07-02,166.59779357910156
2021-07-06,165.73133850097656
2021-07-07,168.42494201660156
2021-07-08,166.54129028320312
2021-07-09,167.6243896484375
2021-07-12,166.07040405273438
2021-07-13,164.0266571044922
2021-07-14,165.8067169189453
2021-07-15,165.15684509277344
2021-07-16,164.2903289794922
2021-07-19,162.39732360839844
2021-07-20,165.98565673828125
2021-07-21,166.9368896484375
2021-07-22,167.1346435546875
2021-07-23,170.42161560058594
2021-07-26,171.01495361328125
2021-07-27,170.75123596191406
2021-07-28,169.8282470703125
2021-07-29,172.45591735839844
2021-07-30,172.6819305419922
2021-08-02,172.98333740234375
2021-08-03,174.509033203125
2021-08-04,177.2874298095703
2021-08-05,179.52896118164062
2021-08-06,178.99209594726562
2021-08-09,178.5965576171875
2021-08-10,180.37657165527344
2021-08-11,184.55821228027344
2021-08-12,186.39479064941406
2021-08-13,186.78091430664062
2021-08-16,187.44021606445312
2021-08-17,185.24574279785156
2021-08-18,183.90835571289062
2021-08-19,183.02310180664062
2021-08-20,184.37925720214844
2021-08-23,185.44354248046875
2021-08-24,185.8682403564453
2021-08-25,187.21780395507812
2021-08-26,186.92523193359375
2021-08-27,188.03883361816406
2021-08-30,189.4449462890625
2021-08-31,189.32232666015625
2021-09-01,189.020263671875
2021-09-02,191.82318115234375
2021-09-03,191.294677734375
2021-09-07,189.92626953125
2021-09-08,189.11468505859375
2021-09-09,188.32196044921875
2021-09-10,186.84971618652344
2021-09-13,185.6983642578125
2021-09-14,182.59349060058594
2021-09-15,184.11289978027344
2021-09-16,183.4050750732422
2021-09-17,180.3851318359375
2021-09-20,177.2331085205078
2021-09-21,177.19532775878906
2021-09-22,178.96011352539062
2021-09-23,181.6875
2021-09-24,182.19708251953125
2021-09-27,181.47039794921875
2021-09-28,175.66647338867188
2021-09-29,174.95867919921875
2021-09-30,171.77830505371094
2021-10-01,175.26068115234375
2021-10-04,172.3728790283203
2021-10-05,173.7695770263672
2021-10-06,165.65345764160156
2021-10-07,167.474853515625
2021-10-08,166.927490234375
2021-10-11,164.74745178222656
2021-10-12,163.8415069580078
2021-10-13,164.2284393310547
2021-10-14,167.5409393310547
2021-10-15,167.7202606201172
2021-10-18,175.75140380859375
2021-10-19,177.07266235351562
2021-10-20,177.78988647460938
2021-10-21,179.82833862304688
2021-10-22,180.69656372070312
2021-10-25,180.7626495361328
2021-10-26,177.86538696289062
2021-10-27,173.9960479736328
2021-10-28,175.47775268554688
2021-10-29,176.14776611328125
2021-11-01,177.08209228515625
2021-11-02,178.56373596191406
2021-11-03,175.1002197265625
2021-11-04,174.5906219482422
2021-11-05,176.5441436767578
2021-11-08,174.8926239013672
2021-11-09,176.49697875976562
2021-11-10,178.1768035888672
2021-11-11,177.7238311767578
2021-11-12,180.32850646972656
2021-11-15,180.1114501953125
2021-11-16,184.00904846191406
2021-11-17,184.2544403076172
2021-11-18,184.24497985839844
2021-11-19,185.02828979492188
2021-11-22,185.16041564941406
2021-11-23,185.2928924560547
2021-11-24,189.03013610839844
2021-11-26,180.86495971679688
2021-11-29,184.30892944335938
2021-11-30,179.1619110107422
2021-12-01,174.85690307617188
2021-12-02,183.1924285888672
2021-12-03,181.3474578857422
2021-12-06,183.91151428222656
2021-12-07,187.53526306152344
2021-12-08,188.11239624023438
2021-12-09,184.2047882080078
2021-12-10,184.37513732910156
2021-12-13,181.4231414794922
2021-12-14,179.47413635253906
2021-12-15,181.80162048339844
2021-12-16,177.7143096923828
2021-12-17,179.83367919921875
2021-12-20,176.68299865722656
2021-12-21,182.88967895507812
2021-12-22,188.15969848632812
2021-12-23,191.84019470214844
2021-12-27,195.8708038330078
2021-12-28,194.5272674560547
2021-12-29,195.69100952148438
2021-12-30,192.9850311279297
2021-12-31,193.75143432617188
2022-01-03,193.96902465820312
2022-01-04,196.9209747314453
2022-01-05,192.5687255859375
2022-01-06,195.10438537597656
2022-01-07,187.69613647460938
2022-01-10,189.42755126953125
2022-01-11,189.62620544433594
2022-01-12,186.76885986328125
2022-01-13,183.59927368164062
2022-01-14,181.31912231445312
2022-01-18,179.7106475830078
2022-01-19,179.19972229003906
2022-01-20,178.8023223876953
2022-01-21,174.71502685546875
2022-01-24,175.1785888671875
2022-01-25,171.11016845703125
2022-01-26,172.661865234375
2022-01-27,171.9427947998047
2022-01-28,174.5919952392578
2022-01-31,178.86856079101562
2022-02-01,179.19972229003906
2022-02-02,184.11968994140625
2022-02-03,182.5774383544922
2022-02-04,181.94351196289062
2022-02-07,181.00685119628906
2022-02-08,184.27102661132812
2022-02-09,179.7295684814453
2022-02-10,173.4944610595703
2022-02-11,169.12330627441406
2022-02-14,166.61599731445312
2022-02-15,173.73098754882812
2022-02-16,175.49081420898438
2022-02-17,172.4631805419922
2022-02-18,171.9711456298828
2022-02-22,168.40420532226562
2022-02-23,159.9929962158203
2022-02-24,162.55517578125
2022-02-25,168.4671173095703
2022-02-28,163.6559600830078
2022-03-01,160.7616729736328
2022-03-02,165.13629150390625
2022-03-03,165.449462890625
2022-03-04,162.81138610839844
2022-03-07,156.99429321289062
2022-03-08,156.3679962158203
2022-03-09,162.2704620361328
2022-03-10,161.43539428710938
2022-03-11,161.32147216796875
2022-03-14,158.0950927734375
2022-03-15,163.485107421875
2022-03-16,164.5479278564453
2022-03-17,167.40428161621094
2022-03-18,170.23216247558594
2022-03-21,169.66281127929688
2022-03-22,169.05545043945312
2022-03-23,165.6202850341797
2022-03-24,166.86338806152344
2022-03-25,167.1575469970703
2022-03-28,168.25833129882812
2022-03-29,171.7220001220703
2022-03-30,169.6912841796875
2022-03-31,169.7576904296875
2022-04-01,168.7233123779297
2022-04-04,169.70074462890625
2022-04-05,167.7838592529297
2022-04-06,167.37582397460938
2022-04-07,168.267822265625
2022-04-08,166.5881805419922
2022-04-11,163.418701171875
2022-04-12,162.8872833251953
2022-04-13,162.24200439453125
2022-04-14,164.13990783691406
2022-04-18,162.91574096679688
2022-04-19,165.0603790283203
2022-04-20,169.86204528808594
2022-04-21,167.40428161621094
2022-04-22,160.88499450683594
2022-04-25,161.93832397460938
2022-04-26,154.84019470214844
2022-04-27,154.2328643798828
2022-04-28,160.03094482421875
2022-04-29,154.8496856689453
2022-05-02,155.75123596191406
2022-05-03,159.11996459960938
2022-05-04,168.06854248046875
2022-05-05,162.4697723388672
2022-05-06,161.90985107421875
2022-05-09,156.386962890625
2022-05-10,158.04763793945312
2022-05-11,156.05484008789062
2022-05-12,158.27536010742188
2022-05-13,160.69517517089844
2022-05-16,160.53392028808594
2022-05-17,163.8362579345703
2022-05-18,155.37158203125
2022-05-19,153.68247985839844
2022-05-20,152.02178955078125
2022-05-23,153.01821899414062
2022-05-24,151.1715087890625
2022-05-25,153.503662109375
2022-05-26,158.51068115234375
2022-05-27,162.87037658691406
2022-05-31,161.69003295898438
2022-06-01,162.97508239746094
2022-06-02,167.65846252441406
2022-06-03,167.14439392089844
2022-06-06,167.2776641845703
2022-06-07,169.53370666503906
2022-06-08,165.95452880859375
2022-06-09,165.2406005859375
2022-06-10,159.29119873046875
2022-06-13,153.14193725585938
2022-06-14,154.68405151367188
2022-06-15,155.96910095214844
2022-06-16,148.43955993652344
2022-06-17,148.68702697753906
2022-06-21,152.14247131347656
2022-06-22,151.95205688476562
2022-06-23,150.5146942138672
2022-06-24,156.435546875
2022-06-27,157.8062286376953
2022-06-28,151.70455932617188
2022-06-29,150.4766387939453
2022-06-30,149.9816436767578
2022-07-01,149.44854736328125
2022-07-05,150.1624755859375
2022-07-06,150.5527801513672
2022-07-07,152.13294982910156
2022-07-08,153.76071166992188
2022-07-11,150.96209716796875
2022-07-12,150.59085083007812
2022-07-13,150.68606567382812
2022-07-14,151.1334228515625
2022-07-15,153.7416229248047
2022-07-18,151.9901123046875
2022-07-19,159.47207641601562
2022-07-20,161.07130432128906
2022-07-21,163.01316833496094
2022-07-22,161.91845703125
2022-07-25,162.24212646484375
2022-07-26,161.91845703125
2022-07-27,166.39244079589844
2022-07-28,169.58128356933594
2022-07-29,172.79872131347656
2022-08-01,172.7796630859375
2022-08-02,171.6564483642578
2022-08-03,173.20802307128906
2022-08-04,171.36135864257812
2022-08-05,171.04721069335938
2022-08-08,169.9906005859375
2022-08-09,164.22207641601562
2022-08-10,167.544189453125
2022-08-11,167.25863647460938
2022-08-12,171.59930419921875
2022-08-15,172.9320068359375
2022-08-16,174.72154235839844
2022-08-17,173.83624267578125
2022-08-18,178.11033630371094
2022-08-19,179.30970764160156
2022-08-22,176.20655822753906
2022-08-23,175.97804260253906
2022-08-24,176.00669860839844
2022-08-25,179.34738159179688
2022-08-26,171.51107788085938
2022-08-29,169.89801025390625
2022-08-30,167.1013946533203
2022-08-31,162.93028259277344
2022-09-01,162.74893188476562
2022-09-02,160.83042907714844
2022-09-06,161.6608428955078
2022-09-07,165.19241333007812
2022-09-08,166.42369079589844
2022-09-09,167.57864379882812
2022-09-12,169.68801879882812
2022-09-13,164.6006317138672
2022-09-14,164.2093048095703
2022-09-15,161.9567108154297
2022-09-16,163.05438232421875
2022-09-19,162.9112091064453
2022-09-20,160.59181213378906
2022-09-21,157.87152099609375
2022-09-22,155.23715209960938
2022-09-23,152.63143920898438
2022-09-26,151.09471130371094
2022-09-27,150.55064392089844
2022-09-28,154.11085510253906
2022-09-29,151.7342071533203
2022-09-30,148.9757537841797
2022-10-03,152.63143920898438
2022-10-04,158.7687530517578
2022-10-05,158.9691925048828
2022-10-06,157.48974609375
2022-10-07,152.3546142578125
2022-10-10,151.21876525878906
2022-10-11,145.65414428710938
2022-10-12,145.6446075439453
2022-10-13,150.703369140625
2022-10-14,147.06675720214844
2022-10-17,152.01101684570312
2022-10-18,153.84361267089844
2022-10-19,152.21145629882812
2022-10-20,151.209228515625
2022-10-21,155.03671264648438
2022-10-24,157.2034149169922
2022-10-25,160.8876953125
2022-10-26,159.95230102539062
2022-10-27,160.7636260986328
2022-10-28,165.01104736328125
2022-10-31,164.94422912597656
2022-11-01,164.72470092773438
2022-11-02,164.5529022216797
2022-11-03,164.96334838867188
2022-11-04,164.5624542236328
2022-11-07,164.4669647216797
2022-11-08,167.72181701660156
2022-11-09,164.25701904296875
2022-11-10,177.05665588378906
2022-11-11,175.95899963378906
2022-11-14,174.18365478515625
2022-11-15,176.41712951660156
2022-11-16,174.555908203125
2022-11-17,174.861328125
2022-11-18,177.152099609375
2022-11-21,176.6939239501953
2022-11-22,179.92010498046875
2022-11-23,181.1935577392578
2022-11-25,180.19775390625
2022-11-28,177.42103576660156
2022-11-29,176.25294494628906
2022-11-30,180.61903381347656
2022-12-01,183.07977294921875
2022-12-02,181.94036865234375
2022-12-05,178.9817352294922
2022-12-06,176.88487243652344
2022-12-07,176.9901885986328
2022-12-08,179.0009307861328
2022-12-09,177.59339904785156
2022-12-12,181.557373046875
2022-12-13,184.77450561523438
2022-12-14,183.86489868164062
2022-12-15,176.36782836914062
2022-12-16,173.57199096679688
2022-12-19,170.74740600585938
2022-12-20,171.3314971923828
2022-12-21,173.39004516601562
2022-12-22,170.25912475585938
2022-12-23,170.56552124023438
2022-12-27,171.37939453125
2022-12-28,168.0089874267578
2022-12-29,172.21237182617188
2022-12-30,170.98680114746094
2023-01-03,171.8772430419922
2023-01-04,173.44747924804688
2023-01-05,170.48890686035156
2023-01-06,175.42950439453125
2023-01-09,176.13803100585938
2023-01-10,178.45513916015625
2023-01-11,182.47657775878906
2023-01-12,185.16709899902344
2023-01-13,186.5650177001953
2023-01-17,189.2172393798828
2023-01-18,189.66722106933594
2023-01-19,188.90122985839844
2023-01-20,190.30874633789062
2023-01-23,191.46730041503906
2023-01-24,188.7576141357422
2023-01-25,183.95106506347656
2023-01-26,186.03839111328125
2023-01-27,185.0713348388672
2023-01-30,185.77984619140625
2023-01-31,187.69480895996094
2023-02-01,190.71087646484375
2023-02-02,193.4875946044922
2023-02-03,192.53013610839844
2023-02-06,191.553466796875
2023-02-07,190.81622314453125
2023-02-08,193.08541870117188
2023-02-09,194.71316528320312
2023-02-10,196.89622497558594
2023-02-13,202.2198028564453
2023-02-14,199.2420196533203
2023-02-15,203.5794219970703
2023-02-16,205.1400909423828
2023-02-17,204.83372497558594
2023-02-21,196.76214599609375
2023-02-22,195.31634521484375
2023-02-23,196.4878692626953
2023-02-24,194.48094177246094
2023-02-27,194.47132873535156
2023-02-28,194.37533569335938
2023-03-01,192.80050659179688
2023-03-02,193.51109313964844
2023-03-03,193.61671447753906
2023-03-06,194.9226531982422
2023-03-07,191.4081268310547
2023-03-08,192.0322723388672
2023-03-09,188.412109375
2023-03-10,182.90023803710938
2023-03-13,180.93173217773438
2023-03-14,183.69725036621094
2023-03-15,181.15255737304688
2023-03-16,185.8866424560547
2023-03-17,180.576416015625
2023-03-20,183.83172607421875
2023-03-21,186.760498046875
2023-03-22,183.10186767578125
2023-03-23,183.50521850585938
2023-03-24,184.0909881591797
2023-03-27,184.05255126953125
2023-03-28,178.43505859375
2023-03-29,180.8164825439453
2023-03-30,182.51612854003906
2023-03-31,187.14459228515625
2023-04-03,185.99227905273438
2023-04-04,181.7479248046875
2023-04-05,180.4995880126953
2023-04-06,178.1277618408203
2023-04-10,181.5270538330078
2023-04-11,181.008544921875
2023-04-12,180.61483764648438
2023-04-13,181.69032287597656
2023-04-14,179.52972412109375
2023-04-17,181.4118194580078
2023-04-18,182.7273712158203
2023-04-19,158.55772399902344
2023-04-20,158.13519287109375
2023-04-21,156.64682006835938
2023-04-24,159.3451385498047
2023-04-25,158.54812622070312
2023-04-26,158.55772399902344
2023-04-27,161.35206604003906
2023-04-28,162.85006713867188
2023-05-01,163.5510711669922
2023-05-02,161.18882751464844
2023-05-03,158.4136962890625
2023-05-04,157.34779357910156
2023-05-05,159.39315795898438
2023-05-08,159.52757263183594
2023-05-09,161.0927734375
2023-05-10,161.95703125
2023-05-11,160.8431396484375
2023-05-12,163.47421264648438
2023-05-15,164.59771728515625
2023-05-16,163.2725372314453
2023-05-17,166.36459350585938
2023-05-18,167.78575134277344
2023-05-19,165.73085021972656
2023-05-22,168.72683715820312
2023-05-23,163.43580627441406
2023-05-24,161.63389587402344
2023-05-25,164.4283447265625
2023-05-26,167.87802124023438
2023-05-30,168.2537841796875
2023-05-31,165.4401092529297
2023-06-01,166.97222900390625
2023-06-02,167.87802124023438
2023-06-05,163.1756591796875
2023-06-06,162.9058380126953
2023-06-07,165.95083618164062
2023-06-08,163.86944580078125
2023-06-09,164.235595703125
2023-06-12,166.96258544921875
2023-06-13,169.01504516601562
2023-06-14,170.15211486816406
2023-06-15,171.71311950683594
2023-06-16,171.66494750976562
2023-06-20,170.84588623046875
2023-06-21,170.28700256347656
2023-06-22,172.03109741210938
2023-06-23,170.9422149658203
2023-06-26,170.47970581054688
2023-06-27,171.1927947998047
2023-06-28,171.0193328857422
2023-06-29,174.0739288330078
2023-06-30,176.8201904296875
2023-07-03,176.55038452148438
2023-07-05,177.52362060546875
2023-07-06,176.04931640625
2023-07-07,176.6563720703125
2023-07-10,180.5589599609375
2023-07-11,181.29127502441406
2023-07-12,179.74951171875
2023-07-13,181.32981872558594
2023-07-14,179.60496520996094
2023-07-17,182.70779418945312
2023-07-18,181.38766479492188
2023-07-19,182.84266662597656
2023-07-20,181.5514678955078
2023-07-21,181.657470703125
2023-07-24,183.07394409179688
2023-07-25,183.98936462402344
2023-07-26,182.72703552246094
2023-07-27,181.22384643554688
2023-07-28,179.49900817871094
2023-07-31,180.26023864746094
2023-08-01,180.51075744628906
2023-08-02,189.82876586914062
2023-08-03,192.0257568359375
2023-08-04,190.6670684814453
2023-08-07,195.45616149902344
2023-08-08,195.30198669433594
2023-08-09,194.25167846679688
2023-08-10,195.28271484375
2023-08-11,196.0728759765625
2023-08-14,199.0985565185547
2023-08-15,197.2291717529297
2023-08-16,194.20347595214844
2023-08-17,193.02789306640625
2023-08-18,193.00865173339844
2023-08-21,194.0878448486328
2023-08-22,195.49472045898438
2023-08-23,197.37374877929688
2023-08-24,194.5132293701172
2023-08-25,197.14181518554688
2023-08-28,199.89599609375
2023-08-29,200.5627899169922
2023-08-30,201.11363220214844
2023-08-31,204.05145263671875
2023-09-01,206.01319885253906
2023-09-05,205.49136352539062
2023-09-06,206.10983276367188
2023-09-07,205.74256896972656
2023-09-08,205.52032470703125
2023-09-11,204.1190948486328
2023-09-12,201.91574096679688
2023-09-13,201.32623291015625
2023-09-14,202.73715209960938
2023-09-15,200.04095458984375
2023-09-18,201.67413330078125
2023-09-19,201.65480041503906
2023-09-20,201.9737091064453
2023-09-21,198.14683532714844
2023-09-22,198.8426513671875
2023-09-25,198.1082000732422
2023-09-26,193.50820922851562
2023-09-27,192.0103302001953
2023-09-28,196.05947875976562
2023-09-29,194.97711181640625
2023-10-02,194.22332763671875
2023-10-03,194.9867706298828
2023-10-04,198.5140838623047
2023-10-05,196.21408081054688
2023-10-06,198.7169952392578
2023-10-09,201.12327575683594
2023-10-10,203.08505249023438
2023-10-11,206.6316680908203
2023-10-12,204.4669647216797
2023-10-13,200.29220581054688
2023-10-16,201.79977416992188
2023-10-17,201.87709045410156
2023-10-18,199.2291717529297
2023-10-19,196.0304718017578
2023-10-20,193.68214416503906
2023-10-23,192.84140014648438
2023-10-24,193.16998291015625
2023-10-25,192.0199737548828
2023-10-26,191.74940490722656
2023-10-27,192.21327209472656
2023-10-30,190.42547607421875
2023-10-31,193.662841796875
2023-11-01,192.46450805664062
2023-11-02,199.7220458984375
2023-11-03,202.4182586669922
2023-11-06,203.9451141357422
2023-11-07,201.00732421875
2023-11-08,202.2443084716797
2023-11-09,201.4905242919922
2023-11-10,204.55397033691406
2023-11-13,204.84385681152344
2023-11-14,211.1156768798828
2023-11-15,211.56021118164062
2023-11-16,208.26483154296875
2023-11-17,208.05226135253906
2023-11-20,209.93670654296875
2023-11-21,209.5501251220703
2023-11-22,210.32545471191406
2023-11-24,210.00563049316406
2023-11-27,208.27084350585938
2023-11-28,206.1193389892578
2023-11-29,205.54751586914062
2023-11-30,204.37486267089844
2023-12-01,206.00303649902344
2023-12-04,206.04180908203125
2023-12-05,203.9193572998047
2023-12-06,203.12466430664062
2023-12-07,206.02243041992188
2023-12-08,206.6136016845703
2023-12-11,209.06556701660156
2023-12-12,210.9069366455078
2023-12-13,211.29461669921875
2023-12-14,213.63995361328125
2023-12-15,216.34388732910156
2023-12-18,216.78968811035156
2023-12-19,217.04168701171875
2023-12-20,215.54917907714844
2023-12-21,218.15621948242188
2023-12-22,219.6389923095703
2023-12-26,221.6742401123047
2023-12-27,221.4998016357422
2023-12-28,221.6451873779297
2023-12-29,220.3077392578125
2024-01-02,213.86288452148438
2024-01-03,210.59681701660156
2024-01-04,208.44532775878906
2024-01-05,207.43736267089844
2024-01-08,211.47877502441406
2024-01-09,211.44964599609375
2024-01-10,213.47523498535156
2024-01-11,214.3474578857422
2024-01-12,212.38006591796875
2024-01-16,213.9113311767578
2024-01-17,212.31224060058594
2024-01-18,218.08836364746094
2024-01-19,219.4742889404297
2024-01-22,219.91038513183594
2024-01-23,217.87513732910156
2024-01-24,219.3482666015625
2024-01-25,221.92620849609375
2024-01-26,222.6046142578125
2024-01-29,222.04249572753906
2024-01-30,223.11825561523438
2024-01-31,219.72622680664062
2024-02-01,222.98260498046875
2024-02-02,225.48301696777344
2024-02-05,223.612548828125
2024-02-06,223.38961791992188
2024-02-07,230.27061462402344
2024-02-08,236.4344482421875
2024-02-09,237.66525268554688
2024-02-12,234.53488159179688
2024-02-13,230.14462280273438
2024-02-14,232.09262084960938
2024-02-15,235.2617645263672
2024-02-16,233.92430114746094
2024-02-20,234.3313751220703
2024-02-21,233.89524841308594
2024-02-22,239.92337036132812
2024-02-23,240.08856201171875
2024-02-26,239.23355102539062
2024-02-27,237.32925415039062
2024-02-28,237.9510498046875
2024-02-29,239.21412658691406
2024-03-01,240.2926025390625
2024-03-04,239.6610565185547
2024-03-05,238.00936889648438
2024-03-06,240.16627502441406
2024-03-07,241.28359985351562
2024-03-08,240.90469360351562
2024-03-11,240.8949737548828
2024-03-12,242.7701416015625
2024-03-13,241.56536865234375
2024-03-14,239.47645568847656
2024-03-15,238.5340118408203
2024-03-18,238.05795288085938
2024-03-19,240.95326232910156
2024-03-20,243.6737060546875
2024-03-21,247.56976318359375
2024-03-22,248.4053497314453
2024-03-25,246.63702392578125
2024-03-26,246.8993682861328
2024-03-27,250.5428009033203
2024-03-28,248.51219177246094
2024-04-01,245.86947631835938
2024-04-02,244.48013305664062
2024-04-03,248.4927520751953
2024-04-04,245.3642578125
2024-04-05,247.93894958496094
2024-04-08,247.03536987304688
2024-04-09,247.0256805419922
2024-04-10,240.2537384033203
2024-04-11,240.95326232910156
2024-04-12,236.00790405273438
2024-04-15,234.5213623046875
2024-04-16,233.19027709960938
2024-04-17,230.05206298828125
2024-04-18,229.00277709960938
2024-04-19,229.08047485351562
2024-04-22,230.8876190185547
2024-04-23,233.63722229003906
2024-04-24,233.85096740722656
2024-04-25,236.50340270996094
2024-04-26,235.37637329101562
2024-04-29,238.95179748535156
2024-04-30,234.9877471923828
2024-05-01,208.5120086669922
2024-05-02,212.2040252685547
2024-05-03,213.32138061523438
2024-05-06,215.5171661376953
2024-05-07,214.4095458984375
2024-05-08,214.0597686767578
2024-05-09,216.6344757080078
2024-05-10,216.13894653320312
2024-05-13,215.7406005859375
2024-05-14,215.28396606445312
2024-05-15,217.0911102294922
2024-05-16,217.77122497558594
2024-05-17,217.28543090820312
2024-05-20,221.75474548339844
2024-05-21,223.8339385986328
2024-05-22,229.55654907226562
2024-05-23,225.5820770263672
2024-05-24,225.0852508544922
2024-05-28,219.37677001953125
2024-05-29,215.00289916992188
2024-05-30,217.07778930664062
2024-05-31,217.83763122558594
2024-06-03,217.71099853515625
2024-06-04,216.17185974121094
2024-06-05,217.16546630859375
2024-06-06,216.07443237304688
2024-06-07,218.44161987304688
2024-06-10,218.11038208007812
2024-06-11,218.55850219726562
2024-06-12,220.4483184814453
2024-06-13,219.2793426513672
2024-06-14,217.4187469482422
2024-06-17,220.49703979492188
2024-06-18,224.58843994140625
2024-06-20,225.9327392578125
2024-06-21,229.40069580078125
2024-06-24,225.62103271484375
2024-06-25,218.811767578125
2024-06-26,217.36032104492188
2024-06-27,218.2662353515625
2024-06-28,218.0519256591797
2024-07-01,213.52218627929688
2024-07-02,213.4539794921875
2024-07-03,212.47012329101562
2024-07-05,210.70692443847656
2024-07-08,211.26214599609375
2024-07-09,209.24569702148438
2024-07-10,213.21046447753906
2024-07-11,218.03245544433594
2024-07-12,222.5914306640625
2024-07-15,226.7510223388672
2024-07-16,233.63818359375
2024-07-17,230.85215759277344
2024-07-18,227.656982421875
2024-07-19,222.9226531982422
2024-07-22,226.5074920654297
2024-07-23,224.19876098632812
2024-07-24,223.2830810546875
2024-07-25,222.7083282470703
2024-07-26,223.79937744140625
2024-07-29,225.40672302246094
2024-07-30,226.45877075195312
2024-07-31,212.47012329101562
2024-08-01,208.0669708251953
2024-08-02,204.4237060546875
2024-08-05,201.32591247558594
2024-08-06,203.0598907470703
2024-08-07,203.5859375
2024-08-08,206.82008361816406
2024-08-09,208.20335388183594
2024-08-12,206.61550903320312
2024-08-13,210.31724548339844
2024-08-14,211.0770721435547
2024-08-15,216.13287353515625
2024-08-16,216.99984741210938
2024-08-19,213.53192138671875
2024-08-20,215.43150329589844
2024-08-21,219.12350463867188
2024-08-22,219.36703491210938
2024-08-23,223.79937744140625
2024-08-26,223.98497009277344
2024-08-27,221.71885681152344
2024-08-28,219.2866668701172
2024-08-29,217.93870544433594
2024-08-30,220.40017700195312
2024-09-03,212.61526489257812
2024-09-04,209.4993133544922
2024-09-05,209.83145141601562
2024-09-06,207.28204345703125
2024-09-09,209.16725158691406
2024-09-10,210.84730529785156
2024-09-11,210.7886962890625
2024-09-12,213.56275939941406
2024-09-13,215.0376739501953
2024-09-16,216.30747985839844
2024-09-17,218.1340789794922
2024-09-18,216.47354125976562
2024-09-19,222.5784149169922
2024-09-20,220.06808471679688
2024-09-23,218.90573120117188
2024-09-24,219.07176208496094
2024-09-25,216.14144897460938
2024-09-26,223.32078552246094
2024-09-27,221.2890625
2024-09-30,221.0448760986328
2024-10-01,212.75201416015625
2024-10-02,214.25625610351562
2024-10-03,213.19155883789062
2024-10-04,216.54193115234375
2024-10-07,215.3697967529297
2024-10-08,218.41734313964844
2024-10-09,220.4588165283203
2024-10-10,216.54193115234375
2024-10-11,216.84471130371094
2024-10-14,218.29034423828125
2024-10-15,215.0181427001953
2024-10-16,215.04747009277344
2024-10-17,216.04376220703125
2024-10-18,213.24041748046875
2024-10-21,215.2330322265625
2024-10-22,212.0389862060547
2024-10-23,212.59573364257812
2024-10-24,214.0706787109375
2024-10-25,211.97059631347656
2024-10-28,213.42599487304688
2024-10-29,214.79348754882812
2024-10-30,190.5303192138672
2024-10-31,183.8589324951172
2024-11-01,184.00543212890625
2024-11-04,186.6623077392578
2024-11-05,188.50840759277344
2024-11-06,198.08079528808594
2024-11-07,198.18824768066406
2024-11-08,195.22860717773438
2024-11-11,193.2164764404297
2024-11-12,187.45346069335938
2024-11-13,181.6904754638672
2024-11-14,176.57217407226562
2024-11-15,173.5050811767578
2024-11-18,173.93487548828125
2024-11-19,170.0082244873047
2024-11-20,171.90318298339844
2024-11-21,174.03253173828125
2024-11-22,174.80418395996094
2024-11-25,177.74969482421875
2024-11-26,174.27978515625
2024-11-27,173.25059509277344
2024-11-29,172.44680786132812
2024-12-02,177.0439453125
2024-12-03,176.07357788085938
2024-12-04,174.75027465820312
2024-12-05,174.7698974609375
2024-12-06,176.4950408935547
2024-12-09,178.8475341796875
2024-12-10,175.4658203125
2024-12-11,174.7208709716797
2024-12-12,174.52484130859375
2024-12-13,172.57421875
2024-12-16,174.26998901367188
2024-12-17,173.162353515625
2024-12-18,168.0947265625
2024-12-19,169.8492889404297
2024-12-20,171.07452392578125
2024-12-23,172.0841522216797
2024-12-24,172.84869384765625
2024-12-26,173.61325073242188
2024-12-27,172.3291778564453
2024-12-30,169.9178924560547
2024-12-31,170.59423828125
2025-01-02,166.6636505126953
2025-01-03,170.7804718017578
2025-01-06,175.74029541015625
2025-01-07,177.39682006835938
2025-01-08,177.74969482421875
2025-01-10,179.51406860351562
2025-01-13,177.3380126953125
2025-01-14,182.86634826660156
2025-01-15,183.74853515625
2025-01-16,184.07199096679688
2025-01-17,184.99339294433594
2025-01-21,187.7967529296875
2025-01-22,190.45310974121094
2025-01-23,193.5799560546875
2025-01-24,191.2666778564453
2025-01-27,190.19825744628906
2025-01-28,190.90399169921875
2025-01-29,191.6587677001953
2025-01-30,193.8446044921875
2025-01-31,195.19729614257812
2025-02-03,194.51113891601562
2025-02-04,195.393310546875
2025-02-05,202.0488739013672
2025-02-06,195.90304565429688
2025-02-07,188.21824645996094
2025-02-10,187.7771759033203
2025-02-11,187.94381713867188
2025-02-12,185.19923400878906
2025-02-13,183.87596130371094
2025-02-14,185.6403350830078
2025-02-18,188.6495361328125
2025-02-19,190.64915466308594
2025-02-20,188.98281860351562
2025-02-21,182.80755615234375
2025-02-24,182.99380493164062
2025-02-25,179.56629943847656
2025-02-26,177.2550811767578
2025-02-27,176.04539489746094
2025-02-28,175.2585906982422
2025-03-03,169.65269470214844
2025-03-04,168.49217224121094
2025-03-05,169.74119567871094
2025-03-06,164.49916076660156
2025-03-07,165.59085083007812
2025-03-10,166.71205139160156
2025-03-11,163.3091583251953
2025-03-12,163.90908813476562
2025-03-13,160.80125427246094
2025-03-14,164.2434539794922
2025-03-17,167.81356811523438
2025-03-18,167.94139099121094
2025-03-19,169.98707580566406
2025-03-20,165.31549072265625
2025-03-21,162.8370819091797
2025-03-24,167.49884033203125
2025-03-25,165.73838806152344
2025-03-26,164.56800842285156
2025-03-27,161.1356201171875
2025-03-28,158.8440704345703
2025-03-31,157.61471557617188
2025-04-01,159.40469360351562
2025-04-02,161.75523376464844
2025-04-03,149.0681610107422
2025-04-04,142.1050262451172
2025-04-07,144.77029418945312
2025-04-08,143.61961364746094
2025-04-09,156.84759521484375
2025-04-10,144.27854919433594
2025-04-11,146.34388732910156
2025-04-14,149.23536682128906
2025-04-15,148.34036254882812
2025-04-16,146.3144073486328
2025-04-17,148.96981811523438
2025-04-21,145.97015380859375
2025-04-22,149.52056884765625
2025-04-23,152.30386352539062
2025-04-24,156.3165283203125
2025-04-25,155.3428497314453
2025-04-28,155.9722900390625
2025-04-29,157.31968688964844
2025-04-30,157.90977478027344
2025-05-01,159.71939086914062
2025-05-02,164.0762939453125
2025-05-05,163.0141143798828
2025-05-06,161.22413635253906
2025-05-07,172.62283325195312
2025-05-08,177.11740112304688
2025-05-09,175.98638916015625
2025-05-12,185.7033233642578
2025-05-13,187.53260803222656
2025-05-14,186.23440551757812
2025-05-15,185.3197479248047
2025-05-16,185.9098358154297
2025-05-19,184.93618774414062
2025-05-20,184.9951934814453
2025-05-21,178.81887817382812
2025-05-22,180.35311889648438
2025-05-23,179.7659149169922
2025-05-27,183.2791290283203
2025-05-28,180.93040466308594
2025-05-29,179.9534149169922
2025-05-30,177.9895782470703
2025-06-02,172.46316528320312
2025-06-03,176.99285888671875
2025-06-04,174.47637939453125
2025-06-05,173.51910400390625
2025-06-06,175.89744567871094
2025-06-09,175.0980682373047
2025-06-10,176.38101196289062
2025-06-11,173.44015502929688
2025-06-12,172.45330810546875
2025-06-13,168.1802215576172
2025-06-16,170.08486938476562
2025-06-17,168.5552215576172
2025-06-18,167.76573181152344
2025-06-20,168.37757873535156
2025-06-23,171.4862060546875
2025-06-24,177.47640991210938
2025-06-25,175.49281311035156
2025-06-26,174.95004272460938
2025-06-27,175.07835388183594
2025-06-30,176.24282836914062
2025-07-01,178.77906799316406
2025-07-02,180.43698120117188
2025-07-03,179.73631286621094
2025-07-07,175.02899169921875
2025-07-08,178.2757568359375
2025-07-09,178.37445068359375
2025-07-10,177.33824157714844
2025-07-11,175.0487518310547
2025-07-14,175.36453247070312
2025-07-15,173.4599151611328
2025-07-16,173.42041015625
2025-07-17,177.6244354248047
2025-07-18,177.2296905517578
2025-07-21,174.54544067382812
2025-07-22,177.70339965820312
2025-07-23,178.98629760742188
2025-07-24,178.45339965820312
2025-07-25,178.75930786132812
2025-07-28,179.3909149169922
2025-07-29,179.78564453125
2025-07-30,177.57510375976562
2025-07-31,172.08816528320312
2025-08-01,166.64071655273438
2025-08-04,169.8776092529297
2025-08-05,163.06829833984375
2025-08-06,163.33473205566406
2025-08-07,159.75245666503906
2025-08-08,160.77877807617188
2025-08-11,158.04518127441406
2025-08-12,161.90379333496094
2025-08-13,165.27883911132812
2025-08-14,163.90711975097656
2025-08-15,161.6077423095703
2025-08-18,163.660400390625
2025-08-19,165.37754821777344
2025-08-20,164.71633911132812
2025-08-21,162.022216796875
2025-08-22,164.80514526367188
2025-08-25,164.8893585205078
2025-08-26,162.1256866455078
2025-08-27,163.67095947265625
2025-08-28,164.30491638183594
2025-08-29,163.2053985595703
2025-09-02,160.7388916015625
2025-09-03,161.82850646972656
2025-09-04,164.68133544921875
2025-09-05,168.12850952148438
2025-09-08,166.26625061035156
2025-09-09,167.35586547851562
2025-09-10,169.15869140625
2025-09-11,164.16624450683594
2025-09-12,162.7398223876953
2025-09-15,161.59078979492188
2025-09-16,164.582275390625
2025-09-17,165.71153259277344
2025-09-18,161.33323669433594
2025-09-19,159.6988067626953
2025-09-22,162.61105346679688
2025-09-23,163.027099609375
2025-09-24,158.9558868408203
2025-09-25,155.48890686035156
2025-09-26,162.81907653808594
2025-09-29,160.71908569335938
2025-09-30,157.777099609375
2025-10-01,157.48983764648438
2025-10-02,157.91578674316406
2025-10-03,157.7672119140625
2025-10-06,155.8653106689453
2025-10-07,153.78512573242188
2025-10-08,155.4393768310547
2025-10-09,150.35777282714844
2025-10-10,143.6714630126953
2025-10-13,146.11814880371094
2025-10-14,148.91156005859375
2025-10-15,147.4257049560547
2025-10-16,149.67430114746094
2025-10-17,151.0115509033203
2025-10-20,153.91390991210938
2025-10-21,155.0530548095703
2025-10-22,154.88465881347656
2025-10-23,156.98464965820312
2025-10-24,156.6676788330078
2025-10-27,157.7275848388672
2025-10-28,154.68655395507812
2025-10-29,155.83560180664062
2025-10-30,155.32049560546875
2025-10-31,157.8662567138672
2025-11-03,153.36911010742188
2025-11-04,140.3233642578125
2025-11-05,144.93939208984375
2025-11-06,140.22430419921875
2025-11-07,141.10589599609375
2025-11-10,141.95779418945312
2025-11-11,141.32382202148438
2025-11-12,145.99929809570312
2025-11-13,145.36532592773438
2025-11-14,143.71109008789062
2025-11-17,138.91676330566406
2025-11-18,138.49081420898438
2025-11-19,138.39175415039062
2025-11-20,135.35072326660156
2025-11-21,138.87713623046875
2025-11-24,140.58090209960938
2025-11-25,142.51116943359375
2025-11-26,143.67529296875
2025-11-28,143.49620056152344
2025-12-01,142.3121795654297
2025-12-02,143.43650817871094
2025-12-03,142.9589080810547
2025-12-04,143.81459045410156
2025-12-05,145.51600646972656
2025-12-08,145.2075653076172
2025-12-09,146.3916015625
2025-12-10,148.78948974609375
2025-12-11,149.10789489746094
2025-12-12,144.20263671875
2025-12-15,144.15289306640625
2025-12-16,144.2921905517578
2025-12-17,142.96885681152344
2025-12-18,142.36192321777344
2025-12-19,139.94410705566406
2025-12-22,138.80982971191406
2025-12-23,137.44671630859375
2025-12-24,138.01385498046875
2025-12-26,139.00885009765625
2025-12-29,137.9143524169922
2025-12-30,137.69546508789062
2025-12-31,135.51644897460938
