Date,CPB
2015-07-01,33.28940200805664
2015-07-02,33.164161682128906
2015-07-06,32.89277648925781
2015-07-07,33.3868293762207
2015-07-08,33.10152053833008
2015-07-09,33.0048713684082
2015-07-10,33.35509490966797
2015-07-13,33.50218963623047
2015-07-14,33.71232604980469
2015-07-15,33.334075927734375
2015-07-16,33.635276794433594
2015-07-17,33.516197204589844
2015-07-20,33.348087310791016
2015-07-21,33.243019104003906
2015-07-22,33.84539794921875
2015-07-23,33.7613410949707
2015-07-24,33.81739044189453
2015-07-27,33.81739044189453
2015-07-28,34.32170486450195
2015-07-29,34.11857986450195
2015-07-30,34.440773010253906
2015-07-31,34.538848876953125
2015-08-03,34.93809509277344
2015-08-04,34.797996520996094
2015-08-05,35.022151947021484
2015-08-06,35.3653564453125
2015-08-07,35.21827697753906
2015-08-10,35.35836410522461
2015-08-11,35.24629211425781
2015-08-12,35.30232620239258
2015-08-13,35.20425796508789
2015-08-14,35.5124397277832
2015-08-17,35.42139434814453
2015-08-18,35.18324279785156
2015-08-19,35.09919357299805
2015-08-20,34.762977600097656
2015-08-21,34.04853057861328
2015-08-24,32.92781448364258
2015-08-25,32.32545852661133
2015-08-26,33.22200393676758
2015-08-27,33.425140380859375
2015-08-28,33.481170654296875
2015-08-31,33.6142578125
2015-09-01,32.82975387573242
2015-09-02,33.460166931152344
2015-09-03,33.99249267578125
2015-09-04,33.5792350769043
2015-09-08,34.58787536621094
2015-09-09,34.125587463378906
2015-09-10,34.42677688598633
2015-09-11,34.60187911987305
2015-09-14,34.67893600463867
2015-09-15,35.21125793457031
2015-09-16,36.114837646484375
2015-09-17,36.12184143066406
2015-09-18,35.834659576416016
2015-09-21,36.05180358886719
2015-09-22,35.806644439697266
2015-09-23,35.97475051879883
2015-09-24,35.82065963745117
2015-09-25,36.19188690185547
2015-09-28,35.58249282836914
2015-09-29,35.4354133605957
2015-09-30,35.49844741821289
2015-10-01,35.03615188598633
2015-10-02,35.442420959472656
2015-10-05,35.97475051879883
2015-10-06,35.56148910522461
2015-10-07,35.610511779785156
2015-10-08,35.9537353515625
2015-10-09,36.13837432861328
2015-10-12,35.86353302001953
2015-10-13,35.44773483276367
2015-10-14,34.869873046875
2015-10-15,34.88397216796875
2015-10-16,34.876914978027344
2015-10-19,34.8134880065918
2015-10-20,34.876914978027344
2015-10-21,35.03195571899414
2015-10-22,36.244083404541016
2015-10-23,36.244083404541016
2015-10-26,36.37093734741211
2015-10-27,36.074947357177734
2015-10-28,35.79304885864258
2015-10-29,36.082000732421875
2015-10-30,35.79304885864258
2015-11-02,35.75782775878906
2015-11-03,35.398406982421875
2015-11-04,35.54640197753906
2015-11-05,35.518211364746094
2015-11-06,34.369510650634766
2015-11-09,34.299034118652344
2015-11-10,34.038291931152344
2015-11-11,34.43998718261719
2015-11-12,34.038291931152344
2015-11-13,33.805728912353516
2015-11-16,34.30608367919922
2015-11-17,33.85505676269531
2015-11-18,34.559783935546875
2015-11-19,34.86281967163086
2015-11-20,34.40473556518555
2015-11-23,35.08833312988281
2015-11-24,36.173614501953125
2015-11-25,37.012229919433594
2015-11-27,37.42097854614258
2015-11-30,36.81490707397461
2015-12-01,37.216590881347656
2015-12-02,37.132041931152344
2015-12-03,36.95585632324219
2015-12-04,37.43505859375
2015-12-07,37.43505859375
2015-12-08,37.69581985473633
2015-12-09,37.72400665283203
2015-12-10,37.801517486572266
2015-12-11,37.34347152709961
2015-12-14,37.526695251464844
2015-12-15,37.49850845336914
2015-12-16,37.857906341552734
2015-12-17,37.449161529541016
2015-12-18,36.793766021728516
2015-12-21,37.11090087890625
2015-12-22,37.456207275390625
2015-12-23,37.752197265625
2015-12-24,37.576019287109375
2015-12-28,37.76628875732422
2015-12-29,37.8297119140625
2015-12-30,37.49850845336914
2015-12-31,37.03337097167969
2016-01-04,36.40617370605469
2016-01-05,36.540077209472656
2016-01-06,36.476646423339844
2016-01-07,36.0313835144043
2016-01-08,36.237003326416016
2016-01-11,36.4426155090332
2016-01-12,37.91733932495117
2016-01-13,37.42811965942383
2016-01-14,37.92441940307617
2016-01-15,37.569915771484375
2016-01-19,38.519989013671875
2016-01-20,38.356910705566406
2016-01-21,38.34981918334961
2016-01-22,38.746856689453125
2016-01-25,38.7184944152832
2016-01-26,39.10136413574219
2016-01-27,38.99501419067383
2016-01-28,39.51258087158203
2016-01-29,39.99470520019531
2016-02-01,40.3137321472168
2016-02-02,39.92379379272461
2016-02-03,39.90961456298828
2016-02-04,39.2360725402832
2016-02-05,39.590579986572266
2016-02-08,39.86708068847656
2016-02-09,40.561893463134766
2016-02-10,41.04402160644531
2016-02-11,40.64698028564453
2016-02-12,41.29217529296875
2016-02-16,42.142974853515625
2016-02-17,43.17812728881836
2016-02-18,43.220645904541016
2016-02-19,43.20648193359375
2016-02-22,43.07176208496094
2016-02-23,43.17812728881836
2016-02-24,42.91579055786133
2016-02-25,44.39759063720703
2016-02-26,43.94383239746094
2016-02-29,43.78075408935547
2016-03-01,43.32700729370117
2016-03-02,43.57515335083008
2016-03-03,43.865840911865234
2016-03-04,43.92257308959961
2016-03-07,43.993465423583984
2016-03-08,44.31960678100586
2016-03-09,44.844268798828125
2016-03-10,44.73081588745117
2016-03-11,45.36893081665039
2016-03-14,45.02859878540039
2016-03-15,45.13494873046875
2016-03-16,45.55326461791992
2016-03-17,45.63834762573242
2016-03-18,45.61707305908203
2016-03-21,45.59580612182617
2016-03-22,44.87971115112305
2016-03-23,44.971893310546875
2016-03-24,44.787540435791016
2016-03-28,44.936439514160156
2016-03-29,45.496543884277344
2016-03-30,45.489444732666016
2016-03-31,45.22711181640625
2016-04-01,46.198448181152344
2016-04-04,46.418251037597656
2016-04-05,45.65961837768555
2016-04-06,45.80141067504883
2016-04-07,45.496482849121094
2016-04-08,45.7458381652832
2016-04-11,45.517860412597656
2016-04-12,45.581974029541016
2016-04-13,44.74842071533203
2016-04-14,44.0003547668457
2016-04-15,44.185585021972656
2016-04-18,44.413570404052734
2016-04-19,44.0431022644043
2016-04-20,43.74387741088867
2016-04-21,42.62534713745117
2016-04-22,43.20242691040039
2016-04-25,43.487396240234375
2016-04-26,43.451786041259766
2016-04-27,43.91486740112305
2016-04-28,43.80800247192383
2016-04-29,43.96473693847656
2016-05-02,44.63441848754883
2016-05-03,44.25682830810547
2016-05-04,44.4349479675293
2016-05-05,44.92653274536133
2016-05-06,45.539241790771484
2016-05-09,46.265926361083984
2016-05-10,46.61500930786133
2016-05-11,46.63637924194336
2016-05-12,47.37733840942383
2016-05-13,47.09236145019531
2016-05-16,46.93561935424805
2016-05-17,45.46085739135742
2016-05-18,45.218631744384766
2016-05-19,45.581974029541016
2016-05-20,42.675228118896484
2016-05-23,42.675228118896484
2016-05-24,43.39479446411133
2016-05-25,43.20955276489258
2016-05-26,43.64414596557617
2016-05-27,43.59426498413086
2016-05-31,43.152549743652344
2016-06-01,43.501651763916016
2016-06-02,43.266544342041016
2016-06-03,43.95048522949219
2016-06-06,43.75812911987305
2016-06-07,43.95761489868164
2016-06-08,43.95761489868164
2016-06-09,44.53469467163086
2016-06-10,44.67005920410156
2016-06-13,44.25682830810547
2016-06-14,44.47056198120117
2016-06-15,44.035987854003906
2016-06-16,44.7056770324707
2016-06-17,44.484825134277344
2016-06-20,44.46344757080078
2016-06-21,44.77691650390625
2016-06-22,44.5916748046875
2016-06-23,44.62730407714844
2016-06-24,44.456329345703125
2016-06-27,45.289878845214844
2016-06-28,44.7056770324707
2016-06-29,44.75555419921875
2016-06-30,47.398704528808594
2016-07-01,47.06385040283203
2016-07-05,47.868900299072266
2016-07-06,48.12539291381836
2016-07-07,47.8333740234375
2016-07-08,48.02661895751953
2016-07-11,47.74748229980469
2016-07-12,47.575706481933594
2016-07-13,47.754638671875
2016-07-14,47.61864471435547
2016-07-15,47.683067321777344
2016-07-18,47.64727783203125
2016-07-19,47.69021224975586
2016-07-20,46.22294616699219
2016-07-21,45.335411071777344
2016-07-22,45.36404800415039
2016-07-25,45.62171173095703
2016-07-26,44.81291961669922
2016-07-27,43.97549057006836
2016-07-28,44.082855224609375
2016-07-29,44.56956481933594
2016-08-01,44.4120979309082
2016-08-02,43.882442474365234
2016-08-03,43.56751251220703
2016-08-04,43.74645233154297
2016-08-05,43.88960266113281
2016-08-08,43.911075592041016
2016-08-09,43.9039192199707
2016-08-10,43.882442474365234
2016-08-11,43.72498321533203
2016-08-12,43.631927490234375
2016-08-15,43.38142395019531
2016-08-16,43.037864685058594
2016-08-17,43.252586364746094
2016-08-18,43.53172302246094
2016-08-19,43.68204116821289
2016-08-22,43.882442474365234
2016-08-23,43.26690673828125
2016-08-24,43.46731185913086
2016-08-25,43.75360870361328
2016-08-26,43.28837203979492
2016-08-29,43.74645233154297
2016-08-30,43.46731185913086
2016-08-31,43.460147857666016
2016-09-01,40.733154296875
2016-09-02,41.320068359375
2016-09-06,41.29859161376953
2016-09-07,40.87631607055664
2016-09-08,40.19635009765625
2016-09-09,39.33030700683594
2016-09-12,40.07466125488281
2016-09-13,39.68101119995117
2016-09-14,39.7168083190918
2016-09-15,39.92436981201172
2016-09-16,39.638065338134766
2016-09-19,39.587974548339844
2016-09-20,39.38040542602539
2016-09-21,39.86711120605469
2016-09-22,39.64521408081055
2016-09-23,39.287349700927734
2016-09-26,39.06547546386719
2016-09-27,39.08694076538086
2016-09-28,39.31599426269531
2016-09-29,38.92232131958008
2016-09-30,39.151363372802734
2016-10-03,39.072628021240234
2016-10-04,38.39982604980469
2016-10-05,38.4642448425293
2016-10-06,38.578758239746094
2016-10-07,38.80929946899414
2016-10-10,39.01102066040039
2016-10-11,38.79488754272461
2016-10-12,39.15510559082031
2016-10-13,39.522518157958984
2016-10-14,39.14069747924805
2016-10-17,38.672420501708984
2016-10-18,39.19832992553711
2016-10-19,38.564353942871094
2016-10-20,38.31941223144531
2016-10-21,38.405860900878906
2016-10-24,38.276187896728516
2016-10-25,38.499507904052734
2016-10-26,38.65800476074219
2016-10-27,38.182533264160156
2016-10-28,39.05424118041992
2016-10-31,39.14790344238281
2016-11-01,38.47789764404297
2016-11-02,38.110496520996094
2016-11-03,37.98802185058594
2016-11-04,37.90156936645508
2016-11-07,38.79488754272461
2016-11-08,40.062835693359375
2016-11-09,39.594566345214844
2016-11-10,38.405860900878906
2016-11-11,38.54274368286133
2016-11-14,39.24875259399414
2016-11-15,39.58016586303711
2016-11-16,39.22715377807617
2016-11-17,39.06145477294922
2016-11-18,39.06865310668945
2016-11-21,39.652191162109375
2016-11-22,41.07863998413086
2016-11-23,40.93455505371094
2016-11-25,41.43885040283203
2016-11-28,41.3307991027832
2016-11-29,41.53250503540039
2016-11-30,40.984981536865234
2016-12-01,41.17230224609375
2016-12-02,41.518096923828125
2016-12-05,41.45326614379883
2016-12-06,41.518096923828125
2016-12-07,42.267337799072266
2016-12-08,41.986385345458984
2016-12-09,42.584327697753906
2016-12-12,42.76443099975586
2016-12-13,43.21830368041992
2016-12-14,42.57712173461914
2016-12-15,42.836463928222656
2016-12-16,42.886905670166016
2016-12-19,43.095829010009766
2016-12-20,43.31916427612305
2016-12-21,43.37678527832031
2016-12-22,43.37678527832031
2016-12-23,43.42723083496094
2016-12-27,43.578514099121094
2016-12-28,43.60733413696289
2016-12-29,43.909912109375
2016-12-30,43.56410217285156
2017-01-03,43.68657684326172
2017-01-04,43.98917770385742
2017-01-05,43.8954963684082
2017-01-06,43.72980880737305
2017-01-09,43.29502868652344
2017-01-10,43.483436584472656
2017-01-11,43.584877014160156
2017-01-12,44.613826751708984
2017-01-13,44.722511291503906
2017-01-17,44.9906120300293
2017-01-18,45.13552474975586
2017-01-19,45.099308013916016
2017-01-20,45.53407287597656
2017-01-23,45.7369499206543
2017-01-24,45.867374420166016
2017-01-25,45.72245407104492
2017-01-26,45.37464904785156
2017-01-27,45.34566116333008
2017-01-30,45.200740814208984
2017-01-31,45.0920524597168
2017-02-01,45.280452728271484
2017-02-02,45.765926361083984
2017-02-03,45.8528938293457
2017-02-06,45.36015319824219
2017-02-07,45.8166618347168
2017-02-08,45.93983840942383
2017-02-09,46.25865936279297
2017-02-10,45.84564208984375
2017-02-13,45.96158218383789
2017-02-14,45.67174530029297
2017-02-15,45.97607421875
2017-02-16,45.32392501831055
2017-02-17,42.37479019165039
2017-02-21,42.71535873413086
2017-02-22,42.874752044677734
2017-02-23,42.79507064819336
2017-02-24,42.831295013427734
2017-02-27,42.72984313964844
2017-02-28,43.005191802978516
2017-03-01,43.10664749145508
2017-03-02,43.3530158996582
2017-03-03,43.14287185668945
2017-03-06,42.961734771728516
2017-03-07,42.81679916381836
2017-03-08,42.505226135253906
2017-03-09,42.77333068847656
2017-03-10,42.88926315307617
2017-03-13,42.787818908691406
2017-03-14,42.71535873413086
2017-03-15,43.01244354248047
2017-03-16,42.62840270996094
2017-03-17,42.89650344848633
2017-03-20,42.75157928466797
2017-03-21,41.36758804321289
2017-03-22,41.23715591430664
2017-03-23,41.73715591430664
2017-03-24,41.621212005615234
2017-03-27,41.65742492675781
2017-03-28,41.75163269042969
2017-03-29,41.715389251708984
2017-03-30,41.38208770751953
2017-03-31,41.476287841796875
2017-04-03,41.22267532348633
2017-04-04,41.142967224121094
2017-04-05,41.13571548461914
2017-04-06,41.00529098510742
2017-04-07,40.8748664855957
2017-04-10,41.19568634033203
2017-04-11,41.297752380371094
2017-04-12,41.582115173339844
2017-04-13,40.93320846557617
2017-04-17,41.26131057739258
2017-04-18,41.69878005981445
2017-04-19,41.7643928527832
2017-04-20,41.9248161315918
2017-04-21,41.81544494628906
2017-04-24,42.274776458740234
2017-04-25,41.99042892456055
2017-04-26,41.85188674926758
2017-04-27,41.64045333862305
2017-04-28,41.953975677490234
2017-05-01,41.45815658569336
2017-05-02,41.4946174621582
2017-05-03,41.42170715332031
2017-05-04,41.73523712158203
2017-05-05,41.85188674926758
2017-05-08,42.18000030517578
2017-05-09,41.68419647216797
2017-05-10,41.9248161315918
2017-05-11,42.02688217163086
2017-05-12,41.720645904541016
2017-05-15,41.917518615722656
2017-05-16,41.64045333862305
2017-05-17,41.859195709228516
2017-05-18,41.51649475097656
2017-05-19,40.67070007324219
2017-05-22,41.917518615722656
2017-05-23,42.37686538696289
2017-05-24,42.566436767578125
2017-05-25,42.89454650878906
2017-05-26,42.98933029174805
2017-05-30,42.20186996459961
2017-05-31,42.03416442871094
2017-06-01,42.260215759277344
2017-06-02,42.09250259399414
2017-06-05,41.91022491455078
2017-06-06,41.97583770751953
2017-06-07,41.81544494628906
2017-06-08,41.31233596801758
2017-06-09,41.224849700927734
2017-06-12,41.480045318603516
2017-06-13,41.53837585449219
2017-06-14,41.55295181274414
2017-06-15,41.53108215332031
2017-06-16,40.1384391784668
2017-06-19,39.97074890136719
2017-06-20,39.86137390136719
2017-06-21,39.44578170776367
2017-06-22,39.33641052246094
2017-06-23,39.066646575927734
2017-06-26,39.2197380065918
2017-06-27,38.55624008178711
2017-06-28,38.56352615356445
2017-06-29,37.907318115234375
2017-06-30,38.02398681640625
2017-07-03,38.05313491821289
2017-07-05,37.91461181640625
2017-07-06,37.68128967285156
2017-07-07,37.6083869934082
2017-07-10,37.156314849853516
2017-07-11,37.52338790893555
2017-07-12,37.728981018066406
2017-07-13,37.6995964050293
2017-07-14,37.978580474853516
2017-07-17,38.02263641357422
2017-07-18,37.43529510498047
2017-07-19,38.595279693603516
2017-07-20,38.11806869506836
2017-07-21,38.17681121826172
2017-07-24,38.18415832519531
2017-07-25,38.5659294128418
2017-07-26,38.62465286254883
2017-07-27,38.962379455566406
2017-07-28,38.80085372924805
2017-07-31,38.78617477416992
2017-08-01,38.55857849121094
2017-08-02,38.69807052612305
2017-08-03,38.9183349609375
2017-08-04,39.04313659667969
2017-08-07,39.087188720703125
2017-08-08,39.09452438354492
2017-08-09,39.065162658691406
2017-08-10,39.09452438354492
2017-08-11,39.358821868896484
2017-08-14,39.53502655029297
2017-08-15,39.44691848754883
2017-08-16,39.6378059387207
2017-08-17,39.61579132080078
2017-08-18,39.417545318603516
2017-08-21,39.512996673583984
2017-08-22,39.645145416259766
2017-08-23,39.784637451171875
2017-08-24,38.529212951660156
2017-08-25,37.73630905151367
2017-08-28,37.25175857543945
2017-08-29,37.30315017700195
2017-08-30,36.89201736450195
2017-08-31,33.91862869262695
2017-09-01,33.33129119873047
2017-09-05,34.26369094848633
2017-09-06,34.89506149291992
2017-09-07,34.792293548583984
2017-09-08,35.181396484375
2017-09-11,35.041893005371094
2017-09-12,34.784942626953125
2017-09-13,35.012535095214844
2017-09-14,35.056583404541016
2017-09-15,35.776065826416016
2017-09-18,35.291526794433594
2017-09-19,34.74089813232422
2017-09-20,34.14621353149414
2017-09-21,33.52216720581055
2017-09-22,33.1330680847168
2017-09-25,34.19760513305664
2017-09-26,34.26369094848633
2017-09-27,34.542667388916016
2017-09-28,34.542667388916016
2017-09-29,34.37381362915039
2017-10-02,34.4031867980957
2017-10-03,33.911285400390625
2017-10-04,34.18291473388672
2017-10-05,34.204959869384766
2017-10-06,34.12419128417969
2017-10-09,33.412052154541016
2017-10-10,33.9479866027832
2017-10-11,33.58091735839844
2017-10-12,34.02481460571289
2017-10-13,34.16537094116211
2017-10-16,34.51308822631836
2017-10-17,34.13579559326172
2017-10-18,33.76585388183594
2017-10-19,33.56611633300781
2017-10-20,34.010013580322266
2017-10-23,34.36512756347656
2017-10-24,34.128379821777344
2017-10-25,34.18758010864258
2017-10-26,35.15675354003906
2017-10-27,35.60804748535156
2017-10-30,34.29853820800781
2017-10-31,35.045780181884766
2017-11-01,35.164146423339844
2017-11-02,34.66106033325195
2017-11-03,34.387332916259766
2017-11-06,33.61049270629883
2017-11-07,34.202369689941406
2017-11-08,34.890403747558594
2017-11-09,33.76585388183594
2017-11-10,35.082763671875
2017-11-13,34.97179412841797
2017-11-14,35.371315002441406
2017-11-15,34.342926025390625
2017-11-16,35.74860763549805
2017-11-17,36.78437042236328
2017-11-20,36.93974304199219
2017-11-21,33.91383361816406
2017-11-22,34.60188293457031
2017-11-24,34.06180191040039
2017-11-27,34.60927200317383
2017-11-28,34.72764587402344
2017-11-29,36.24429702758789
2017-11-30,36.47364044189453
2017-12-01,36.414459228515625
2017-12-04,37.228275299072266
2017-12-05,36.865760803222656
2017-12-06,37.13209533691406
2017-12-07,36.45884323120117
2017-12-08,36.214717864990234
2017-12-11,35.91876983642578
2017-12-12,36.81397247314453
2017-12-13,36.39226531982422
2017-12-14,35.926170349121094
2017-12-15,36.68819046020508
2017-12-18,36.73997497558594
2017-12-19,36.08892059326172
2017-12-20,35.756004333496094
2017-12-21,36.0075569152832
2017-12-22,36.081539154052734
2017-12-26,35.726409912109375
2017-12-27,35.94096374511719
2017-12-28,35.85219955444336
2017-12-29,35.59325408935547
2018-01-02,35.06056213378906
2018-01-03,34.56488037109375
2018-01-04,34.853416442871094
2018-01-05,34.9865837097168
2018-01-08,35.23812484741211
2018-01-09,35.253028869628906
2018-01-10,34.14997100830078
2018-01-11,34.097816467285156
2018-01-12,33.91893005371094
2018-01-16,34.61207580566406
2018-01-17,34.9996337890625
2018-01-18,34.470462799072266
2018-01-19,35.32010269165039
2018-01-22,35.51390075683594
2018-01-23,35.45425796508789
2018-01-24,35.10395812988281
2018-01-25,35.372291564941406
2018-01-26,35.2828369140625
2018-01-29,34.992183685302734
2018-01-30,34.58226013183594
2018-01-31,34.69404983520508
2018-02-01,34.86547088623047
2018-02-02,33.24071502685547
2018-02-05,32.95748519897461
2018-02-06,33.643165588378906
2018-02-07,33.3897705078125
2018-02-08,33.412132263183594
2018-02-09,34.08290481567383
2018-02-12,34.51518249511719
2018-02-13,34.76858139038086
2018-02-14,34.9996337890625
2018-02-15,35.5511589050293
2018-02-16,34.41082763671875
2018-02-20,34.34375762939453
2018-02-21,31.973682403564453
2018-02-22,32.76371765136719
2018-02-23,32.88296127319336
2018-02-26,33.06928634643555
2018-02-27,32.74879455566406
2018-02-28,32.08549118041992
2018-03-01,31.511598587036133
2018-03-02,31.31781005859375
2018-03-05,32.43577194213867
2018-03-06,32.71898651123047
2018-03-07,32.107845306396484
2018-03-08,32.15255355834961
2018-03-09,32.50285339355469
2018-03-12,32.48794174194336
2018-03-13,32.74879455566406
2018-03-14,32.94258499145508
2018-03-15,32.27925491333008
2018-03-16,32.480499267578125
2018-03-19,32.495391845703125
2018-03-20,32.13764572143555
2018-03-21,31.429611206054688
2018-03-22,31.3774356842041
2018-03-23,31.5041446685791
2018-03-26,31.6531982421875
2018-03-27,31.817163467407227
2018-03-28,32.35378646850586
2018-03-29,32.27925491333008
2018-04-02,31.489225387573242
2018-04-03,31.511598587036133
2018-04-04,32.21963882446289
2018-04-05,32.40595626831055
2018-04-06,32.592288970947266
2018-04-09,32.24199295043945
2018-04-10,32.001548767089844
2018-04-11,32.18939971923828
2018-04-12,32.061649322509766
2018-04-13,31.896358489990234
2018-04-16,32.1668586730957
2018-04-17,31.956462860107422
2018-04-18,31.438018798828125
2018-04-19,31.00971794128418
2018-04-20,30.325950622558594
2018-04-23,30.686635971069336
2018-04-24,30.866960525512695
2018-04-25,31.19005584716797
2018-04-26,31.355356216430664
2018-04-27,31.618345260620117
2018-04-30,30.64153289794922
2018-05-01,30.769275665283203
2018-05-02,30.01788902282715
2018-05-03,30.35601806640625
2018-05-04,30.821866989135742
2018-05-07,30.829391479492188
2018-05-08,31.032258987426758
2018-05-09,31.07733917236328
2018-05-10,30.949607849121094
2018-05-11,30.566404342651367
2018-05-14,30.085508346557617
2018-05-15,29.63467788696289
2018-05-16,29.66473960876465
2018-05-17,29.469385147094727
2018-05-18,25.82514762878418
2018-05-21,25.231563568115234
2018-05-22,25.82514762878418
2018-05-23,25.742504119873047
2018-05-24,25.8026180267334
2018-05-25,25.997976303100586
2018-05-29,25.734983444213867
2018-05-30,25.94536781311035
2018-05-31,25.276639938354492
2018-06-01,25.006141662597656
2018-06-04,25.066253662109375
2018-06-05,25.043712615966797
2018-06-06,24.938520431518555
2018-06-07,25.16393280029297
2018-06-08,25.58470916748047
2018-06-11,26.17079734802246
2018-06-12,26.39620590209961
2018-06-13,26.674217224121094
2018-06-14,27.433120727539062
2018-06-15,27.876436233520508
2018-06-18,27.5533390045166
2018-06-19,27.823843002319336
2018-06-20,27.951574325561523
2018-06-21,28.146936416625977
2018-06-22,29.003511428833008
2018-06-25,31.731050491333008
2018-06-26,31.039772033691406
2018-06-27,29.972808837890625
2018-06-28,30.618995666503906
2018-06-29,30.46120262145996
2018-07-02,30.273359298706055
2018-07-03,30.829391479492188
2018-07-05,31.17502212524414
2018-07-06,31.49060821533203
2018-07-09,31.220109939575195
2018-07-10,31.17502212524414
2018-07-11,31.85879135131836
2018-07-12,31.343599319458008
2018-07-13,31.10114288330078
2018-07-16,30.74506378173828
2018-07-17,31.184486389160156
2018-07-18,30.43442153930664
2018-07-19,31.025381088256836
2018-07-20,30.684446334838867
2018-07-23,30.479883193969727
2018-07-24,30.358659744262695
2018-07-25,30.472301483154297
2018-07-26,30.835968017578125
2018-07-27,31.017799377441406
2018-07-30,31.017799377441406
2018-07-31,30.987499237060547
2018-08-01,31.389049530029297
2018-08-02,31.60118865966797
2018-08-03,32.396705627441406
2018-08-06,32.33610153198242
2018-08-07,31.64664077758789
2018-08-08,31.805749893188477
2018-08-09,32.033042907714844
2018-08-10,31.32843780517578
2018-08-13,31.449665069580078
2018-08-14,31.631486892700195
2018-08-15,32.08607482910156
2018-08-16,31.843629837036133
2018-08-17,31.851205825805664
2018-08-20,31.957290649414062
2018-08-21,31.722415924072266
2018-08-22,31.222366333007812
2018-08-23,30.767776489257812
2018-08-24,30.82082176208496
2018-08-27,30.835968017578125
2018-08-28,30.176820755004883
2018-08-29,30.29804801940918
2018-08-30,29.6616153717041
2018-08-31,29.888931274414062
2018-09-04,30.070758819580078
2018-09-05,30.199556350708008
2018-09-06,30.343505859375
2018-09-07,30.472301483154297
2018-09-10,30.707176208496094
2018-09-11,30.320785522460938
2018-09-12,30.51018714904785
2018-09-13,31.161758422851562
2018-09-14,31.28297996520996
2018-09-17,31.032960891723633
2018-09-18,30.35108757019043
2018-09-19,30.411691665649414
2018-09-20,30.548063278198242
2018-09-21,30.343505859375
2018-09-24,30.176820755004883
2018-09-25,29.593442916870117
2018-09-26,29.5328311920166
2018-09-27,27.926631927490234
2018-09-28,27.752370834350586
2018-10-01,27.532657623291016
2018-10-02,27.805410385131836
2018-10-03,27.661455154418945
2018-10-04,28.176654815673828
2018-10-05,28.20695686340332
2018-10-08,28.979751586914062
2018-10-09,28.426671981811523
2018-10-10,28.578201293945312
2018-10-11,28.402318954467773
2018-10-12,28.371715545654297
2018-10-15,28.907039642333984
2018-10-16,29.36587142944336
2018-10-17,27.775232315063477
2018-10-18,28.042879104614258
2018-10-19,29.006450653076172
2018-10-22,29.02174949645996
2018-10-23,29.07528305053711
2018-10-24,29.36587142944336
2018-10-25,29.02174949645996
2018-10-26,28.088773727416992
2018-10-29,28.746450424194336
2018-10-30,29.243520736694336
2018-10-31,28.608781814575195
2018-11-01,29.014095306396484
2018-11-02,28.203479766845703
2018-11-05,28.853506088256836
2018-11-06,29.342941284179688
2018-11-07,29.327640533447266
2018-11-08,29.212934494018555
2018-11-09,29.801774978637695
2018-11-12,29.954721450805664
2018-11-13,30.01590919494629
2018-11-14,29.947093963623047
2018-11-15,29.9164981842041
2018-11-16,29.557065963745117
2018-11-19,29.404123306274414
2018-11-20,31.01006317138672
2018-11-21,30.222383499145508
2018-11-23,30.99477195739746
2018-11-26,29.84001922607422
2018-11-27,30.21473503112793
2018-11-28,30.20709800720215
2018-11-29,30.306499481201172
2018-11-30,29.97767448425293
2018-12-03,29.64118766784668
2018-12-04,29.511186599731445
2018-12-06,29.228227615356445
2018-12-07,28.884105682373047
2018-12-10,28.845857620239258
2018-12-11,29.687068939208984
2018-12-12,29.717655181884766
2018-12-13,30.130611419677734
2018-12-14,29.947093963623047
2018-12-17,29.69472312927246
2018-12-18,29.43471336364746
2018-12-19,29.557065963745117
2018-12-20,28.807619094848633
2018-12-21,27.33932876586914
2018-12-24,25.5574893951416
2018-12-26,26.192218780517578
2018-12-27,25.618671417236328
2018-12-28,25.572790145874023
2018-12-31,25.228662490844727
2019-01-02,24.670398712158203
2019-01-03,24.97629737854004
2019-01-04,25.11394691467285
2019-01-07,25.763965606689453
2019-01-08,25.95716094970703
2019-01-09,26.41309356689453
2019-01-10,26.644929885864258
2019-01-11,27.077669143676758
2019-01-14,27.077669143676758
2019-01-15,27.456327438354492
2019-01-16,27.263132095336914
2019-01-17,27.649526596069336
2019-01-18,27.425416946411133
2019-01-22,27.348134994506836
2019-01-23,27.340412139892578
2019-01-24,26.830392837524414
2019-01-25,26.45945930480957
2019-01-28,26.745384216308594
2019-01-29,26.652650833129883
2019-01-30,26.96175765991211
2019-01-31,27.37904930114746
2019-02-01,27.054487228393555
2019-02-04,27.054487228393555
2019-02-05,27.01585578918457
2019-02-06,26.420814514160156
2019-02-07,26.428552627563477
2019-02-08,26.498096466064453
2019-02-11,26.397634506225586
2019-02-12,26.706745147705078
2019-02-13,26.784019470214844
2019-02-14,26.621740341186523
2019-02-15,26.884483337402344
2019-02-19,27.054487228393555
2019-02-20,27.18585777282715
2019-02-21,27.38677978515625
2019-02-22,25.369861602783203
2019-02-25,24.929386138916016
2019-02-26,25.431684494018555
2019-02-27,27.9818115234375
2019-02-28,27.834980010986328
2019-03-01,28.09000015258789
2019-03-04,27.81953239440918
2019-03-05,27.896800994873047
2019-03-06,27.927719116210938
2019-03-07,27.757709503173828
2019-03-08,27.834980010986328
2019-03-11,27.74224853515625
2019-03-12,27.08539581298828
2019-03-13,27.255407333374023
2019-03-14,27.54132843017578
2019-03-15,27.827255249023438
2019-03-18,28.252275466918945
2019-03-19,28.05135726928711
2019-03-20,28.066810607910156
2019-03-21,29.256866455078125
2019-03-22,29.550514221191406
2019-03-25,29.581430435180664
2019-03-26,29.766891479492188
2019-03-27,29.326417922973633
2019-03-28,29.596885681152344
2019-03-29,29.46550750732422
2019-04-01,29.249143600463867
2019-04-02,29.071409225463867
2019-04-03,28.78548240661621
2019-04-04,28.940034866333008
2019-04-05,29.565977096557617
2019-04-08,29.774614334106445
2019-04-09,30.516469955444336
2019-04-10,30.50867462158203
2019-04-11,30.92190170288086
2019-04-12,31.038862228393555
2019-04-15,31.062244415283203
2019-04-16,30.742578506469727
2019-04-17,30.50867462158203
2019-04-18,30.71139144897461
2019-04-22,30.65682029724121
2019-04-23,30.32935333251953
2019-04-24,30.407312393188477
2019-04-25,29.76798439025879
2019-04-26,30.12664031982422
2019-04-29,29.892738342285156
2019-04-30,30.165618896484375
2019-05-01,29.87714958190918
2019-05-02,29.55747413635254
2019-05-03,29.83816146850586
2019-05-06,29.7913761138916
2019-05-07,29.806978225708008
2019-05-08,30.087657928466797
2019-05-09,30.376134872436523
2019-05-10,30.20460319519043
2019-05-13,30.189008712768555
2019-05-14,30.1500301361084
2019-05-15,30.391727447509766
2019-05-16,30.352745056152344
2019-05-17,30.50867462158203
2019-05-20,30.21239471435547
2019-05-21,29.955106735229492
2019-05-22,29.51848793029785
2019-05-23,29.713417053222656
2019-05-24,29.261198043823242
2019-05-28,28.67644500732422
2019-05-29,28.239826202392578
2019-05-30,27.912370681762695
2019-05-31,28.309995651245117
2019-06-03,29.136457443237305
2019-06-04,29.713417053222656
2019-06-05,32.691768646240234
2019-06-06,33.5338249206543
2019-06-07,33.58839797973633
2019-06-10,32.75413513183594
2019-06-11,33.159568786621094
2019-06-12,33.081607818603516
2019-06-13,33.245338439941406
2019-06-14,32.94905471801758
2019-06-17,32.25515365600586
2019-06-18,31.857524871826172
2019-06-19,32.16938018798828
2019-06-20,31.99005699157715
2019-06-21,31.7249698638916
2019-06-24,31.600221633911133
2019-06-25,31.997865676879883
2019-06-26,31.545635223388672
2019-06-27,30.992074966430664
2019-06-28,31.241575241088867
2019-07-01,31.280561447143555
2019-07-02,31.685985565185547
2019-07-03,32.48905563354492
2019-07-05,32.41107940673828
2019-07-08,32.356502532958984
2019-07-09,32.3253288269043
2019-07-10,32.278541564941406
2019-07-11,32.137001037597656
2019-07-12,32.17631912231445
2019-07-15,32.333587646484375
2019-07-16,32.46725082397461
2019-07-17,32.51442337036133
2019-07-18,32.77391815185547
2019-07-19,32.4515266418457
2019-07-22,32.34931564331055
2019-07-23,32.608795166015625
2019-07-24,31.861780166625977
2019-07-25,31.767427444458008
2019-07-26,32.20777130126953
2019-07-29,32.50656509399414
2019-07-30,32.75819396972656
2019-07-31,32.50656509399414
2019-08-01,33.11204147338867
2019-08-02,33.29289627075195
2019-08-05,32.40435028076172
2019-08-06,32.44366455078125
2019-08-07,32.68741989135742
2019-08-08,33.04913330078125
2019-08-09,32.86042404174805
2019-08-12,33.11204147338867
2019-08-13,33.22998046875
2019-08-14,32.60093307495117
2019-08-15,33.1513671875
2019-08-16,33.52878952026367
2019-08-19,33.96125793457031
2019-08-20,33.874778747558594
2019-08-21,34.02417755126953
2019-08-22,34.3465690612793
2019-08-23,33.56024932861328
2019-08-26,33.54452133178711
2019-08-27,33.06486511230469
2019-08-28,33.001956939697266
2019-08-29,34.055641174316406
2019-08-30,35.384517669677734
2019-09-03,35.72262954711914
2019-09-04,35.43955612182617
2019-09-05,35.08570861816406
2019-09-06,35.3687858581543
2019-09-09,35.0621223449707
2019-09-10,36.08434295654297
2019-09-11,36.6898078918457
2019-09-12,37.07510757446289
2019-09-13,36.3910026550293
2019-09-16,36.752716064453125
2019-09-17,36.713401794433594
2019-09-18,36.62690734863281
2019-09-19,36.650489807128906
2019-09-20,36.7684326171875
2019-09-23,36.6898078918457
2019-09-24,36.28878402709961
2019-09-25,36.611167907714844
2019-09-26,36.721256256103516
2019-09-27,36.85493469238281
2019-09-30,36.894256591796875
2019-10-01,36.815608978271484
2019-10-02,36.29664993286133
2019-10-03,36.77630615234375
2019-10-04,37.22450637817383
2019-10-07,36.9571647644043
2019-10-08,36.77630615234375
2019-10-09,37.101131439208984
2019-10-10,37.48932647705078
2019-10-11,37.1328239440918
2019-10-14,37.101131439208984
2019-10-15,36.92682647705078
2019-10-16,37.37049102783203
2019-10-17,37.99637222290039
2019-10-18,37.67947006225586
2019-10-21,37.940914154052734
2019-10-22,37.76660919189453
2019-10-23,37.86961364746094
2019-10-24,37.299190521240234
2019-10-25,36.80799102783203
2019-10-28,36.88721466064453
2019-10-29,36.83176803588867
2019-10-30,36.657466888427734
2019-10-31,36.689151763916016
2019-11-01,36.871368408203125
2019-11-04,36.71292495727539
2019-11-05,36.83176803588867
2019-11-06,36.918907165527344
2019-11-07,36.77630615234375
2019-11-08,36.641624450683594
2019-11-11,36.49900436401367
2019-11-12,36.74461364746094
2019-11-13,37.5289421081543
2019-11-14,37.29127502441406
2019-11-15,37.457645416259766
2019-11-18,38.059749603271484
2019-11-19,38.154815673828125
2019-11-20,38.24989700317383
2019-11-21,37.10905075073242
2019-11-22,37.101131439208984
2019-11-25,37.07736587524414
2019-11-26,37.315032958984375
2019-11-27,37.283348083496094
2019-11-29,36.89514923095703
2019-12-02,37.34671401977539
2019-12-03,37.6953125
2019-12-04,38.40042495727539
2019-12-05,37.73492431640625
2019-12-06,37.83000564575195
2019-12-09,38.218204498291016
2019-12-10,38.337039947509766
2019-12-11,38.01222610473633
2019-12-12,37.79830551147461
2019-12-13,37.917152404785156
2019-12-16,37.99637222290039
2019-12-17,37.83792495727539
2019-12-18,38.20236587524414
2019-12-19,38.20236587524414
2019-12-20,38.954994201660156
2019-12-23,38.907470703125
2019-12-24,39.002525329589844
2019-12-26,38.83615493774414
2019-12-27,39.18475341796875
2019-12-30,39.01838302612305
2019-12-31,39.15306091308594
2020-01-02,38.416259765625
2020-01-03,38.36872482299805
2020-01-06,38.43211364746094
2020-01-07,38.4560546875
2020-01-08,37.78572082519531
2020-01-09,38.001182556152344
2020-01-10,38.088958740234375
2020-01-13,38.08098602294922
2020-01-14,37.937355041503906
2020-01-15,38.128868103027344
2020-01-16,38.376251220703125
2020-01-17,38.320396423339844
2020-01-21,38.751304626464844
2020-01-22,38.75928497314453
2020-01-23,39.070518493652344
2020-01-24,38.93486785888672
2020-01-27,38.91889953613281
2020-01-28,39.00666809082031
2020-01-29,38.57575225830078
2020-01-30,39.12637710571289
2020-01-31,38.61564636230469
2020-02-03,38.99870300292969
2020-02-04,38.83112335205078
2020-02-05,39.102439880371094
2020-02-06,38.4321174621582
2020-02-07,39.00666809082031
2020-02-10,38.863033294677734
2020-02-11,38.8869743347168
2020-02-12,38.44807815551758
2020-02-13,38.591705322265625
2020-02-14,38.815162658691406
2020-02-18,38.46403503417969
2020-02-19,38.136844635009766
2020-02-20,38.096954345703125
2020-02-21,38.27251052856445
2020-02-24,38.320396423339844
2020-02-25,38.20867919921875
2020-02-26,37.21913146972656
2020-02-27,36.46900939941406
2020-02-28,36.006160736083984
2020-03-02,38.288475036621094
2020-03-03,38.20867919921875
2020-03-04,42.0710334777832
2020-03-05,42.3742790222168
2020-03-06,41.30494689941406
2020-03-09,40.060054779052734
2020-03-10,40.90593338012695
2020-03-11,40.2755126953125
2020-03-12,38.049068450927734
2020-03-13,39.32587814331055
2020-03-16,39.341835021972656
2020-03-17,42.964805603027344
2020-03-18,40.28349685668945
2020-03-19,37.905418395996094
2020-03-20,36.14980697631836
2020-03-23,34.25852966308594
2020-03-24,34.71339416503906
2020-03-25,33.045555114746094
2020-03-26,34.785213470458984
2020-03-27,35.264007568359375
2020-03-30,37.131351470947266
2020-03-31,36.836090087890625
2020-04-01,36.69245147705078
2020-04-02,37.86552047729492
2020-04-03,39.5253791809082
2020-04-06,37.99320983886719
2020-04-07,37.29894256591797
2020-04-08,37.114009857177734
2020-04-09,38.39242172241211
2020-04-13,38.99544906616211
2020-04-14,40.25776290893555
2020-04-15,40.60350036621094
2020-04-16,41.093963623046875
2020-04-17,40.474857330322266
2020-04-20,41.24672317504883
2020-04-21,40.55525588989258
2020-04-22,40.8447151184082
2020-04-23,40.635658264160156
2020-04-24,40.804508209228516
2020-04-27,41.198482513427734
2020-04-28,40.98943328857422
2020-04-29,40.34621810913086
2020-04-30,40.18540573120117
2020-05-01,40.531131744384766
2020-05-04,40.82862854003906
2020-05-05,40.909034729003906
2020-05-06,40.65174865722656
2020-05-07,40.39446258544922
2020-05-08,41.21455764770508
2020-05-11,41.77738952636719
2020-05-12,42.13115310668945
2020-05-13,42.21156311035156
2020-05-14,42.58945083618164
2020-05-15,43.03971481323242
2020-05-18,40.957271575927734
2020-05-19,39.89596176147461
2020-05-20,38.73011779785156
2020-05-21,37.93412399291992
2020-05-22,38.87482833862305
2020-05-26,38.078853607177734
2020-05-27,39.124088287353516
2020-05-28,39.8155517578125
2020-05-29,40.98943328857422
2020-06-01,41.58441925048828
2020-06-02,41.81758499145508
2020-06-03,39.25272750854492
2020-06-04,39.21253967285156
2020-06-05,38.7381591796875
2020-06-08,40.1130485534668
2020-06-09,39.82358932495117
2020-06-10,39.349205017089844
2020-06-11,38.569313049316406
2020-06-12,37.84568405151367
2020-06-15,38.89896011352539
2020-06-16,39.534141540527344
2020-06-17,39.72710418701172
2020-06-18,39.43765640258789
2020-06-19,39.5100212097168
2020-06-22,40.048728942871094
2020-06-23,39.47785186767578
2020-06-24,39.28489685058594
2020-06-25,39.87987518310547
2020-06-26,38.9150390625
2020-06-29,39.59846496582031
2020-06-30,39.90400314331055
2020-07-01,39.64670944213867
2020-07-02,39.65474319458008
2020-07-06,39.64670944213867
2020-07-07,39.984397888183594
2020-07-08,39.82358932495117
2020-07-09,39.72710418701172
2020-07-10,40.42660903930664
2020-07-13,40.06480407714844
2020-07-14,40.73686218261719
2020-07-15,39.8461799621582
2020-07-16,40.12147903442383
2020-07-17,40.16197204589844
2020-07-20,39.85426712036133
2020-07-21,39.959537506103516
2020-07-22,39.95143508911133
2020-07-23,40.18626403808594
2020-07-24,40.00001525878906
2020-07-27,40.0728874206543
2020-07-28,40.67208480834961
2020-07-29,40.647789001464844
2020-07-30,39.927146911621094
2020-07-31,40.13766860961914
2020-08-03,40.25103759765625
2020-08-04,40.850215911865234
2020-08-05,40.275325775146484
2020-08-06,40.38869094848633
2020-08-07,40.46156692504883
2020-08-10,40.80973815917969
2020-08-11,40.299617767333984
2020-08-12,41.263179779052734
2020-08-13,41.44131851196289
2020-08-14,41.80569839477539
2020-08-17,42.33201217651367
2020-08-18,42.46156692504883
2020-08-19,42.4129753112793
2020-08-20,42.42917251586914
2020-08-21,42.54253005981445
2020-08-24,42.66399002075195
2020-08-25,42.93930435180664
2020-08-26,43.30366516113281
2020-08-27,43.14983367919922
2020-08-28,42.21864700317383
2020-08-31,42.599220275878906
2020-09-01,41.61945724487305
2020-09-02,42.46966552734375
2020-09-03,39.295562744140625
2020-09-04,38.52634048461914
2020-09-08,36.61540985107422
2020-09-09,36.91499710083008
2020-09-10,36.69638442993164
2020-09-11,36.842124938964844
2020-09-14,37.101234436035156
2020-09-15,36.85831832885742
2020-09-16,36.64780044555664
2020-09-17,36.91499710083008
2020-09-18,36.79353332519531
2020-09-21,37.30366516113281
2020-09-22,36.971675872802734
2020-09-23,36.58301544189453
2020-09-24,37.902854919433594
2020-09-25,38.510135650634766
2020-09-28,38.8502197265625
2020-09-29,38.88261032104492
2020-09-30,39.166019439697266
2020-10-01,39.28746795654297
2020-10-02,39.522300720214844
2020-10-05,39.65993881225586
2020-10-06,39.33605194091797
2020-10-07,39.35236358642578
2020-10-08,39.49101638793945
2020-10-09,39.531803131103516
2020-10-12,40.06193542480469
2020-10-13,40.461578369140625
2020-10-14,40.339237213134766
2020-10-15,40.09455490112305
2020-10-16,39.91512680053711
2020-10-19,39.66230010986328
2020-10-20,38.87932586669922
2020-10-21,38.9445686340332
2020-10-22,39.075069427490234
2020-10-23,39.5970458984375
2020-10-26,39.38499069213867
2020-10-27,39.34421157836914
2020-10-28,38.38996887207031
2020-10-29,38.145286560058594
2020-10-30,38.06372833251953
2020-11-02,38.88747787475586
2020-11-03,39.058753967285156
2020-11-04,38.895633697509766
2020-11-05,39.197410583496094
2020-11-06,39.140316009521484
2020-11-09,37.615150451660156
2020-11-10,38.56939697265625
2020-11-11,39.38499069213867
2020-11-12,39.58072280883789
2020-11-13,40.119022369384766
2020-11-16,40.698089599609375
2020-11-17,40.273990631103516
2020-11-18,39.99667739868164
2020-11-19,40.22504806518555
2020-11-20,39.94774627685547
2020-11-23,40.05378723144531
2020-11-24,40.26582717895508
2020-11-25,39.898807525634766
2020-11-27,39.94774627685547
2020-11-30,40.79596710205078
2020-12-01,40.98355484008789
2020-12-02,40.021148681640625
2020-12-03,39.75200653076172
2020-12-04,39.55625915527344
2020-12-07,39.40130615234375
2020-12-08,39.36051940917969
2020-12-09,38.56123733520508
2020-12-10,38.58571243286133
2020-12-11,38.504150390625
2020-12-14,38.09635925292969
2020-12-15,38.186065673828125
2020-12-16,38.422584533691406
2020-12-17,38.96902847290039
2020-12-18,38.797760009765625
2020-12-21,39.40945053100586
2020-12-22,38.952735900878906
2020-12-23,39.23818588256836
2020-12-24,39.5970458984375
2020-12-28,39.499168395996094
2020-12-29,39.49101638793945
2020-12-30,39.16477966308594
2020-12-31,39.43391036987305
2021-01-04,39.58072280883789
2021-01-05,39.882511138916016
2021-01-06,39.075069427490234
2021-01-07,38.81203842163086
2021-01-08,38.516151428222656
2021-01-11,37.83393859863281
2021-01-12,37.39008712768555
2021-01-13,37.34077453613281
2021-01-14,37.70241165161133
2021-01-15,38.154483795166016
2021-01-19,38.12160873413086
2021-01-20,37.8421516418457
2021-01-21,38.31888198852539
2021-01-22,38.28599548339844
2021-01-25,39.45315933227539
2021-01-26,41.055946350097656
2021-01-27,43.324493408203125
2021-01-28,40.069610595703125
2021-01-29,39.54356384277344
2021-02-01,39.47780990600586
2021-02-02,38.84491729736328
2021-02-03,38.72984313964844
2021-02-04,38.57367706298828
2021-02-05,39.04218673706055
2021-02-08,38.72984313964844
2021-02-09,38.6312141418457
2021-02-10,39.08327865600586
2021-02-11,38.6065673828125
2021-02-12,38.42573165893555
2021-02-16,37.899688720703125
2021-02-17,38.12160873413086
2021-02-18,38.74629592895508
2021-02-19,38.072303771972656
2021-02-22,37.91611862182617
2021-02-23,38.080528259277344
2021-02-24,38.00654220581055
2021-02-25,37.52159881591797
2021-02-26,37.381866455078125
2021-03-01,37.41474151611328
2021-03-02,37.4969367980957
2021-03-03,37.65311050415039
2021-03-04,37.64488220214844
2021-03-05,38.294227600097656
2021-03-08,38.836700439453125
2021-03-09,38.57367706298828
2021-03-10,39.35452651977539
2021-03-11,38.99287796020508
2021-03-12,39.420284271240234
2021-03-15,39.12437057495117
2021-03-16,40.19289779663086
2021-03-17,40.242218017578125
2021-03-18,40.70250701904297
2021-03-19,40.9244270324707
2021-03-22,41.93541717529297
2021-03-23,41.6148681640625
2021-03-24,40.08605194091797
2021-03-25,40.57921600341797
2021-03-26,41.81212615966797
2021-03-29,42.70803451538086
2021-03-30,42.2313232421875
2021-03-31,41.31895065307617
2021-04-01,41.0723876953125
2021-04-05,41.17101287841797
2021-04-06,41.17101287841797
2021-04-07,40.75697708129883
2021-04-08,40.3677978515625
2021-04-09,39.804718017578125
2021-04-12,40.434043884277344
2021-04-13,40.458885192871094
2021-04-14,40.11109161376953
2021-04-15,40.47544860839844
2021-04-16,40.906028747558594
2021-04-19,41.1213264465332
2021-04-20,41.518802642822266
2021-04-21,41.85831069946289
2021-04-22,41.0136833190918
2021-04-23,40.38435745239258
2021-04-26,39.680511474609375
2021-04-27,39.7633171081543
2021-04-28,39.39068603515625
2021-04-29,39.7633171081543
2021-04-30,39.539730072021484
2021-05-03,40.07798767089844
2021-05-04,39.953765869140625
2021-05-05,40.450599670410156
2021-05-06,41.253822326660156
2021-05-07,41.030242919921875
2021-05-10,41.52707290649414
2021-05-11,41.427711486816406
2021-05-12,40.74042510986328
2021-05-13,41.03852081298828
2021-05-14,40.79838180541992
2021-05-17,40.8729133605957
2021-05-18,40.417484283447266
2021-05-19,40.0200080871582
2021-05-20,40.458885192871094
2021-05-21,40.467166900634766
2021-05-24,40.27671813964844
2021-05-25,40.08625793457031
2021-05-26,40.04485321044922
2021-05-27,39.59769821166992
2021-05-28,40.301551818847656
2021-06-01,40.467166900634766
2021-06-02,41.1213264465332
2021-06-03,40.92259216308594
2021-06-04,41.13788986206055
2021-06-07,40.955718994140625
2021-06-08,40.67417907714844
2021-06-09,38.024391174316406
2021-06-10,37.85878372192383
2021-06-11,38.18172836303711
2021-06-14,37.94158935546875
2021-06-15,37.56895446777344
2021-06-16,37.69317626953125
2021-06-17,37.83393478393555
2021-06-18,37.48615646362305
2021-06-21,37.718013763427734
2021-06-22,37.751136779785156
2021-06-23,37.444759368896484
2021-06-24,37.428192138671875
2021-06-25,37.891910552978516
2021-06-28,37.97471237182617
2021-06-29,37.78425979614258
2021-06-30,37.751136779785156
2021-07-01,37.85878372192383
2021-07-02,37.8090934753418
2021-07-06,37.70973587036133
2021-07-07,38.15687942504883
2021-07-08,37.97471237182617
2021-07-09,37.79253387451172
2021-07-12,37.718013763427734
2021-07-13,37.32563781738281
2021-07-14,37.04179000854492
2021-07-15,37.61783981323242
2021-07-16,38.01020812988281
2021-07-19,38.32743835449219
2021-07-20,37.8015022277832
2021-07-21,37.22545623779297
2021-07-22,36.958316802978516
2021-07-23,37.20876693725586
2021-07-26,37.15866470336914
2021-07-27,37.30894088745117
2021-07-28,36.81638717651367
2021-07-29,36.68280792236328
2021-07-30,36.49915313720703
2021-08-02,36.1568717956543
2021-08-03,36.19025802612305
2021-08-04,35.438907623291016
2021-08-05,35.25523376464844
2021-08-06,35.31367492675781
2021-08-09,35.5557746887207
2021-08-10,35.488990783691406
2021-08-11,35.75614929199219
2021-08-12,35.5557746887207
2021-08-13,36.048343658447266
2021-08-16,36.2653923034668
2021-08-17,36.649417877197266
2021-08-18,35.71440505981445
2021-08-19,36.065032958984375
2021-08-20,36.13182067871094
2021-08-23,35.49734115600586
2021-08-24,35.07992172241211
2021-08-25,34.32022476196289
2021-08-26,33.75252914428711
2021-08-27,34.56231689453125
2021-08-30,34.19499588012695
2021-08-31,34.83782196044922
2021-09-01,35.5557746887207
2021-09-02,35.73945236206055
2021-09-03,35.9398078918457
2021-09-07,35.79788589477539
2021-09-08,35.91476058959961
2021-09-09,35.73109817504883
2021-09-10,36.02329635620117
2021-09-13,36.59097671508789
2021-09-14,36.198612213134766
2021-09-15,36.73290252685547
2021-09-16,36.33218765258789
2021-09-17,36.056678771972656
2021-09-20,35.56413269042969
2021-09-21,35.246883392333984
2021-09-22,35.363765716552734
2021-09-23,35.296974182128906
2021-09-24,35.422210693359375
2021-09-27,35.28028106689453
2021-09-28,35.113311767578125
2021-09-29,35.772830963134766
2021-09-30,34.904598236083984
2021-10-01,34.67084884643555
2021-10-04,35.155059814453125
2021-10-05,35.530738830566406
2021-10-06,35.791805267333984
2021-10-07,35.539161682128906
2021-10-08,35.547569274902344
2021-10-11,35.2612419128418
2021-10-12,35.16860580444336
2021-10-13,34.958065032958984
2021-10-14,34.941226959228516
2021-10-15,34.663307189941406
2021-10-18,34.410667419433594
2021-10-19,34.37697982788086
2021-10-20,34.764366149902344
2021-10-21,34.21696472167969
2021-10-22,34.27592849731445
2021-10-25,33.85483932495117
2021-10-26,34.334861755371094
2021-10-27,33.61061477661133
2021-10-28,33.84641647338867
2021-10-29,33.64430618286133
2021-11-01,34.03169250488281
2021-11-02,34.00642395019531
2021-11-03,35.00859832763672
2021-11-04,34.494873046875
2021-11-05,34.30118179321289
2021-11-08,34.36855697631836
2021-11-09,34.764366149902344
2021-11-10,34.87385177612305
2021-11-11,34.46961212158203
2021-11-12,34.99174880981445
2021-11-15,35.14334487915039
2021-11-16,34.84858703613281
2021-11-17,35.02544403076172
2021-11-18,34.520145416259766
2021-11-19,34.17485809326172
2021-11-22,34.5791015625
2021-11-23,34.958065032958984
2021-11-24,34.82332229614258
2021-11-26,34.96649169921875
2021-11-29,34.696998596191406
2021-11-30,33.96430969238281
2021-12-01,33.61061477661133
2021-12-02,34.12432861328125
2021-12-03,34.6380500793457
2021-12-06,34.78121566772461
2021-12-07,34.6296272277832
2021-12-08,35.227561950683594
2021-12-09,35.522315979003906
2021-12-10,36.339210510253906
2021-12-13,36.768707275390625
2021-12-14,36.2718391418457
2021-12-15,36.625545501708984
2021-12-16,37.20663833618164
2021-12-17,36.313941955566406
2021-12-20,36.398162841796875
2021-12-21,35.62336730957031
2021-12-22,35.345462799072266
2021-12-23,35.337039947509766
2021-12-27,35.522315979003906
2021-12-28,36.51606750488281
2021-12-29,36.398162841796875
2021-12-30,36.339210510253906
2021-12-31,36.600276947021484
2022-01-03,36.83607864379883
2022-01-04,37.15610122680664
2022-01-05,37.606224060058594
2022-01-06,38.243186950683594
2022-01-07,38.93959426879883
2022-01-10,38.93111038208008
2022-01-11,38.27716827392578
2022-01-12,38.39604949951172
2022-01-13,38.965084075927734
2022-01-14,39.38971710205078
2022-01-18,39.31328201293945
2022-01-19,39.1009635925293
2022-01-20,38.073333740234375
2022-01-21,38.47249221801758
2022-01-24,38.48947525024414
2022-01-25,37.699642181396484
2022-01-26,36.969261169433594
2022-01-27,37.54676818847656
2022-01-28,37.55526351928711
2022-01-31,37.4703369140625
2022-02-01,37.495819091796875
2022-02-02,37.8270378112793
2022-02-03,37.87799835205078
2022-02-04,36.595577239990234
2022-02-07,36.97775650024414
2022-02-08,37.04568862915039
2022-02-09,36.90980911254883
2022-02-10,36.68049621582031
2022-02-11,37.495819091796875
2022-02-14,37.39390182495117
2022-02-15,37.47883224487305
2022-02-16,37.088157653808594
2022-02-17,37.529788970947266
2022-02-18,38.17523956298828
2022-02-22,37.95443344116211
2022-02-23,37.93744659423828
2022-02-24,36.97775650024414
2022-02-25,38.37906265258789
2022-02-28,38.192230224609375
2022-03-01,37.71662902832031
2022-03-02,38.34510040283203
2022-03-03,38.684810638427734
2022-03-04,38.684810638427734
2022-03-07,38.65933609008789
2022-03-08,35.92463684082031
2022-03-09,36.20491409301758
2022-03-10,35.559452056884766
2022-03-11,35.81423568725586
2022-03-14,36.357784271240234
2022-03-15,36.918304443359375
2022-03-16,36.230384826660156
2022-03-17,36.2983283996582
2022-03-18,36.03504943847656
2022-03-21,36.06902313232422
2022-03-22,36.510650634765625
2022-03-23,36.52762985229492
2022-03-24,36.790916442871094
2022-03-25,37.81854248046875
2022-03-28,37.495819091796875
2022-03-29,37.98839569091797
2022-03-30,37.45335388183594
2022-03-31,37.85251235961914
2022-04-01,38.260169982910156
2022-04-04,38.20921325683594
2022-04-05,38.11579513549805
2022-04-06,38.44120788574219
2022-04-07,38.67240905761719
2022-04-08,38.93788528442383
2022-04-11,39.19477462768555
2022-04-12,39.14340591430664
2022-04-13,39.22903823852539
2022-04-14,39.56301498413086
2022-04-18,38.93788528442383
2022-04-19,39.56301498413086
2022-04-20,40.36796951293945
2022-04-21,40.65913009643555
2022-04-22,40.19670867919922
2022-04-25,40.10250473022461
2022-04-26,39.70003128051758
2022-04-27,40.2823371887207
2022-04-28,41.33563995361328
2022-04-29,40.43647766113281
2022-05-02,40.16244888305664
2022-05-03,40.35084533691406
2022-05-04,41.10443115234375
2022-05-05,41.63536071777344
2022-05-06,42.534523010253906
2022-05-09,44.00742721557617
2022-05-10,42.45745086669922
2022-05-11,42.260494232177734
2022-05-12,42.825679779052734
2022-05-13,43.28810501098633
2022-05-16,43.382301330566406
2022-05-17,43.056888580322266
2022-05-18,39.580142974853516
2022-05-19,39.44313430786133
2022-05-20,39.41743087768555
2022-05-23,39.52875518798828
2022-05-24,40.898902893066406
2022-05-25,41.087303161621094
2022-05-26,41.018795013427734
2022-05-27,41.28425979614258
2022-05-31,41.0273551940918
2022-06-01,40.248085021972656
2022-06-02,39.17765808105469
2022-06-03,39.16053009033203
2022-06-06,39.31467056274414
2022-06-07,39.905548095703125
2022-06-08,40.5135498046875
2022-06-09,40.248085021972656
2022-06-10,40.18814468383789
2022-06-13,39.2718505859375
2022-06-14,38.91218566894531
2022-06-15,38.800865173339844
2022-06-16,38.68954086303711
2022-06-17,38.8693733215332
2022-06-21,40.248085021972656
2022-06-22,40.22239685058594
2022-06-23,40.590633392333984
2022-06-24,41.4812126159668
2022-06-27,41.22431182861328
2022-06-28,41.01022720336914
2022-06-29,41.44696807861328
2022-06-30,41.14724349975586
2022-07-01,41.5240364074707
2022-07-05,41.31850814819336
2022-07-06,41.73273468017578
2022-07-07,41.91395568847656
2022-07-08,41.92258834838867
2022-07-11,42.060665130615234
2022-07-12,42.19010543823242
2022-07-13,42.68198776245117
2022-07-14,42.32817077636719
2022-07-15,42.05202865600586
2022-07-18,41.57740783691406
2022-07-19,41.78451156616211
2022-07-20,41.465213775634766
2022-07-21,41.085514068603516
2022-07-22,41.29262161254883
2022-07-25,41.94847869873047
2022-07-26,42.28502655029297
2022-07-27,41.90532302856445
2022-07-28,42.388580322265625
2022-07-29,42.58707046508789
2022-08-01,42.785545349121094
2022-08-02,42.457618713378906
2022-08-03,42.88047409057617
2022-08-04,42.23324966430664
2022-08-05,42.6474723815918
2022-08-08,42.75102615356445
2022-08-09,42.8718376159668
2022-08-10,43.09621047973633
2022-08-11,43.22565460205078
2022-08-12,43.09621047973633
2022-08-15,43.19112777709961
2022-08-16,43.743431091308594
2022-08-17,43.743431091308594
2022-08-18,43.82973098754883
2022-08-19,44.27846908569336
2022-08-22,43.881500244140625
2022-08-23,44.149017333984375
2022-08-24,44.485572814941406
2022-08-25,44.174903869628906
2022-08-26,43.743431091308594
2022-08-29,44.13176727294922
2022-08-30,43.743431091308594
2022-08-31,43.47591781616211
2022-09-01,42.60432052612305
2022-09-02,42.397216796875
2022-09-06,42.12105941772461
2022-09-07,42.55253982543945
2022-09-08,41.28398895263672
2022-09-09,41.36166763305664
2022-09-12,41.86217498779297
2022-09-13,40.800743103027344
2022-09-14,40.85251235961914
2022-09-15,40.63677215576172
2022-09-16,41.15454864501953
2022-09-19,41.465213775634766
2022-09-20,41.22359085083008
2022-09-21,41.87942886352539
2022-09-22,42.440364837646484
2022-09-23,41.93984603881836
2022-09-26,41.40481185913086
2022-09-27,40.628143310546875
2022-09-28,41.318511962890625
2022-09-29,40.56773376464844
2022-09-30,40.662662506103516
2022-10-03,41.18044662475586
2022-10-04,41.47384262084961
2022-10-05,41.38688278198242
2022-10-06,40.70854949951172
2022-10-07,40.55201721191406
2022-10-10,41.49993896484375
2022-10-11,42.28262710571289
2022-10-12,42.69136047363281
2022-10-13,44.02193832397461
2022-10-14,43.80452346801758
2022-10-17,43.4914436340332
2022-10-18,43.961063385009766
2022-10-19,44.33500289916992
2022-10-20,43.378387451171875
2022-10-21,43.700157165527344
2022-10-24,44.00454330444336
2022-10-25,44.49154281616211
2022-10-26,44.822021484375
2022-10-27,45.04812240600586
2022-10-28,45.85690689086914
2022-10-31,46.01344680786133
2022-11-01,45.71776580810547
2022-11-02,45.44817352294922
2022-11-03,44.55242919921875
2022-11-04,44.20457458496094
2022-11-07,44.456764221191406
2022-11-08,44.822021484375
2022-11-09,44.735050201416016
2022-11-10,43.961063385009766
2022-11-11,42.587005615234375
2022-11-14,42.300018310546875
2022-11-15,42.4478645324707
2022-11-16,44.10020065307617
2022-11-17,43.90888214111328
2022-11-18,44.839420318603516
2022-11-21,45.38729476928711
2022-11-22,45.71776580810547
2022-11-23,45.69167709350586
2022-11-25,46.126495361328125
2022-11-28,46.02214050292969
2022-11-29,45.7612419128418
2022-11-30,46.67437744140625
2022-12-01,46.60481262207031
2022-12-02,47.04833221435547
2022-12-05,46.35261154174805
2022-12-06,46.08302688598633
2022-12-07,48.85721969604492
2022-12-08,49.63120651245117
2022-12-09,48.40499496459961
2022-12-12,49.492061614990234
2022-12-13,48.93548583984375
2022-12-14,49.57033157348633
2022-12-15,49.50075912475586
2022-12-16,49.62251281738281
2022-12-19,49.4224967956543
2022-12-20,48.85721969604492
2022-12-21,49.492061614990234
2022-12-22,49.413795471191406
2022-12-23,49.81383514404297
2022-12-27,50.04863357543945
2022-12-28,49.60511779785156
2022-12-29,49.31813430786133
2022-12-30,49.35292053222656
2023-01-03,48.874610900878906
2023-01-04,48.81333541870117
2023-01-05,49.14598846435547
2023-01-06,49.9076042175293
2023-01-09,48.97966003417969
2023-01-10,49.023433685302734
2023-01-11,48.699527740478516
2023-01-12,47.911651611328125
2023-01-13,48.11299133300781
2023-01-17,47.85036849975586
2023-01-18,46.02950668334961
2023-01-19,45.8631706237793
2023-01-20,45.5567741394043
2023-01-23,45.154083251953125
2023-01-24,44.99650573730469
2023-01-25,45.224117279052734
2023-01-26,44.35744857788086
2023-01-27,44.7601432800293
2023-01-30,45.43421936035156
2023-01-31,45.460479736328125
2023-02-01,45.23286437988281
2023-02-02,44.10358428955078
2023-02-03,44.541290283203125
2023-02-06,45.59178924560547
2023-02-07,44.908958435058594
2023-02-08,44.55879592895508
2023-02-09,44.217376708984375
2023-02-10,45.022769927978516
2023-02-13,45.3466682434082
2023-02-14,44.66385269165039
2023-02-15,44.60256576538086
2023-02-16,44.55004119873047
2023-02-17,45.82815170288086
2023-02-21,46.70357131958008
2023-02-22,46.37967300415039
2023-02-23,46.44094467163086
2023-02-24,46.510982513427734
2023-02-27,46.50222396850586
2023-02-28,45.976985931396484
2023-03-01,45.442970275878906
2023-03-02,45.889427185058594
2023-03-03,45.880680084228516
2023-03-06,46.02950668334961
2023-03-07,45.63555908203125
2023-03-08,46.51973342895508
2023-03-09,45.810646057128906
2023-03-10,45.96821975708008
2023-03-13,46.64228820800781
2023-03-14,47.071250915527344
2023-03-15,47.57023620605469
2023-03-16,47.32511901855469
2023-03-17,46.72983169555664
2023-03-20,47.34262466430664
2023-03-21,47.34262466430664
2023-03-22,46.913673400878906
2023-03-23,46.83488845825195
2023-03-24,47.74531173706055
2023-03-27,47.87664031982422
2023-03-28,47.929161071777344
2023-03-29,47.81534957885742
2023-03-30,47.62276077270508
2023-03-31,48.1305046081543
2023-04-03,48.279327392578125
2023-04-04,48.1305046081543
2023-04-05,48.96778869628906
2023-04-06,48.88846969604492
2023-04-10,48.79151153564453
2023-04-11,49.17049789428711
2023-04-12,48.79151153564453
2023-04-13,48.75625991821289
2023-04-14,48.280330657958984
2023-04-17,48.6593132019043
2023-04-18,48.579994201660156
2023-04-19,47.79559326171875
2023-04-20,47.92778778076172
2023-04-21,47.302032470703125
2023-04-24,47.14339065551758
2023-04-25,48.183387756347656
2023-04-26,48.06880187988281
2023-04-27,48.456607818603516
2023-04-28,47.8572883605957
2023-05-01,48.14813232421875
2023-05-02,48.07762145996094
2023-05-03,48.07762145996094
2023-05-04,47.88372802734375
2023-05-05,48.24508285522461
2023-05-08,47.99829864501953
2023-05-09,48.1216926574707
2023-05-10,47.90135192871094
2023-05-11,47.99829864501953
2023-05-12,47.88372802734375
2023-05-15,47.002376556396484
2023-05-16,46.729156494140625
2023-05-17,47.222721099853516
2023-05-18,46.57933044433594
2023-05-19,46.42949295043945
2023-05-22,45.46883010864258
2023-05-23,45.715606689453125
2023-05-24,45.477638244628906
2023-05-25,45.35425567626953
2023-05-26,45.398319244384766
2023-05-30,44.393585205078125
2023-05-31,44.55223083496094
2023-06-01,44.640357971191406
2023-06-02,45.363067626953125
2023-06-05,45.4423942565918
2023-06-06,44.58747863769531
2023-06-07,40.61259841918945
2023-06-08,41.22072219848633
2023-06-09,40.586158752441406
2023-06-12,40.524452209472656
2023-06-13,40.76242446899414
2023-06-14,40.4627571105957
2023-06-15,40.929874420166016
2023-06-16,40.9122428894043
2023-06-20,40.35700225830078
2023-06-21,40.26005554199219
2023-06-22,40.34818649291992
2023-06-23,40.18073272705078
2023-06-26,40.39225769042969
2023-06-27,40.71834945678711
2023-06-28,39.942771911621094
2023-06-29,40.083778381347656
2023-06-30,40.28649139404297
2023-07-03,40.99156951904297
2023-07-05,40.84942626953125
2023-07-06,40.88496017456055
2023-07-07,40.458518981933594
2023-07-10,40.85831069946289
2023-07-11,41.04487228393555
2023-07-12,40.79611587524414
2023-07-13,40.44963836669922
2023-07-14,40.32525634765625
2023-07-17,39.92546844482422
2023-07-18,39.85439682006836
2023-07-19,40.76946258544922
2023-07-20,41.35581970214844
2023-07-21,41.160377502441406
2023-07-24,41.2314453125
2023-07-25,41.1070671081543
2023-07-26,41.03599166870117
2023-07-27,40.90272903442383
2023-07-28,41.089298248291016
2023-07-31,40.707271575927734
2023-08-01,40.422977447509766
2023-08-02,41.05376434326172
2023-08-03,40.538475036621094
2023-08-04,40.11203384399414
2023-08-07,39.392417907714844
2023-08-08,38.477352142333984
2023-08-09,39.06370162963867
2023-08-10,39.099239349365234
2023-08-11,39.13478088378906
2023-08-14,38.806068420410156
2023-08-15,38.19306182861328
2023-08-16,38.13086700439453
2023-08-17,37.64223861694336
2023-08-18,38.05091094970703
2023-08-21,37.36682891845703
2023-08-22,37.215797424316406
2023-08-23,37.126953125
2023-08-24,37.109188079833984
2023-08-25,37.38459777832031
2023-08-28,37.517852783203125
2023-08-29,37.562278747558594
2023-08-30,37.277984619140625
2023-08-31,37.047000885009766
2023-09-01,36.32737731933594
2023-09-05,36.62055587768555
2023-09-06,36.513946533203125
2023-09-07,37.15361022949219
2023-09-08,37.47344207763672
2023-09-11,37.95318603515625
2023-09-12,37.82880783081055
2023-09-13,37.95318603515625
2023-09-14,38.63726806640625
2023-09-15,38.237483978271484
2023-09-18,37.95318603515625
2023-09-19,37.597816467285156
2023-09-20,37.91764831542969
2023-09-21,38.113101959228516
2023-09-22,37.855464935302734
2023-09-25,37.295753479003906
2023-09-26,37.10029983520508
2023-09-27,36.83377456665039
2023-09-28,36.65608596801758
2023-09-29,36.496177673339844
2023-10-02,35.09248352050781
2023-10-03,35.42118835449219
2023-10-04,35.79782485961914
2023-10-05,35.12527084350586
2023-10-06,35.38532257080078
2023-10-09,36.084781646728516
2023-10-10,35.47500228881836
2023-10-11,35.35842514038086
2023-10-12,34.12989044189453
2023-10-13,35.60951232910156
2023-10-16,35.959232330322266
2023-10-17,35.53777313232422
2023-10-18,35.726078033447266
2023-10-19,35.67228317260742
2023-10-20,35.61847686767578
2023-10-23,35.43016052246094
2023-10-24,35.5108642578125
2023-10-25,36.67662811279297
2023-10-26,36.70353317260742
2023-10-27,36.264129638671875
2023-10-30,36.2282600402832
2023-10-31,36.23723220825195
2023-11-01,36.47037887573242
2023-11-02,37.017391204833984
2023-11-03,36.7573356628418
2023-11-06,36.49728775024414
2023-11-07,36.25516128540039
2023-11-08,36.1116828918457
2023-11-09,36.4434814453125
2023-11-10,36.24619674682617
2023-11-13,36.24619674682617
2023-11-14,36.380706787109375
2023-11-15,36.317935943603516
2023-11-16,36.88288116455078
2023-11-17,36.65869903564453
2023-11-20,36.52417755126953
2023-11-21,36.452449798583984
2023-11-22,36.730438232421875
2023-11-24,36.900814056396484
2023-11-27,36.61385726928711
2023-11-28,36.264129638671875
2023-11-29,35.65434646606445
2023-11-30,36.03097915649414
2023-12-01,36.40760803222656
2023-12-04,36.7752685546875
2023-12-05,36.201358795166016
2023-12-06,38.77499771118164
2023-12-07,38.954345703125
2023-12-08,38.479068756103516
2023-12-11,39.3040771484375
2023-12-12,39.806243896484375
2023-12-13,40.65814971923828
2023-12-14,39.824180603027344
2023-12-15,39.34891128540039
2023-12-18,39.241302490234375
2023-12-19,39.1695671081543
2023-12-20,38.201087951660156
2023-12-21,38.35353088378906
2023-12-22,38.55978012084961
2023-12-26,38.54184341430664
2023-12-27,38.42526626586914
2023-12-28,38.550819396972656
2023-12-29,38.76603317260742
2024-01-02,40.12010955810547
2024-01-03,40.26477813720703
2024-01-04,39.306312561035156
2024-01-05,39.43290328979492
2024-01-08,39.722251892089844
2024-01-09,40.5089225769043
2024-01-10,39.53236770629883
2024-01-11,39.297271728515625
2024-01-12,39.2610969543457
2024-01-16,39.36960983276367
2024-01-17,39.8940544128418
2024-01-18,39.523319244384766
2024-01-19,39.016963958740234
2024-01-22,39.03504180908203
2024-01-23,40.01160430908203
2024-01-24,39.8940544128418
2024-01-25,40.002559661865234
2024-01-26,40.23765563964844
2024-01-29,39.58661651611328
2024-01-30,40.40041732788086
2024-01-31,40.355201721191406
2024-02-01,40.870609283447266
2024-02-02,40.527008056640625
2024-02-05,39.53236770629883
2024-02-06,40.1110725402832
2024-02-07,39.45098876953125
2024-02-08,38.97174835205078
2024-02-09,37.96807098388672
2024-02-12,38.402095794677734
2024-02-13,37.73297119140625
2024-02-14,37.00056457519531
2024-02-15,37.326080322265625
2024-02-16,37.47979736328125
2024-02-20,38.12179183959961
2024-02-21,38.51963806152344
2024-02-22,38.157958984375
2024-02-23,38.38401412963867
2024-02-26,38.139869689941406
2024-02-27,38.21220397949219
2024-02-28,38.11274337768555
2024-02-29,38.55581283569336
2024-03-01,38.76378631591797
2024-03-04,39.1345100402832
2024-03-05,38.83612060546875
2024-03-06,39.1525993347168
2024-03-07,38.040409088134766
2024-03-08,38.20316696166992
2024-03-11,38.8903694152832
2024-03-12,38.8903694152832
2024-03-13,38.70953369140625
2024-03-14,37.940940856933594
2024-03-15,38.61910629272461
2024-03-18,39.17068099975586
2024-03-19,39.396732330322266
2024-03-20,39.19780349731445
2024-03-21,39.10738754272461
2024-03-22,39.378658294677734
2024-03-25,39.21588897705078
2024-03-26,39.21588897705078
2024-03-27,39.84884262084961
2024-03-28,40.19244384765625
2024-04-01,40.38233184814453
2024-04-02,40.165313720703125
2024-04-03,39.15320587158203
2024-04-04,40.11061096191406
2024-04-05,39.48146438598633
2024-04-08,39.86442184448242
2024-04-09,40.5300407409668
2024-04-10,39.82794952392578
2024-04-11,39.39939498901367
2024-04-12,38.578773498535156
2024-04-15,38.92525100708008
2024-04-16,39.2170295715332
2024-04-17,39.490577697753906
2024-04-18,39.85529708862305
2024-04-19,40.302085876464844
2024-04-22,41.14095687866211
2024-04-23,40.99506759643555
2024-04-24,41.523921966552734
2024-04-25,41.3689079284668
2024-04-26,40.8947639465332
2024-04-29,40.96771240234375
2024-04-30,41.678932189941406
2024-05-01,41.51479721069336
2024-05-02,41.843048095703125
2024-05-03,40.922122955322266
2024-05-06,40.922122955322266
2024-05-07,41.17742919921875
2024-05-08,41.04065704345703
2024-05-09,41.25949478149414
2024-05-10,41.897762298583984
2024-05-13,42.15306854248047
2024-05-14,41.95247268676758
2024-05-15,41.688045501708984
2024-05-16,42.590736389160156
2024-05-17,42.36278533935547
2024-05-20,42.28984451293945
2024-05-21,41.970699310302734
2024-05-22,42.20777893066406
2024-05-23,41.6151008605957
2024-05-24,41.341552734375
2024-05-28,40.32032775878906
2024-05-29,39.59087371826172
2024-05-30,39.73676681518555
2024-05-31,40.466217041015625
2024-06-03,40.32032775878906
2024-06-04,40.28385543823242
2024-06-05,40.21091079711914
2024-06-06,39.69117736816406
2024-06-07,39.08026123046875
2024-06-10,38.71553421020508
2024-06-11,39.29909133911133
2024-06-12,39.01643753051758
2024-06-13,39.65470504760742
2024-06-14,40.11061096191406
2024-06-17,40.9494743347168
2024-06-18,40.99506759643555
2024-06-20,40.8035888671875
2024-06-21,40.584747314453125
2024-06-24,41.27772903442383
2024-06-25,40.29296875
2024-06-26,41.605979919433594
2024-06-27,41.04977798461914
2024-06-28,41.204776763916016
2024-07-01,41.27772903442383
2024-07-02,41.51479721069336
2024-07-03,41.37690734863281
2024-07-05,41.47802734375
2024-07-08,41.38610076904297
2024-07-09,41.717041015625
2024-07-10,41.89170837402344
2024-07-11,41.671077728271484
2024-07-12,41.79977798461914
2024-07-15,41.919288635253906
2024-07-16,42.37892532348633
2024-07-17,43.8681640625
2024-07-18,44.04283142089844
2024-07-19,42.65470886230469
2024-07-22,42.48923873901367
2024-07-23,41.90090560913086
2024-07-24,42.71906280517578
2024-07-25,42.53520202636719
2024-07-26,42.97645950317383
2024-07-29,43.20628356933594
2024-07-30,43.785423278808594
2024-07-31,43.077579498291016
2024-08-01,44.02444076538086
2024-08-02,45.13677215576172
2024-08-05,44.88856506347656
2024-08-06,44.83340835571289
2024-08-07,44.7690544128418
2024-08-08,44.99888229370117
2024-08-09,45.16435241699219
2024-08-12,44.53004455566406
2024-08-13,44.77825164794922
2024-08-14,45.62399673461914
2024-08-15,44.989688873291016
2024-08-16,45.13677215576172
2024-08-19,45.91816711425781
2024-08-20,46.304264068603516
2024-08-21,46.506500244140625
2024-08-22,46.51569747924805
2024-08-23,46.69955825805664
2024-08-26,46.36860656738281
2024-08-27,45.817047119140625
2024-08-28,46.12040710449219
2024-08-29,45.27466583251953
2024-08-30,45.706729888916016
2024-09-03,47.20515823364258
2024-09-04,47.47174835205078
2024-09-05,47.195960998535156
2024-09-06,47.70157241821289
2024-09-09,47.563682556152344
2024-09-10,46.975341796875
2024-09-11,45.173545837402344
2024-09-12,45.76188278198242
2024-09-13,46.96614456176758
2024-09-16,47.39820861816406
2024-09-17,47.3614387512207
2024-09-18,46.95695877075195
2024-09-19,46.736328125
2024-09-20,47.07645797729492
2024-09-23,46.377803802490234
2024-09-24,45.64238357543945
2024-09-25,45.49529266357422
2024-09-26,45.43094253540039
2024-09-27,45.375789642333984
2024-09-30,44.97129821777344
2024-10-01,44.456504821777344
2024-10-02,43.996864318847656
2024-10-03,43.81157684326172
2024-10-04,43.867156982421875
2024-10-07,43.6633415222168
2024-10-08,44.070980072021484
2024-10-09,44.00613021850586
2024-10-10,44.32112121582031
2024-10-11,43.92274856567383
2024-10-14,44.561988830566406
2024-10-15,44.80287170410156
2024-10-16,44.793601989746094
2024-10-17,45.12712478637695
2024-10-18,44.93257522583008
2024-10-21,43.78377914428711
2024-10-22,43.87642288208008
2024-10-23,43.5058479309082
2024-10-24,43.53364562988281
2024-10-25,43.607757568359375
2024-10-28,44.12656021118164
2024-10-29,43.320556640625
2024-10-30,43.24644470214844
2024-10-31,43.21864700317383
2024-11-01,42.92218780517578
2024-11-04,42.96851348876953
2024-11-05,43.30202865600586
2024-11-06,42.83880615234375
2024-11-07,41.80118942260742
2024-11-08,42.23661804199219
2024-11-11,41.46766662597656
2024-11-12,40.98591995239258
2024-11-13,41.01371383666992
2024-11-14,41.18046951293945
2024-11-15,39.976097106933594
2024-11-18,40.31888198852539
2024-11-19,40.32814407348633
2024-11-20,40.587547302246094
2024-11-21,41.189735412597656
2024-11-22,41.95869064331055
2024-11-25,42.551605224609375
2024-11-26,43.17232894897461
2024-11-27,42.68131637573242
2024-11-29,42.80175018310547
2024-12-02,42.82954788208008
2024-12-03,42.1810302734375
2024-12-04,39.549930572509766
2024-12-05,39.49434280395508
2024-12-06,39.58698272705078
2024-12-09,39.93903732299805
2024-12-10,40.337406158447266
2024-12-11,39.837127685546875
2024-12-12,39.76300811767578
2024-12-13,39.82786178588867
2024-12-16,39.42949295043945
2024-12-17,39.88344955444336
2024-12-18,38.5956916809082
2024-12-19,38.521575927734375
2024-12-20,38.44746017456055
2024-12-23,38.37334442138672
2024-12-24,38.5771598815918
2024-12-26,38.651283264160156
2024-12-27,38.73466110229492
2024-12-30,38.37334442138672
2024-12-31,38.79950714111328
2025-01-02,39.30448913574219
2025-01-03,39.033294677734375
2025-01-06,37.87370300292969
2025-01-07,37.359375
2025-01-08,36.68606185913086
2025-01-10,35.29269027709961
2025-01-13,36.1156120300293
2025-01-14,36.29330062866211
2025-01-15,36.18107986450195
2025-01-16,36.714115142822266
2025-01-17,36.452274322509766
2025-01-21,36.52708435058594
2025-01-22,35.81637191772461
2025-01-23,36.087562561035156
2025-01-24,36.452274322509766
2025-01-27,37.39678192138672
2025-01-28,36.798274993896484
2025-01-29,36.162376403808594
2025-01-30,37.0507698059082
2025-01-31,36.25589370727539
2025-02-03,35.65739440917969
2025-02-04,35.021488189697266
2025-02-05,34.871864318847656
2025-02-06,35.04954528808594
2025-02-07,35.0963020324707
2025-02-10,34.96537780761719
2025-02-11,35.48906707763672
2025-02-12,35.59193420410156
2025-02-13,36.10626983642578
2025-02-14,36.0969123840332
2025-02-18,35.68544387817383
2025-02-19,36.13432312011719
2025-02-20,36.7889289855957
2025-02-21,37.95787048339844
2025-02-24,38.649879455566406
2025-02-25,38.9584846496582
2025-02-26,37.443538665771484
2025-02-27,37.26585388183594
2025-02-28,37.46223831176758
2025-03-03,38.61248016357422
2025-03-04,37.7147331237793
2025-03-05,36.639305114746094
2025-03-06,37.20975112915039
2025-03-07,39.09876251220703
2025-03-10,39.3138427734375
2025-03-11,37.36872482299805
2025-03-12,36.078216552734375
2025-03-13,35.97534942626953
2025-03-14,35.928585052490234
2025-03-17,36.48032760620117
2025-03-18,36.2839469909668
2025-03-19,36.00339889526367
2025-03-20,35.517120361328125
2025-03-21,35.61064147949219
2025-03-24,35.582584381103516
2025-03-25,35.70415496826172
2025-03-26,36.601898193359375
2025-03-27,37.01336669921875
2025-03-28,37.144287109375
2025-03-31,37.33131790161133
2025-04-01,37.3126220703125
2025-04-02,36.83568572998047
2025-04-03,37.61017608642578
2025-04-04,36.6373405456543
2025-04-07,35.9761848449707
2025-04-08,34.77666473388672
2025-04-09,36.12731170654297
2025-04-10,35.68339157104492
2025-04-11,36.023406982421875
2025-04-14,36.731788635253906
2025-04-15,35.62672424316406
2025-04-16,34.80500030517578
2025-04-17,35.447261810302734
2025-04-21,35.48504638671875
2025-04-22,35.7778434753418
2025-04-23,35.41893005371094
2025-04-24,34.682212829589844
2025-04-25,34.27608108520508
2025-04-28,33.851051330566406
2025-04-29,34.039955139160156
2025-04-30,34.436641693115234
2025-05-01,33.89828109741211
2025-05-02,33.86994171142578
2025-05-05,33.6054801940918
2025-05-06,33.53936004638672
2025-05-07,33.33157730102539
2025-05-08,33.6054801940918
2025-05-09,33.35990905761719
2025-05-12,33.94550323486328
2025-05-13,33.22767639160156
2025-05-14,32.40596008300781
2025-05-15,33.0198860168457
2025-05-16,33.54881286621094
2025-05-19,33.51102828979492
2025-05-20,33.709373474121094
2025-05-21,32.33039474487305
2025-05-22,32.21706008911133
2025-05-23,31.64090919494629
2025-05-27,32.43429946899414
2025-05-28,31.914817810058594
2025-05-29,32.27372741699219
2025-05-30,32.150943756103516
2025-06-02,32.34928894042969
2025-06-03,32.35873031616211
2025-06-04,32.377620697021484
2025-06-05,32.226505279541016
2025-06-06,32.566524505615234
2025-06-09,32.36817932128906
2025-06-10,32.17927932739258
2025-06-11,31.546463012695312
2025-06-12,31.47089958190918
2025-06-13,30.970312118530273
2025-06-16,30.469722747802734
2025-06-17,30.05414390563965
2025-06-18,30.082477569580078
2025-06-20,30.07303237915039
2025-06-23,30.233596801757812
2025-06-24,30.384716033935547
2025-06-25,29.44965934753418
2025-06-26,29.241867065429688
2025-06-27,29.081302642822266
2025-06-30,28.94906997680664
2025-07-01,29.93135643005371
2025-07-02,30.167484283447266
2025-07-03,29.88062858581543
2025-07-07,29.45990753173828
2025-07-08,29.67983055114746
2025-07-09,29.392976760864258
2025-07-10,29.153932571411133
2025-07-11,29.871065139770508
2025-07-14,29.364290237426758
2025-07-15,29.077436447143555
2025-07-16,29.603334426879883
2025-07-17,29.928436279296875
2025-07-18,29.622459411621094
2025-07-21,29.440786361694336
2025-07-22,30.798561096191406
2025-07-23,31.850358963012695
2025-07-24,31.3244571685791
2025-07-25,31.228843688964844
2025-07-28,30.827247619628906
2025-07-29,31.4105167388916
2025-07-30,30.683820724487305
2025-07-31,30.52126693725586
2025-08-01,30.913305282592773
2025-08-04,30.87505531311035
2025-08-05,31.20016098022461
2025-08-06,31.257526397705078
2025-08-07,31.46788787841797
2025-08-08,31.01848030090332
2025-08-11,30.702943801879883
2025-08-12,30.69338035583496
2025-08-13,31.11410140991211
2025-08-14,30.98023796081543
2025-08-15,31.085412979125977
2025-08-18,30.92286491394043
2025-08-19,31.257526397705078
2025-08-20,30.970672607421875
2025-08-21,31.142784118652344
2025-08-22,31.687808990478516
2025-08-25,31.0949764251709
2025-08-26,30.56907844543457
2025-08-27,30.683820724487305
2025-08-28,30.253536224365234
2025-08-29,30.53083038330078
2025-09-02,30.0814266204834
2025-09-03,32.251956939697266
2025-09-04,31.228843688964844
2025-09-05,32.5388069152832
2025-09-08,32.41450500488281
2025-09-09,32.26151657104492
2025-09-10,32.02247619628906
2025-09-11,32.280635833740234
2025-09-12,31.77386474609375
2025-09-15,31.429641723632812
2025-09-16,32.08940505981445
2025-09-17,31.487010955810547
2025-09-18,32.09896469116211
2025-09-19,31.96510124206543
2025-09-22,31.783428192138672
2025-09-23,32.27107620239258
2025-09-24,32.251956939697266
2025-09-25,30.798561096191406
2025-09-26,30.674259185791016
2025-09-29,29.517282485961914
2025-09-30,30.196168899536133
2025-10-01,30.58820152282715
2025-10-02,30.58820152282715
2025-10-03,30.9269962310791
2025-10-06,30.288127899169922
2025-10-07,30.113889694213867
2025-10-08,29.513742446899414
2025-10-09,28.932952880859375
2025-10-10,29.41694450378418
2025-10-13,28.845834732055664
2025-10-14,29.36854362487793
2025-10-15,29.184627532958984
2025-10-16,29.72669792175293
2025-10-17,29.87189483642578
2025-10-20,30.02677345275879
2025-10-21,30.075170516967773
2025-10-22,30.375246047973633
2025-10-23,30.055810928344727
2025-10-24,29.939653396606445
2025-10-27,30.384923934936523
2025-10-28,29.9493350982666
2025-10-29,29.020071029663086
2025-10-30,29.320146560668945
2025-10-31,29.165267944335938
2025-11-03,28.952312469482422
2025-11-04,28.83615493774414
2025-11-05,29.13623046875
2025-11-06,29.097511291503906
2025-11-07,29.7557373046875
2025-11-10,29.658937454223633
2025-11-11,30.5398006439209
2025-11-12,30.171968460083008
2025-11-13,30.23004722595215
2025-11-14,30.288127899169922
2025-11-17,29.746057510375977
2025-11-18,30.03645133972168
2025-11-19,29.794456481933594
2025-11-20,29.81381607055664
2025-11-21,30.646278381347656
2025-11-24,29.629901885986328
2025-11-25,29.445981979370117
2025-11-26,29.271745681762695
2025-11-28,29.504060745239258
2025-12-01,29.61054039001465
2025-12-02,28.932952880859375
2025-12-03,28.88455581665039
2025-12-04,28.419923782348633
2025-12-05,28.652238845825195
2025-12-08,29.07815170288086
2025-12-09,27.55841827392578
2025-12-10,27.277706146240234
2025-12-11,27.51970100402832
2025-12-12,27.81977653503418
2025-12-15,27.364824295043945
2025-12-16,27.76169776916504
2025-12-17,27.790735244750977
2025-12-18,27.77137565612793
2025-12-19,27.664897918701172
2025-12-22,27.6358585357666
2025-12-23,26.79371452331543
2025-12-24,27.12282943725586
2025-12-26,27.248666763305664
2025-12-29,27.248666763305664
2025-12-30,27.16154670715332
2025-12-31,26.977632522583008
