Date,HPE
2015-10-19,7.226114273071289
2015-10-20,7.365833759307861
2015-10-21,7.195552349090576
2015-10-22,7.400765895843506
2015-10-23,7.422595500946045
2015-10-26,7.169352054595947
2015-10-27,6.868083953857422
2015-10-28,7.108230113983154
2015-10-29,6.96414041519165
2015-10-30,6.42709493637085
2015-11-02,6.3266730308532715
2015-11-03,6.26991081237793
2015-11-04,5.964275360107422
2015-11-05,5.7983574867248535
2015-11-06,6.2873759269714355
2015-11-09,6.200049877166748
2015-11-10,6.29174280166626
2015-11-11,6.160755634307861
2015-11-12,5.981739044189453
2015-11-13,5.846386432647705
2015-11-16,5.8420209884643555
2015-11-17,5.772159099578857
2015-11-18,5.955540657043457
2015-11-19,6.016668796539307
2015-11-20,6.204416751861572
2015-11-23,6.047231674194336
2015-11-24,5.977372646331787
2015-11-25,6.165120601654053
2015-11-27,6.265544891357422
2015-11-30,6.488222599029541
2015-12-01,6.815689563751221
2015-12-02,6.527519226074219
2015-12-03,6.383432865142822
2015-12-04,6.645406246185303
2015-12-07,6.7702956199646
2015-12-08,6.647597789764404
2015-12-09,6.507370948791504
2015-12-10,6.450404167175293
2015-12-11,6.213771343231201
2015-12-14,6.327706813812256
2015-12-15,6.380290508270264
2015-12-16,6.441641330718994
2015-12-17,6.270739555358887
2015-12-18,6.205008029937744
2015-12-21,6.143659591674805
2015-12-22,6.161187171936035
2015-12-23,6.533662796020508
2015-12-24,6.581864833831787
2015-12-28,6.673890590667725
2015-12-29,6.660743713378906
2015-12-30,6.695798873901367
2015-12-31,6.660743713378906
2016-01-04,6.630069255828857
2016-01-05,6.586249351501465
2016-01-06,6.48546028137207
2016-01-07,6.007814407348633
2016-01-08,5.93332052230835
2016-01-11,5.810622692108154
2016-01-12,5.810622692108154
2016-01-13,5.587137699127197
2016-01-14,5.696687698364258
2016-01-15,5.495113849639893
2016-01-19,5.398706436157227
2016-01-20,5.284773349761963
2016-01-21,5.438147068023682
2016-01-22,5.850061893463135
2016-01-25,5.845678806304932
2016-01-26,5.959613800048828
2016-01-27,5.867588043212891
2016-01-28,5.7799482345581055
2016-01-29,6.02972412109375
2016-02-01,6.042871952056885
2016-02-02,5.8938822746276855
2016-02-03,5.858825206756592
2016-02-04,6.0691633224487305
2016-02-05,5.784329414367676
2016-02-08,5.481967449188232
2016-02-09,5.573990345001221
2016-02-10,5.635338306427002
2016-02-11,5.43376350402832
2016-02-12,5.385561466217041
2016-02-16,5.4030914306640625
2016-02-17,5.7054548263549805
2016-02-18,5.9289374351501465
2016-02-19,5.990286827087402
2016-02-22,6.0472517013549805
2016-02-23,5.73612642288208
2016-02-24,5.9289374351501465
2016-02-25,5.994668960571289
2016-02-26,5.889500141143799
2016-02-29,5.815005302429199
2016-03-01,5.8193864822387695
2016-03-02,6.091073989868164
2016-03-03,5.959613800048828
2016-03-04,6.765913963317871
2016-03-07,7.02318000793457
2016-03-08,6.697750568389893
2016-03-09,6.812089443206787
2016-03-10,6.992396354675293
2016-03-11,7.181499481201172
2016-03-14,7.2166829109191895
2016-03-15,7.374998092651367
2016-03-16,7.559703826904297
2016-03-17,7.546507835388184
2016-03-18,7.621273994445801
2016-03-21,7.788386821746826
2016-03-22,7.7004289627075195
2016-03-23,7.678440093994141
2016-03-24,7.726818084716797
2016-03-28,7.7004289627075195
2016-03-29,7.761998176574707
2016-03-30,7.867543697357178
2016-03-31,7.797183513641357
2016-04-01,8.091829299926758
2016-04-04,7.933511257171631
2016-04-05,7.744406700134277
2016-04-06,7.898329734802246
2016-04-07,7.801576614379883
2016-04-08,7.867543697357178
2016-04-11,7.797183513641357
2016-04-12,7.581691265106201
2016-04-13,7.696031093597412
2016-04-14,7.590486526489258
2016-04-15,7.652055263519287
2016-04-18,7.6696457862854
2016-04-19,7.581691265106201
2016-04-20,7.652055263519287
2016-04-21,7.678440093994141
2016-04-22,7.6916351318359375
2016-04-25,7.568499565124512
2016-04-26,7.634466171264648
2016-04-27,7.612476825714111
2016-04-28,7.489339828491211
2016-04-29,7.326626777648926
2016-05-02,7.212282657623291
2016-05-03,7.005589008331299
2016-05-04,7.005589008331299
2016-05-05,6.913236141204834
2016-05-06,6.93962287902832
2016-05-09,6.974804401397705
2016-05-10,6.987996578216553
2016-05-11,7.045168876647949
2016-05-12,6.992396354675293
2016-05-13,6.935226917266846
2016-05-16,7.018782138824463
2016-05-17,6.957212924957275
2016-05-18,6.89124870300293
2016-05-19,6.93962287902832
2016-05-20,6.979201316833496
2016-05-23,7.067157745361328
2016-05-24,7.1463165283203125
2016-05-25,7.630067825317383
2016-05-26,7.647658824920654
2016-05-27,8.030261039733887
2016-05-31,8.122611999511719
2016-06-01,8.04345703125
2016-06-02,8.135807991027832
2016-06-03,8.069842338562012
2016-06-06,8.336703300476074
2016-06-07,8.451391220092773
2016-06-08,8.535194396972656
2016-06-09,8.623414039611816
2016-06-10,8.43374252319336
2016-06-13,8.204370498657227
2016-06-14,8.076456069946289
2016-06-15,8.292594909667969
2016-06-16,8.230840682983398
2016-06-17,8.354345321655273
2016-06-20,8.548428535461426
2016-06-21,8.716041564941406
2016-06-22,8.473443984985352
2016-06-23,8.667526245117188
2016-06-24,8.010292053222656
2016-06-27,7.586842060089111
2016-06-28,7.675058841705322
2016-06-29,7.842674732208252
2016-06-30,8.058812141418457
2016-07-01,8.15585708618164
2016-07-05,8.027935981750488
2016-07-06,8.116154670715332
2016-07-07,8.1470308303833
2016-07-08,8.398458480834961
2016-07-11,8.530787467956543
2016-07-12,8.68516731262207
2016-07-13,8.601356506347656
2016-07-14,8.817496299743652
2016-07-15,8.720457077026367
2016-07-18,8.729276657104492
2016-07-19,8.729276657104492
2016-07-20,8.848372459411621
2016-07-21,8.71163558959961
2016-07-22,8.843962669372559
2016-07-25,8.914536476135254
2016-07-26,9.020401954650879
2016-07-27,8.976289749145508
2016-07-28,8.958642959594727
2016-07-29,9.271825790405273
2016-08-01,9.298293113708496
2016-08-02,9.161551475524902
2016-08-03,9.48796272277832
2016-08-04,9.598234176635742
2016-08-05,9.664399147033691
2016-08-08,9.549715995788574
2016-08-09,9.571769714355469
2016-08-10,9.505609512329102
2016-08-11,9.607057571411133
2016-08-12,9.65557861328125
2016-08-15,9.708510398864746
2016-08-16,9.732769966125488
2016-08-17,9.545303344726562
2016-08-18,9.642343521118164
2016-08-19,9.651168823242188
2016-08-22,9.677631378173828
2016-08-23,9.673221588134766
2016-08-24,9.56735897064209
2016-08-25,9.633522987365723
2016-08-26,9.607057571411133
2016-08-29,9.633522987365723
2016-08-30,9.518838882446289
2016-08-31,9.474730491638184
2016-09-01,9.774673461914062
2016-09-02,9.796727180480957
2016-09-06,9.642343521118164
2016-09-07,9.743799209594727
2016-09-08,9.430617332458496
2016-09-09,9.227714538574219
2016-09-12,9.390918731689453
2016-09-13,9.33358097076416
2016-09-14,9.421799659729004
2016-09-15,9.761442184448242
2016-09-16,9.818784713745117
2016-09-19,10.004043579101562
2016-09-20,9.977578163146973
2016-09-21,10.198123931884766
2016-09-22,10.251057624816895
2016-09-23,10.136374473571777
2016-09-26,10.052563667297363
2016-09-27,10.109905242919922
2016-09-28,10.162839889526367
2016-09-29,10.10108470916748
2016-09-30,10.034920692443848
2016-10-03,9.990808486938477
2016-10-04,9.876126289367676
2016-10-05,10.056973457336426
2016-10-06,10.004043579101562
2016-10-07,9.878026962280273
2016-10-10,9.948773384094238
2016-10-11,9.718846321105957
2016-10-12,9.72768783569336
2016-10-13,9.621570587158203
2016-10-14,9.519869804382324
2016-10-17,9.404905319213867
2016-10-18,9.493338584899902
2016-10-19,9.608304977416992
2016-10-20,9.674628257751465
2016-10-21,9.564087867736816
2016-10-24,9.58619213104248
2016-10-25,9.550821304321289
2016-10-26,9.639252662658691
2016-10-27,9.8117036819458
2016-10-28,9.802857398986816
2016-10-31,9.935507774353027
2016-11-01,9.763062477111816
2016-11-02,9.736533164978027
2016-11-03,9.639252662658691
2016-11-04,9.745375633239746
2016-11-07,10.21849250793457
2016-11-08,10.275978088378906
2016-11-09,10.271554946899414
2016-11-10,10.200811386108398
2016-11-11,10.306928634643555
2016-11-14,10.324617385864258
2016-11-15,10.351144790649414
2016-11-16,10.404205322265625
2016-11-17,10.435155868530273
2016-11-18,10.306928634643555
2016-11-21,10.222916603088379
2016-11-22,10.112373352050781
2016-11-23,10.41304874420166
2016-11-25,10.26713752746582
2016-11-28,10.320192337036133
2016-11-29,10.49705982208252
2016-11-30,10.523590087890625
2016-12-01,10.333457946777344
2016-12-02,10.545700073242188
2016-12-05,10.704878807067871
2016-12-06,10.59433650970459
2016-12-07,10.912697792053223
2016-12-08,10.895008087158203
2016-12-09,10.837529182434082
2016-12-12,10.595907211303711
2016-12-13,10.609207153320312
2016-12-14,10.604772567749023
2016-12-15,10.520540237426758
2016-12-16,10.414133071899414
2016-12-19,10.520540237426758
2016-12-20,10.569304466247559
2016-12-21,10.591472625732422
2016-12-22,10.533839225769043
2016-12-23,10.560440063476562
2016-12-27,10.524972915649414
2016-12-28,10.3298978805542
2016-12-29,10.347633361816406
2016-12-30,10.258967399597168
2017-01-03,10.285565376281738
2017-01-04,10.396401405334473
2017-01-05,10.445171356201172
2017-01-06,10.241232872009277
2017-01-09,10.001827239990234
2017-01-10,10.174732208251953
2017-01-11,10.090497016906738
2017-01-12,10.086061477661133
2017-01-13,10.170297622680664
2017-01-17,10.059460639953613
2017-01-18,10.134833335876465
2017-01-19,10.094929695129395
2017-01-20,10.143697738647461
2017-01-23,10.006258964538574
2017-01-24,10.148130416870117
2017-01-25,10.188031196594238
2017-01-26,10.02842903137207
2017-01-27,9.997395515441895
2017-01-30,9.82005500793457
2017-01-31,10.055031776428223
2017-02-01,10.01512622833252
2017-02-02,10.059460639953613
2017-02-03,10.41856861114502
2017-02-06,10.43630313873291
2017-02-07,10.502802848815918
2017-02-08,10.47620677947998
2017-02-09,10.675708770751953
2017-02-10,10.635811805725098
2017-02-13,10.693443298339844
2017-02-14,10.702309608459473
2017-02-15,10.808709144592285
2017-02-16,10.78654670715332
2017-02-17,10.817578315734863
2017-02-21,10.932848930358887
2017-02-22,10.986051559448242
2017-02-23,10.932848930358887
2017-02-24,10.179166793823242
2017-02-27,9.890990257263184
2017-02-28,10.117095947265625
2017-03-01,10.276702880859375
2017-03-02,10.174732208251953
2017-03-03,10.219063758850098
2017-03-06,10.22793197631836
2017-03-07,10.117095947265625
2017-03-08,10.02842903137207
2017-03-09,9.961928367614746
2017-03-10,9.917591094970703
2017-03-13,9.924262046813965
2017-03-14,9.884242057800293
2017-03-15,10.088774681091309
2017-03-16,10.066543579101562
2017-03-17,10.159916877746582
2017-03-20,10.204381942749023
2017-03-21,9.893136978149414
2017-03-22,10.004294395446777
2017-03-23,10.137686729431152
2017-03-24,10.124347686767578
2017-03-27,10.102115631103516
2017-03-28,10.231060981750488
2017-03-29,10.524518966674805
2017-03-30,10.502286911010742
2017-03-31,10.537857055664062
2017-04-03,10.427783012390137
2017-04-04,10.623636245727539
2017-04-05,10.623636245727539
2017-04-06,10.694853782653809
2017-04-07,10.849165916442871
2017-04-10,10.86103630065918
2017-04-11,10.78981876373291
2017-04-12,10.712660789489746
2017-04-13,10.67705249786377
2017-04-17,10.748273849487305
2017-04-18,10.760143280029297
2017-04-19,10.777946472167969
2017-04-20,10.878841400146484
2017-04-21,10.76607608795166
2017-04-24,10.944127082824707
2017-04-25,10.991604804992676
2017-04-26,11.045019149780273
2017-04-27,11.056893348693848
2017-04-28,11.056893348693848
2017-05-01,11.116244316101074
2017-05-02,11.09843921661377
2017-05-03,11.0806303024292
2017-05-04,11.1281099319458
2017-05-05,11.175589561462402
2017-05-08,11.211201667785645
2017-05-09,11.145917892456055
2017-05-10,11.276485443115234
2017-05-11,11.193394660949707
2017-05-12,11.205267906188965
2017-05-15,11.270553588867188
2017-05-16,11.341771125793457
2017-05-17,11.15778923034668
2017-05-18,11.145917892456055
2017-05-19,10.997542381286621
2017-05-22,11.15185260772705
2017-05-23,11.193394660949707
2017-05-24,11.22307014465332
2017-05-25,11.18152904510498
2017-05-26,11.175589561462402
2017-05-30,11.187460899353027
2017-05-31,11.16372299194336
2017-06-01,10.398109436035156
2017-06-02,10.326888084411621
2017-06-05,10.184447288513184
2017-06-06,10.107292175292969
2017-06-07,10.113227844238281
2017-06-08,10.119161605834961
2017-06-09,10.083552360534668
2017-06-12,10.038871765136719
2017-06-13,10.056740760803223
2017-06-14,9.973333358764648
2017-06-15,9.842264175415039
2017-06-16,9.824387550354004
2017-06-19,9.961421012878418
2017-06-20,9.91375732421875
2017-06-21,9.872051239013672
2017-06-22,9.93758773803711
2017-06-23,10.038871765136719
2017-06-26,10.015042304992676
2017-06-27,9.830349922180176
2017-06-28,10.068655967712402
2017-06-29,9.919713973999023
2017-06-30,9.883968353271484
2017-07-03,9.931629180908203
2017-07-05,10.092490196228027
2017-07-06,9.81843090057373
2017-07-07,9.895882606506348
2017-07-10,9.973333358764648
2017-07-11,9.997162818908691
2017-07-12,10.003122329711914
2017-07-13,10.181856155395508
2017-07-14,10.24143123626709
2017-07-17,10.265266418457031
2017-07-18,10.217604637145996
2017-07-19,10.5274076461792
2017-07-20,10.664437294006348
2017-07-21,10.729970932006836
2017-07-24,10.628690719604492
2017-07-25,10.652520179748535
2017-07-26,10.49166202545166
2017-07-27,10.455914497375488
2017-07-28,10.432082176208496
2017-07-31,10.432082176208496
2017-08-01,10.455914497375488
2017-08-02,10.336756706237793
2017-08-03,10.301012992858887
2017-08-04,10.432082176208496
2017-08-07,10.503576278686523
2017-08-08,10.503576278686523
2017-08-09,10.509533882141113
2017-08-10,10.19973087310791
2017-08-11,10.306971549987793
2017-08-14,10.473788261413574
2017-08-15,10.575071334838867
2017-08-16,10.485702514648438
2017-08-17,10.306971549987793
2017-08-18,10.235475540161133
2017-08-21,10.3129301071167
2017-08-22,10.5274076461792
2017-08-23,10.551241874694824
2017-08-24,10.69422721862793
2017-08-25,10.69422721862793
2017-08-28,10.598902702331543
2017-08-29,10.676352500915527
2017-08-30,10.7121000289917
2017-08-31,10.759763717651367
2017-09-01,10.989487648010254
2017-09-05,10.782137870788574
2017-09-06,10.574790954589844
2017-09-07,10.17545223236084
2017-09-08,10.075613975524902
2017-09-11,10.25224781036377
2017-09-12,10.124916076660156
2017-09-13,10.209800720214844
2017-09-14,10.395014762878418
2017-09-15,10.433601379394531
2017-09-18,10.449037551879883
2017-09-19,10.410449028015137
2017-09-20,10.518488883972168
2017-09-21,10.641963958740234
2017-09-22,11.004672050476074
2017-09-25,11.34422492980957
2017-09-26,11.490852355957031
2017-09-27,11.459981918334961
2017-09-28,11.243905067443848
2017-09-29,11.351941108703613
2017-10-02,11.552590370178223
2017-10-03,11.336507797241211
2017-10-04,11.421395301818848
2017-10-05,11.444550514221191
2017-10-06,11.421395301818848
2017-10-09,11.421395301818848
2017-10-10,11.54487133026123
2017-10-11,11.529435157775879
2017-10-12,11.421395301818848
2017-10-13,11.490852355957031
2017-10-16,11.467700004577637
2017-10-17,11.27476978302002
2017-10-18,11.34422492980957
2017-10-19,10.695984840393066
2017-10-20,10.834891319274902
2017-10-23,10.996953010559082
2017-10-24,11.043257713317871
2017-10-25,10.865760803222656
2017-10-26,10.996953010559082
2017-10-27,11.020106315612793
2017-10-30,10.788588523864746
2017-10-31,10.742286682128906
2017-11-01,10.495336532592773
2017-11-02,10.518488883972168
2017-11-03,10.418166160583496
2017-11-06,10.518488883972168
2017-11-07,10.472185134887695
2017-11-08,10.449037551879883
2017-11-09,10.587943077087402
2017-11-10,10.57250690460205
2017-11-13,10.402731895446777
2017-11-14,10.240674018859863
2017-11-15,10.155783653259277
2017-11-16,10.240674018859863
2017-11-17,10.557075500488281
2017-11-20,10.873479843139648
2017-11-21,10.896632194519043
2017-11-22,10.109478950500488
2017-11-24,10.279256820678711
2017-11-27,10.395014762878418
2017-11-28,10.711418151855469
2017-11-29,10.780874252319336
2017-11-30,10.765436172485352
2017-12-01,11.143579483032227
2017-12-04,10.981518745422363
2017-12-05,10.865760803222656
2017-12-06,10.927498817443848
2017-12-07,10.973798751831055
2017-12-08,11.066408157348633
2017-12-11,11.251618385314941
2017-12-12,11.247745513916016
2017-12-13,11.108114242553711
2017-12-14,11.046058654785156
2017-12-15,11.177927017211914
2017-12-18,11.558022499084473
2017-12-19,11.480451583862305
2017-12-20,11.410638809204102
2017-12-21,11.4183988571167
2017-12-22,11.410638809204102
2017-12-26,11.43390941619873
2017-12-27,11.379611015319824
2017-12-28,11.333067893981934
2017-12-29,11.139142036437988
2018-01-02,11.333067893981934
2018-01-03,11.40288257598877
2018-01-04,11.682137489318848
2018-01-05,11.674381256103516
2018-01-08,11.495966911315918
2018-01-09,11.519238471984863
2018-01-10,11.782980918884277
2018-01-11,11.984663963317871
2018-01-12,12.26391887664795
2018-01-16,12.26391887664795
2018-01-17,12.465599060058594
2018-01-18,12.388029098510742
2018-01-19,12.473358154296875
2018-01-22,12.45008373260498
2018-01-23,12.931023597717285
2018-01-24,12.9387788772583
2018-01-25,12.783638000488281
2018-01-26,12.962052345275879
2018-01-29,13.163736343383789
2018-01-30,12.830181121826172
2018-01-31,12.721580505371094
2018-02-01,13.024109840393066
2018-02-02,12.915511131286621
2018-02-05,12.14755916595459
2018-02-06,12.201859474182129
2018-02-07,12.069991111755371
2018-02-08,11.666622161865234
2018-02-09,11.868305206298828
2018-02-12,12.217374801635742
2018-02-13,12.000178337097168
2018-02-14,12.527656555175781
2018-02-15,12.682799339294434
2018-02-16,12.713824272155762
2018-02-20,12.81467056274414
2018-02-21,12.605226516723633
2018-02-22,12.729340553283691
2018-02-23,14.07131576538086
2018-02-26,14.389348983764648
2018-02-27,14.598793983459473
2018-02-28,14.420376777648926
2018-03-01,14.272997856140137
2018-03-02,14.567766189575195
2018-03-05,14.722904205322266
2018-03-06,15.056462287902832
2018-03-07,14.854776382446289
2018-03-08,14.699633598327637
2018-03-09,14.862530708312988
2018-03-12,14.792712211608887
2018-03-13,14.70315933227539
2018-03-14,14.679801940917969
2018-03-15,14.664222717285156
2018-03-16,14.633071899414062
2018-03-19,14.562979698181152
2018-03-20,14.625286102294922
2018-03-21,14.57077407836914
2018-03-22,14.267051696777344
2018-03-23,13.729697227478027
2018-03-26,14.01005744934082
2018-03-27,13.675185203552246
2018-03-28,13.753061294555664
2018-03-29,13.659612655639648
2018-04-02,13.33253002166748
2018-04-03,13.348099708557129
2018-04-04,13.433765411376953
2018-04-05,13.394829750061035
2018-04-06,13.005443572998047
2018-04-09,13.091108322143555
2018-04-10,13.433765411376953
2018-04-11,13.425978660583496
2018-04-12,13.558368682861328
2018-04-13,13.550580978393555
2018-04-16,13.675185203552246
2018-04-17,13.82315444946289
2018-04-18,13.768637657165527
2018-04-19,13.558368682861328
2018-04-20,13.464921951293945
2018-04-23,13.56615924835205
2018-04-24,13.51943302154541
2018-04-25,13.480490684509277
2018-04-26,13.542794227600098
2018-04-27,13.511643409729004
2018-04-30,13.278013229370117
2018-05-01,13.379253387451172
2018-05-02,13.33253002166748
2018-05-03,13.161198616027832
2018-05-04,13.402613639831543
2018-05-07,13.472705841064453
2018-05-08,13.542794227600098
2018-05-09,13.706335067749023
2018-05-10,13.745277404785156
2018-05-11,13.760848999023438
2018-05-14,13.698546409606934
2018-05-15,13.550580978393555
2018-05-16,13.729697227478027
2018-05-17,13.760848999023438
2018-05-18,13.675185203552246
2018-05-21,13.636246681213379
2018-05-22,13.558368682861328
2018-05-23,12.133224487304688
2018-05-24,12.273404121398926
2018-05-25,12.086495399475098
2018-05-29,11.977470397949219
2018-05-30,12.125434875488281
2018-05-31,11.868441581726074
2018-06-01,12.09428596496582
2018-06-04,12.102069854736328
2018-06-05,12.50703239440918
2018-06-06,12.475882530212402
2018-06-07,12.398004531860352
2018-06-08,12.468095779418945
2018-06-11,12.475882530212402
2018-06-12,12.384116172790527
2018-06-13,12.384116172790527
2018-06-14,12.407647132873535
2018-06-15,12.509605407714844
2018-06-18,12.478233337402344
2018-06-19,12.470389366149902
2018-06-20,11.88216781616211
2018-06-21,12.093925476074219
2018-06-22,11.952752113342285
2018-06-25,11.81942081451416
2018-06-26,11.897850036621094
2018-06-27,11.54491901397705
2018-06-28,11.537073135375977
2018-06-29,11.458641052246094
2018-07-02,11.607658386230469
2018-07-03,11.584131240844727
2018-07-05,11.623344421386719
2018-07-06,11.748834609985352
2018-07-09,11.94490909576416
2018-07-10,12.156669616699219
2018-07-11,11.842952728271484
2018-07-12,12.070396423339844
2018-07-13,12.148828506469727
2018-07-16,12.266475677490234
2018-07-17,12.282155990600586
2018-07-18,12.493918418884277
2018-07-19,12.266475677490234
2018-07-20,12.133142471313477
2018-07-23,12.133142471313477
2018-07-24,11.999807357788086
2018-07-25,12.140983581542969
2018-07-26,12.30568790435791
2018-07-27,12.22725772857666
2018-07-30,12.11745834350586
2018-07-31,12.109612464904785
2018-08-01,12.11745834350586
2018-08-02,12.195884704589844
2018-08-03,12.533133506774902
2018-08-06,12.556665420532227
2018-08-07,12.650782585144043
2018-08-08,12.674306869506836
2018-08-09,12.635095596313477
2018-08-10,12.431175231933594
2018-08-13,12.282155990600586
2018-08-14,12.54097843170166
2018-08-15,12.572349548339844
2018-08-16,12.760583877563477
2018-08-17,13.074302673339844
2018-08-20,13.11351490020752
2018-08-21,12.376274108886719
2018-08-22,12.407647132873535
2018-08-23,12.627251625061035
2018-08-24,12.705683708190918
2018-08-27,12.90175724029541
2018-08-28,13.129204750061035
2018-08-29,13.10567569732666
2018-08-30,13.168418884277344
2018-08-31,12.964498519897461
2018-09-04,13.074302673339844
2018-09-05,13.01155948638916
2018-09-06,12.956659317016602
2018-09-07,12.964498519897461
2018-09-10,12.870386123657227
2018-09-11,12.991214752197266
2018-09-12,12.951727867126465
2018-09-13,13.06229019165039
2018-09-14,13.09388256072998
2018-09-17,12.85696029663086
2018-09-18,13.07018756866455
2018-09-19,13.141263008117676
2018-09-20,13.322907447814941
2018-09-21,13.441368103027344
2018-09-24,13.36239242553711
2018-09-25,13.07018756866455
2018-09-26,13.038599967956543
2018-09-27,12.85696029663086
2018-09-28,12.880650520324707
2018-10-01,12.777983665466309
2018-10-02,13.054393768310547
2018-10-03,13.228139877319336
2018-10-04,13.307108879089355
2018-10-05,12.7463960647583
2018-10-08,12.54896354675293
2018-10-09,12.391014099121094
2018-10-10,11.932961463928223
2018-10-11,11.553889274597168
2018-10-12,12.177783966064453
2018-10-15,12.114603042602539
2018-10-16,12.248862266540527
2018-10-17,12.256755828857422
2018-10-18,12.106704711914062
2018-10-19,12.193577766418457
2018-10-22,12.509474754333496
2018-10-23,12.35942268371582
2018-10-24,11.917169570922852
2018-10-25,11.964555740356445
2018-10-26,11.553889274597168
2018-10-29,11.506505966186523
2018-10-30,11.790812492370605
2018-10-31,12.043526649475098
2018-11-01,12.477886199951172
2018-11-02,12.54896354675293
2018-11-05,12.580551147460938
2018-11-06,12.541065216064453
2018-11-07,12.825368881225586
2018-11-08,12.833267211914062
2018-11-09,12.414708137512207
2018-11-12,12.067220687866211
2018-11-13,12.114603042602539
2018-11-14,11.964555740356445
2018-11-15,12.098809242248535
2018-11-16,12.00403881072998
2018-11-19,11.711838722229004
2018-11-20,11.474915504455566
2018-11-21,11.609170913696289
2018-11-23,11.482813835144043
2018-11-26,11.775018692016602
2018-11-27,11.893477439880371
2018-11-28,12.20937442779541
2018-11-29,11.940861701965332
2018-11-30,11.846094131469727
2018-12-03,12.240962982177734
2018-12-04,11.885578155517578
2018-12-06,12.651626586914062
2018-12-07,11.617069244384766
2018-12-10,11.506505966186523
2018-12-11,11.731748580932617
2018-12-12,11.652155876159668
2018-12-13,11.532769203186035
2018-12-14,11.31787395477295
2018-12-17,10.816449165344238
2018-12-18,10.848285675048828
2018-12-19,10.48216724395752
2018-12-20,10.068289756774902
2018-12-21,10.036452293395996
2018-12-24,9.765844345092773
2018-12-26,10.195638656616211
2018-12-27,10.426451683044434
2018-12-28,10.370736122131348
2018-12-31,10.514001846313477
2019-01-02,10.712980270385742
2019-01-03,10.49012565612793
2019-01-04,10.98359203338623
2019-01-07,11.19848346710205
2019-01-08,10.98359203338623
2019-01-09,11.190526962280273
2019-01-10,11.24623966217041
2019-01-11,11.333791732788086
2019-01-14,11.270116806030273
2019-01-15,11.492973327636719
2019-01-16,11.397461891174316
2019-01-17,11.357669830322266
2019-01-18,11.683993339538574
2019-01-22,11.500931739807129
2019-01-23,11.492973327636719
2019-01-24,11.74766731262207
2019-01-25,12.217254638671875
2019-01-28,12.463985443115234
2019-01-29,12.233172416687012
2019-01-30,12.352559089660645
2019-01-31,12.408271789550781
2019-02-01,12.48786449432373
2019-02-04,12.567455291748047
2019-02-05,12.647048950195312
2019-02-06,12.806227684020996
2019-02-07,12.61521053314209
2019-02-08,12.670923233032227
2019-02-11,12.607251167297363
2019-02-12,12.734597206115723
2019-02-13,12.774392127990723
2019-02-14,12.726639747619629
2019-02-15,12.806227684020996
2019-02-19,12.806227684020996
2019-02-20,12.774392127990723
2019-02-21,12.917654991149902
2019-02-22,12.989285469055176
2019-02-25,13.339492797851562
2019-02-26,13.371328353881836
2019-02-27,13.291733741760254
2019-02-28,13.037043571472168
2019-03-01,13.037043571472168
2019-03-04,12.861942291259766
2019-03-05,12.846023559570312
2019-03-06,12.702762603759766
2019-03-07,12.47194766998291
2019-03-08,12.424190521240234
2019-03-11,12.647048950195312
2019-03-12,12.272696495056152
2019-03-13,12.441033363342285
2019-03-14,12.553257942199707
2019-03-15,12.881918907165527
2019-03-18,12.69754695892334
2019-03-19,12.729613304138184
2019-03-20,12.721597671508789
2019-03-21,12.841837882995605
2019-03-22,12.256661415100098
2019-03-25,12.14443302154541
2019-03-26,12.272696495056152
2019-03-27,12.232614517211914
2019-03-28,12.232614517211914
2019-03-29,12.368888854980469
2019-04-01,12.745643615722656
2019-04-02,12.68151569366455
2019-04-03,12.705565452575684
2019-04-04,12.881918907165527
2019-04-05,12.94604778289795
2019-04-08,12.97811222076416
2019-04-09,12.785723686218262
2019-04-10,13.042242050170898
2019-04-11,13.042242050170898
2019-04-12,13.146451950073242
2019-04-15,13.218597412109375
2019-04-16,13.30677318572998
2019-04-17,13.28272819519043
2019-04-18,13.354873657226562
2019-04-22,13.298759460449219
2019-04-23,13.25066089630127
2019-04-24,13.042242050170898
2019-04-25,12.833822250366211
2019-04-26,12.641435623168945
2019-04-29,12.59333610534668
2019-04-30,12.673500061035156
2019-05-01,12.657464981079102
2019-05-02,12.617388725280762
2019-05-03,12.769693374633789
2019-05-06,12.553257942199707
2019-05-07,12.368888854980469
2019-05-08,12.304758071899414
2019-05-09,12.200549125671387
2019-05-10,11.855855941772461
2019-05-13,11.350837707519531
2019-05-14,11.41496753692627
2019-05-15,11.559258460998535
2019-05-16,11.647435188293457
2019-05-17,11.71957778930664
2019-05-20,11.823790550231934
2019-05-21,12.22459602355957
2019-05-22,11.791726112365723
2019-05-23,11.479094505310059
2019-05-24,11.535209655761719
2019-05-28,11.358853340148926
2019-05-29,11.326789855957031
2019-05-30,11.398935317993164
2019-05-31,10.998128890991211
2019-06-03,10.974081993103027
2019-06-04,11.326789855957031
2019-06-05,11.294727325439453
2019-06-06,11.214564323425293
2019-06-07,11.294727325439453
2019-06-10,11.43100357055664
2019-06-11,11.522307395935059
2019-06-12,11.425342559814453
2019-06-13,11.595029830932617
2019-06-14,11.433423042297363
2019-06-17,11.554624557495117
2019-06-18,11.788952827453613
2019-06-19,11.885913848876953
2019-06-20,12.1202392578125
2019-06-21,12.071756362915039
2019-06-24,12.128315925598145
2019-06-25,11.926315307617188
2019-06-26,12.087915420532227
2019-06-27,12.095996856689453
2019-06-28,12.079838752746582
2019-07-01,12.23336124420166
2019-07-02,12.1848783493042
2019-07-03,12.354560852050781
2019-07-05,12.257598876953125
2019-07-08,12.144478797912598
2019-07-09,12.015193939208984
2019-07-10,11.934394836425781
2019-07-11,11.797030448913574
2019-07-12,12.047517776489258
2019-07-15,12.087915420532227
2019-07-16,11.966713905334473
2019-07-17,11.8697509765625
2019-07-18,11.918232917785645
2019-07-19,11.990957260131836
2019-07-22,11.554624557495117
2019-07-23,11.805110931396484
2019-07-24,11.91015338897705
2019-07-25,11.724309921264648
2019-07-26,11.821269989013672
2019-07-29,11.845513343811035
2019-07-30,11.805110931396484
2019-07-31,11.611188888549805
2019-08-01,11.425342559814453
2019-08-02,10.722371101379395
2019-08-05,10.423404693603516
2019-08-06,10.560766220092773
2019-08-07,10.552685737609863
2019-08-08,10.948615074157715
2019-08-09,10.819332122802734
2019-08-12,10.568848609924316
2019-08-13,10.827410697937012
2019-08-14,10.391081809997559
2019-08-15,10.245641708374023
2019-08-16,10.34260368347168
2019-08-19,10.593088150024414
2019-08-20,10.455720901489258
2019-08-21,10.560766220092773
2019-08-22,10.706209182739258
2019-08-23,10.302201271057129
2019-08-26,10.455720901489258
2019-08-27,10.447644233703613
2019-08-28,10.803174018859863
2019-08-29,11.053656578063965
2019-08-30,11.166780471801758
2019-09-03,10.900135040283203
2019-09-04,11.11021900177002
2019-09-05,11.63542652130127
2019-09-06,11.77278995513916
2019-09-09,12.079838752746582
2019-09-10,12.285821914672852
2019-09-11,12.513790130615234
2019-09-12,12.50564956665039
2019-09-13,12.473079681396484
2019-09-16,12.310243606567383
2019-09-17,12.204402923583984
2019-09-18,12.000862121582031
2019-09-19,12.090417861938477
2019-09-20,11.748466491699219
2019-09-23,11.724043846130371
2019-09-24,11.601920127868652
2019-09-25,11.878738403320312
2019-09-26,11.91130542755127
2019-09-27,12.212547302246094
2019-09-30,12.35095500946045
2019-10-01,11.927586555480957
2019-10-02,11.756610870361328
2019-10-03,11.805461883544922
2019-10-04,11.724043846130371
2019-10-07,11.68333625793457
2019-10-08,11.276252746582031
2019-10-09,11.455367088317871
2019-10-10,11.487934112548828
2019-10-11,11.68333625793457
2019-10-14,12.17183780670166
2019-10-15,12.326531410217285
2019-10-16,12.285821914672852
2019-10-17,12.383522033691406
2019-10-18,12.497506141662598
2019-10-21,13.002291679382324
2019-10-22,12.986004829406738
2019-10-23,13.042999267578125
2019-10-24,12.937155723571777
2019-10-25,13.156983375549316
2019-10-28,13.376808166503906
2019-10-29,13.401229858398438
2019-10-30,13.279107093811035
2019-10-31,13.360525131225586
2019-11-01,13.433798789978027
2019-11-04,13.555925369262695
2019-11-05,13.702474594116211
2019-11-06,13.792037963867188
2019-11-07,13.987435340881348
2019-11-08,14.19097900390625
2019-11-11,14.21540355682373
2019-11-12,14.117705345153809
2019-11-13,14.028145790100098
2019-11-14,13.865315437316895
2019-11-15,14.028145790100098
2019-11-18,14.068851470947266
2019-11-19,14.199118614196777
2019-11-20,13.938587188720703
2019-11-21,13.906021118164062
2019-11-22,13.938587188720703
2019-11-25,14.20726203918457
2019-11-26,13.002291679382324
2019-11-27,12.977866172790527
2019-11-29,12.888309478759766
2019-12-02,12.831315040588379
2019-12-03,12.709189414978027
2019-12-04,12.815032005310059
2019-12-05,12.969724655151367
2019-12-06,12.953438758850098
2019-12-09,12.937155723571777
2019-12-10,12.99458122253418
2019-12-11,13.019193649291992
2019-12-12,13.453985214233398
2019-12-13,13.150452613830566
2019-12-16,13.1914701461792
2019-12-17,12.99458122253418
2019-12-18,13.052007675170898
2019-12-19,12.91254711151123
2019-12-20,12.781288146972656
2019-12-23,12.99458122253418
2019-12-24,13.060213088989258
2019-12-26,13.093026161193848
2019-12-27,13.043804168701172
2019-12-30,12.945361137390137
2019-12-31,13.010990142822266
2020-01-02,13.265304565429688
2020-01-03,12.937155723571777
2020-01-06,12.896141052246094
2020-01-07,12.830509185791016
2020-01-08,12.928955078125
2020-01-09,12.855123519897461
2020-01-10,12.691048622131348
2020-01-13,12.756675720214844
2020-01-14,12.748470306396484
2020-01-15,12.707451820373535
2020-01-16,12.937155723571777
2020-01-17,12.387514114379883
2020-01-21,12.22343921661377
2020-01-22,12.330087661743164
2020-01-23,12.436735153198242
2020-01-24,12.108589172363281
2020-01-27,11.911700248718262
2020-01-28,11.993736267089844
2020-01-29,11.829666137695312
2020-01-30,11.829666137695312
2020-01-31,11.427684783935547
2020-02-03,11.599960327148438
2020-02-04,11.829666137695312
2020-02-05,12.21523666381836
2020-02-06,12.239847183227539
2020-02-07,12.092182159423828
2020-02-10,12.116792678833008
2020-02-11,12.198827743530273
2020-02-12,12.330087661743164
2020-02-13,12.059367179870605
2020-02-14,11.84607219696045
2020-02-18,11.79684829711914
2020-02-19,11.870683670043945
2020-02-20,11.870683670043945
2020-02-21,11.632777214050293
2020-02-24,11.247204780578613
2020-02-25,10.935466766357422
2020-02-26,10.697561264038086
2020-02-27,10.320192337036133
2020-02-28,10.49246883392334
2020-03-02,10.574505805969238
2020-03-03,10.32839584350586
2020-03-04,10.05767822265625
2020-03-05,9.672102928161621
2020-03-06,9.836177825927734
2020-03-09,9.138866424560547
2020-03-10,9.553515434265137
2020-03-11,8.7656831741333
2020-03-12,7.5632004737854
2020-03-13,8.1768798828125
2020-03-16,6.924639701843262
2020-03-17,6.8582963943481445
2020-03-18,7.073914051055908
2020-03-19,7.554905891418457
2020-03-20,7.156844139099121
2020-03-23,6.493404388427734
2020-03-24,7.4139275550842285
2020-03-25,7.787111282348633
2020-03-26,8.732508659362793
2020-03-27,8.143708229064941
2020-03-30,8.33444595336914
2020-03-31,8.05248737335205
2020-04-01,7.944675922393799
2020-04-02,7.7788166999816895
2020-04-03,7.712477684020996
2020-04-06,8.152002334594727
2020-04-07,8.01102066040039
2020-04-08,8.483720779418945
2020-04-09,8.732508659362793
2020-04-13,8.591530799865723
2020-04-14,8.591530799865723
2020-04-15,7.894918441772461
2020-04-16,7.729060173034668
2020-04-17,8.05248737335205
2020-04-20,7.762231349945068
2020-04-21,7.5051493644714355
2020-04-22,7.48856258392334
2020-04-23,7.687594413757324
2020-04-24,7.903212070465088
2020-04-27,8.01102066040039
2020-04-28,8.127124786376953
2020-04-29,8.550066947937012
2020-04-30,8.342742919921875
2020-05-01,7.861748218536377
2020-05-04,7.7788166999816895
2020-05-05,7.8036956787109375
2020-05-06,7.753939151763916
2020-05-07,7.944675922393799
2020-05-08,8.500308990478516
2020-05-11,8.069068908691406
2020-05-12,7.861748218536377
2020-05-13,7.530028343200684
2020-05-14,7.604664325714111
2020-05-15,7.554905891418457
2020-05-18,8.28469181060791
2020-05-19,8.326155662536621
2020-05-20,8.525186538696289
2020-05-21,8.591530799865723
2020-05-22,7.604664325714111
2020-05-26,7.8119893074035645
2020-05-27,8.093952178955078
2020-05-28,7.952970504760742
2020-05-29,8.05248737335205
2020-06-01,8.093952178955078
2020-06-02,8.251520156860352
2020-06-03,8.574944496154785
2020-06-04,8.691044807434082
2020-06-05,9.213502883911133
2020-06-08,9.611566543579102
2020-06-09,9.234477996826172
2020-06-10,8.966325759887695
2020-06-11,8.170249938964844
2020-06-12,8.505441665649414
2020-06-15,8.555718421936035
2020-06-16,8.723312377929688
2020-06-17,8.413263320922852
2020-06-18,8.497058868408203
2020-06-19,8.228907585144043
2020-06-22,8.136731147766113
2020-06-23,8.1032133102417
2020-06-24,7.768022060394287
2020-06-25,7.9356184005737305
2020-06-26,7.960757732391357
2020-06-29,8.027795791625977
2020-06-30,8.153491973876953
2020-07-01,7.893719673156738
2020-07-02,7.885340690612793
2020-07-06,8.036175727844238
2020-07-07,7.600427150726318
2020-07-08,7.717745304107666
2020-07-09,7.525008678436279
2020-07-10,7.759642601013184
2020-07-13,7.910477161407471
2020-07-14,7.9691362380981445
2020-07-15,8.078072547912598
2020-07-16,8.145112037658691
2020-07-17,8.1032133102417
2020-07-20,8.002655982971191
2020-07-21,8.094831466674805
2020-07-22,8.170249938964844
2020-07-23,8.228907585144043
2020-07-24,8.061314582824707
2020-07-27,8.170249938964844
2020-07-28,7.943997383117676
2020-07-29,8.136731147766113
2020-07-30,8.061314582824707
2020-07-31,8.270805358886719
2020-08-03,8.287568092346191
2020-08-04,8.346223831176758
2020-08-05,8.346223831176758
2020-08-06,8.471921920776367
2020-08-07,8.455161094665527
2020-08-10,8.555718421936035
2020-08-11,8.513819694519043
2020-08-12,8.497058868408203
2020-08-13,8.052936553955078
2020-08-14,8.1032133102417
2020-08-17,7.927237033843994
2020-08-18,7.918858528137207
2020-08-19,7.893719673156738
2020-08-20,7.759642601013184
2020-08-21,7.818299770355225
2020-08-24,8.061314582824707
2020-08-25,7.818299770355225
2020-08-26,8.1032133102417
2020-08-27,8.019413948059082
2020-08-28,8.237287521362305
2020-08-31,8.1032133102417
2020-09-01,7.9356184005737305
2020-09-02,8.237287521362305
2020-09-03,7.977516174316406
2020-09-04,8.036175727844238
2020-09-08,8.002232551574707
2020-09-09,8.027688026428223
2020-09-10,7.824027061462402
2020-09-11,7.840999603271484
2020-09-14,7.951316833496094
2020-09-15,7.874943256378174
2020-09-16,8.036175727844238
2020-09-17,8.171948432922363
2020-09-18,8.061634063720703
2020-09-21,7.8325114250183105
2020-09-22,7.9004011154174805
2020-09-23,7.6967363357543945
2020-09-24,7.747652530670166
2020-09-25,7.7306809425354
2020-09-28,8.044660568237305
2020-09-29,7.9598002433776855
2020-09-30,7.951316833496094
2020-10-01,7.8325114250183105
2020-10-02,7.993746280670166
2020-10-05,8.290753364562988
2020-10-06,8.112549781799316
2020-10-07,8.290753364562988
2020-10-08,8.477444648742676
2020-10-09,8.324697494506836
2020-10-12,8.42652702331543
2020-10-13,8.299238204956055
2020-10-14,8.282266616821289
2020-10-15,8.384098052978516
2020-10-16,8.044660568237305
2020-10-19,7.93434476852417
2020-10-20,7.925856590270996
2020-10-21,7.908885955810547
2020-10-22,8.027688026428223
2020-10-23,8.044660568237305
2020-10-26,7.688251972198486
2020-10-27,7.467620372772217
2020-10-28,7.10272216796875
2020-10-29,7.238495349884033
2020-10-30,7.331841468811035
2020-11-02,7.560963153839111
2020-11-03,7.908885955810547
2020-11-04,7.4845871925354
2020-11-05,7.874943256378174
2020-11-06,7.798570156097412
2020-11-09,8.25680923461914
2020-11-10,8.40955638885498
2020-11-11,8.443499565124512
2020-11-12,8.205893516540527
2020-11-13,8.604730606079102
2020-11-16,9.020541191101074
2020-11-17,8.893254280090332
2020-11-18,8.910226821899414
2020-11-19,8.901738166809082
2020-11-20,8.884767532348633
2020-11-23,9.393921852111816
2020-11-24,9.784276008605957
2020-11-25,9.538183212280273
2020-11-27,9.521214485168457
2020-11-30,9.368464469909668
2020-12-01,9.504240036010742
2020-12-02,9.775792121887207
2020-12-03,9.85216236114502
2020-12-04,10.471636772155762
2020-12-07,10.251004219055176
2020-12-08,10.370996475219727
2020-12-09,10.396710395812988
2020-12-10,10.388141632080078
2020-12-11,10.276715278625488
2020-12-14,10.173863410949707
2020-12-15,10.430994033813477
2020-12-16,10.422423362731934
2020-12-17,10.43956470489502
2020-12-18,10.388141632080078
2020-12-21,10.00243854522705
2020-12-22,9.951013565063477
2020-12-23,10.071009635925293
2020-12-24,10.079581260681152
2020-12-28,10.105294227600098
2020-12-29,10.00243854522705
2020-12-30,10.011012077331543
2020-12-31,10.156719207763672
2021-01-04,9.916730880737305
2021-01-05,10.096723556518555
2021-01-06,10.31956958770752
2021-01-07,10.259574890136719
2021-01-08,10.182435035705566
2021-01-11,10.259574890136719
2021-01-12,10.405282020568848
2021-01-13,10.430994033813477
2021-01-14,10.696699142456055
2021-01-15,10.748124122619629
2021-01-19,10.55098819732666
2021-01-20,10.576702117919922
2021-01-21,10.508133888244629
2021-01-22,10.405282020568848
2021-01-25,10.542421340942383
2021-01-26,10.473849296569824
2021-01-27,11.20238971710205
2021-01-28,10.765268325805664
2021-01-29,10.576702117919922
2021-02-01,10.61098861694336
2021-02-02,10.585275650024414
2021-02-03,10.902402877807617
2021-02-04,11.108107566833496
2021-02-05,11.262389183044434
2021-02-08,11.570948600769043
2021-02-09,11.656660079956055
2021-02-10,11.965217590332031
2021-02-11,12.16235065460205
2021-02-12,12.325201034545898
2021-02-16,12.256634712219238
2021-02-17,11.999500274658203
2021-02-18,11.948073387145996
2021-02-19,12.110923767089844
2021-02-22,12.402339935302734
2021-02-23,12.402339935302734
2021-02-24,12.719470024108887
2021-02-25,12.41948413848877
2021-02-26,12.479482650756836
2021-03-01,12.513765335083008
2021-03-02,12.428055763244629
2021-03-03,12.479482650756836
2021-03-04,12.033785820007324
2021-03-05,12.3423433303833
2021-03-08,12.69375991821289
2021-03-09,12.840656280517578
2021-03-10,13.091251373291016
2021-03-11,13.393685340881348
2021-03-12,13.661559104919434
2021-03-15,13.868946075439453
2021-03-16,13.601073265075684
2021-03-17,13.851665496826172
2021-03-18,13.462815284729004
2021-03-19,13.203581809997559
2021-03-22,13.255430221557617
2021-03-23,12.75424575805664
2021-03-24,12.75424575805664
2021-03-25,13.255430221557617
2021-03-26,13.834382057189941
2021-03-29,13.531943321228027
2021-03-30,13.635636329650879
2021-03-31,13.601073265075684
2021-04-01,13.566508293151855
2021-04-05,13.747969627380371
2021-04-06,13.756611824035645
2021-04-07,13.739328384399414
2021-04-08,13.601073265075684
2021-04-09,13.644277572631836
2021-04-12,13.670201301574707
2021-04-13,13.540584564208984
2021-04-14,13.635636329650879
2021-04-15,13.687483787536621
2021-04-16,13.7825345993042
2021-04-19,13.791176795959473
2021-04-20,13.60971450805664
2021-04-21,13.817099571228027
2021-04-22,13.8257417678833
2021-04-23,14.188667297363281
2021-04-26,14.02448558807373
2021-04-27,13.99856185913086
2021-04-28,13.955357551574707
2021-04-29,14.145464897155762
2021-04-30,13.843022346496582
2021-05-03,13.843022346496582
2021-05-04,13.713407516479492
2021-05-05,13.791176795959473
2021-05-06,14.145464897155762
2021-05-07,14.24051284790039
2021-05-10,14.180024147033691
2021-05-11,13.972638130187988
2021-05-12,13.549225807189941
2021-05-13,13.886228561401367
2021-05-14,14.050411224365234
2021-05-17,14.292360305786133
2021-05-18,14.110894203186035
2021-05-19,13.929434776306152
2021-05-20,13.920792579650879
2021-05-21,14.02448558807373
2021-05-24,14.136817932128906
2021-05-25,13.868946075439453
2021-05-26,14.033127784729004
2021-05-27,14.119537353515625
2021-05-28,13.791176795959473
2021-06-01,13.903510093688965
2021-06-02,13.886228561401367
2021-06-03,13.739328384399414
2021-06-04,14.015841484069824
2021-06-07,13.739328384399414
2021-06-08,13.8257417678833
2021-06-09,13.52330207824707
2021-06-10,13.506019592285156
2021-06-11,13.730690002441406
2021-06-14,13.583788871765137
2021-06-15,13.609911918640137
2021-06-16,13.548962593078613
2021-06-17,12.843647003173828
2021-06-18,12.582422256469727
2021-06-21,12.82623291015625
2021-06-22,12.72174072265625
2021-06-23,12.5911283493042
2021-06-24,12.730448722839355
2021-06-25,12.834941864013672
2021-06-28,12.652082443237305
2021-06-29,12.652082443237305
2021-06-30,12.6956205368042
2021-07-01,12.800108909606934
2021-07-02,12.808818817138672
2021-07-06,12.495345115661621
2021-07-07,12.573712348937988
2021-07-08,12.451807975769043
2021-07-09,12.6956205368042
2021-07-12,12.599834442138672
2021-07-13,11.981597900390625
2021-07-14,12.199288368225098
2021-07-15,12.251534461975098
2021-07-16,12.06867504119873
2021-07-19,11.903229713439941
2021-07-20,12.164459228515625
2021-07-21,12.390854835510254
2021-07-22,12.20799732208252
2021-07-23,12.277656555175781
2021-07-26,12.5650053024292
2021-07-27,12.486639022827148
2021-07-28,12.5911283493042
2021-07-29,12.669495582580566
2021-07-30,12.625957489013672
2021-08-02,12.617250442504883
2021-08-03,12.930724143981934
2021-08-04,12.765279769897461
2021-08-05,12.791403770446777
2021-08-06,12.948137283325195
2021-08-09,12.817524909973145
2021-08-10,12.9045991897583
2021-08-11,13.226778984069824
2021-08-12,13.244193077087402
2021-08-13,13.043920516967773
2021-08-16,13.061336517333984
2021-08-17,12.99167537689209
2021-08-18,12.808818817138672
2021-08-19,12.521468162536621
2021-08-20,12.6956205368042
2021-08-23,12.800108909606934
2021-08-24,12.922015190124512
2021-08-25,13.157119750976562
2021-08-26,13.165828704833984
2021-08-27,13.427053451538086
2021-08-30,13.33127212524414
2021-08-31,13.46188735961914
2021-09-01,13.357394218444824
2021-09-02,13.400932312011719
2021-09-03,13.47929859161377
2021-09-07,13.078754425048828
2021-09-08,12.660788536071777
2021-09-09,12.765279769897461
2021-09-10,12.56335163116455
2021-09-13,12.554574012756348
2021-09-14,12.07170581817627
2021-09-15,12.062926292419434
2021-09-16,11.992690086364746
2021-09-17,11.896117210388184
2021-09-20,11.659073829650879
2021-09-21,11.422029495239258
2021-09-22,11.553718566894531
2021-09-23,11.799544334411621
2021-09-24,11.773205757141113
2021-09-27,12.291193008422852
2021-09-28,12.449220657348633
2021-09-29,12.370205879211426
2021-09-30,12.510677337646484
2021-10-01,12.835515975952148
2021-10-04,13.03744125366211
2021-10-05,13.195469856262207
2021-10-06,12.914532661437988
2021-10-07,12.967206001281738
2021-10-08,13.019883155822754
2021-10-11,13.046221733093262
2021-10-12,12.90575122833252
2021-10-13,12.923311233520508
2021-10-14,13.213030815124512
2021-10-15,13.300822257995605
2021-10-18,13.265706062316895
2021-10-19,13.493972778320312
2021-10-20,13.599324226379395
2021-10-21,13.599324226379395
2021-10-22,13.485191345214844
2021-10-25,13.52908992767334
2021-10-26,13.063779830932617
2021-10-27,12.800396919250488
2021-10-28,12.958428382873535
2021-10-29,12.861851692199707
2021-11-01,13.134015083312988
2021-11-02,13.379837989807129
2021-11-03,13.414958000183105
2021-11-04,13.406177520751953
2021-11-05,13.572986602783203
2021-11-08,13.555428504943848
2021-11-09,13.634443283081055
2021-11-10,13.801251411437988
2021-11-11,13.99439811706543
2021-11-12,12.85307502746582
2021-11-15,12.90575122833252
2021-11-16,12.800396919250488
2021-11-17,12.774060249328613
2021-11-18,12.826738357543945
2021-11-19,12.633588790893555
2021-11-22,12.967206001281738
2021-11-23,13.002323150634766
2021-11-24,13.046221733093262
2021-11-26,12.668707847595215
2021-11-29,12.826738357543945
2021-11-30,12.598471641540527
2021-12-01,12.475558280944824
2021-12-02,13.160355567932129
2021-12-03,13.318384170532227
2021-12-06,13.274487495422363
2021-12-07,13.581765174865723
2021-12-08,13.678339958190918
2021-12-09,13.60755729675293
2021-12-10,13.45715045928955
2021-12-13,13.085552215576172
2021-12-14,12.890904426574707
2021-12-15,13.085552215576172
2021-12-16,13.227113723754883
2021-12-17,13.342132568359375
2021-12-20,13.13863754272461
2021-12-21,13.642950057983398
2021-12-22,13.757966995239258
2021-12-23,13.943766593933105
2021-12-27,14.085326194763184
2021-12-28,14.129565238952637
2021-12-29,14.218043327331543
2021-12-30,14.058786392211914
2021-12-31,13.952614784240723
2022-01-03,14.279973030090332
2022-01-04,14.890454292297363
2022-01-05,14.943541526794434
2022-01-06,15.014320373535156
2022-01-07,15.15588092803955
2022-01-10,15.040865898132324
2022-01-11,15.076258659362793
2022-01-12,15.173578262329102
2022-01-13,15.474393844604492
2022-01-14,15.536330223083496
2022-01-18,15.323987007141113
2022-01-19,14.81082820892334
2022-01-20,14.748894691467285
2022-01-21,14.279973030090332
2022-01-24,14.244583129882812
2022-01-25,14.058786392211914
2022-01-26,14.014547348022461
2022-01-27,13.988005638122559
2022-01-28,14.271126747131348
2022-01-31,14.448080062866211
2022-02-01,14.872760772705078
2022-02-02,15.067408561706543
2022-02-03,14.908150672912598
2022-02-04,14.899303436279297
2022-02-07,14.97892951965332
2022-02-08,15.129342079162598
2022-02-09,15.306293487548828
2022-02-10,15.350531578063965
2022-02-11,15.217817306518555
2022-02-14,14.925848007202148
2022-02-15,15.377066612243652
2022-02-16,15.607105255126953
2022-02-17,15.253207206726074
2022-02-18,15.33283519744873
2022-02-22,14.987776756286621
2022-02-23,14.704657554626465
2022-02-24,14.377297401428223
2022-02-25,14.173803329467773
2022-02-28,14.085326194763184
2022-03-01,13.634102821350098
2022-03-02,15.03201961517334
2022-03-03,14.819677352905273
2022-03-04,14.527708053588867
2022-03-07,13.952614784240723
2022-03-08,14.235733985900879
2022-03-09,14.483468055725098
2022-03-10,14.581510543823242
2022-03-11,14.750853538513184
2022-03-14,14.545857429504395
2022-03-15,14.733030319213867
2022-03-16,14.938026428222656
2022-03-17,14.902373313903809
2022-03-18,15.187589645385742
2022-03-21,15.19649887084961
2022-03-22,15.267803192138672
2022-03-23,15.125197410583496
2022-03-24,15.19649887084961
2022-03-25,15.633235931396484
2022-03-28,15.490625381469727
2022-03-29,15.65106201171875
2022-03-30,15.401500701904297
2022-03-31,14.893460273742676
2022-04-01,14.519121170043945
2022-04-04,14.545857429504395
2022-04-05,14.082387924194336
2022-04-06,13.877388954162598
2022-04-07,14.260644912719727
2022-04-08,14.349774360656738
2022-04-11,14.091299057006836
2022-04-12,13.734785079956055
2022-04-13,13.797175407409668
2022-04-14,13.70804500579834
2022-04-18,14.00217056274414
2022-04-19,14.358687400817871
2022-04-20,14.724115371704102
2022-04-21,14.545857429504395
2022-04-22,14.037824630737305
2022-04-25,13.895217895507812
2022-04-26,13.610005378723145
2022-04-27,13.70804500579834
2022-04-28,13.993258476257324
2022-04-29,13.734785079956055
2022-05-02,13.70804500579834
2022-05-03,13.806086540222168
2022-05-04,14.340860366821289
2022-05-05,14.216079711914062
2022-05-06,13.984346389770508
2022-05-09,14.118040084838867
2022-05-10,14.4567289352417
2022-05-11,13.88630199432373
2022-05-12,13.921954154968262
2022-05-13,14.216079711914062
2022-05-16,14.233907699584961
2022-05-17,14.929115295410156
2022-05-18,14.046734809875488
2022-05-19,13.405007362365723
2022-05-20,12.620672225952148
2022-05-23,12.932622909545898
2022-05-24,12.97718620300293
2022-05-25,13.289139747619629
2022-05-26,13.449570655822754
2022-05-27,14.07347583770752
2022-05-31,13.904130935668945
2022-06-01,14.06456184387207
2022-06-02,13.333703994750977
2022-06-03,13.440657615661621
2022-06-06,13.565437316894531
2022-06-07,13.672393798828125
2022-06-08,13.34261703491211
2022-06-09,13.08414363861084
2022-06-10,12.787591934204102
2022-06-13,12.31131362915039
2022-06-14,12.284357070922852
2022-06-15,12.643810272216797
2022-06-16,11.996792793273926
2022-06-17,12.059696197509766
2022-06-21,12.491040229797363
2022-06-22,12.338274002075195
2022-06-23,12.239423751831055
2022-06-24,12.634821891784668
2022-06-27,12.69773006439209
2022-06-28,12.356246948242188
2022-06-29,12.005780220031738
2022-06-30,11.915916442871094
2022-07-01,11.64632511138916
2022-07-05,11.529500007629395
2022-07-06,11.475584030151367
2022-07-07,11.71821403503418
2022-07-08,11.853011131286621
2022-07-11,11.736188888549805
2022-07-12,11.790105819702148
2022-07-13,11.682268142700195
2022-07-14,11.691254615783691
2022-07-15,11.924901008605957
2022-07-18,11.8260498046875
2022-07-19,12.38320541381836
2022-07-20,12.500027656555176
2022-07-21,12.634821891784668
2022-07-22,12.374218940734863
2022-07-25,12.473069190979004
2022-07-26,12.38320541381836
2022-07-27,12.571920394897461
2022-07-28,12.652796745300293
2022-07-29,12.796577453613281
2022-08-01,12.958333015441895
2022-08-02,12.733674049377441
2022-08-03,12.823539733886719
2022-08-04,12.841508865356445
2022-08-05,12.904415130615234
2022-08-08,12.940361022949219
2022-08-09,12.661784172058105
2022-08-10,13.03920841217041
2022-08-11,13.18299388885498
2022-08-12,13.299814224243164
2022-08-15,13.353731155395508
2022-08-16,13.434609413146973
2022-08-17,13.416638374328613
2022-08-18,13.632308959960938
2022-08-19,13.353731155395508
2022-08-22,12.949346542358398
2022-08-23,12.949346542358398
2022-08-24,12.904415130615234
2022-08-25,13.326773643493652
2022-08-26,12.365233421325684
2022-08-29,12.329286575317383
2022-08-30,12.26638412475586
2022-08-31,12.221451759338379
2022-09-01,12.014764785766602
2022-09-02,11.897942543029785
2022-09-06,11.817062377929688
2022-09-07,11.94287395477295
2022-09-08,12.005780220031738
2022-09-09,12.178067207336426
2022-09-12,12.477306365966797
2022-09-13,11.951373100280762
2022-09-14,11.815353393554688
2022-09-15,11.85162353515625
2022-09-16,11.842557907104492
2022-09-19,11.77001667022705
2022-09-20,11.570523262023926
2022-09-21,11.42543888092041
2022-09-22,11.244081497192383
2022-09-23,11.026453971862793
2022-09-26,10.8904390335083
2022-09-27,10.917642593383789
2022-09-28,11.135268211364746
2022-09-29,10.990182876586914
2022-09-30,10.863234519958496
2022-10-03,11.216878890991211
2022-10-04,11.652135848999023
2022-10-05,11.742810249328613
2022-10-06,11.706541061401367
2022-10-07,11.298487663269043
2022-10-10,11.15340518951416
2022-10-11,11.071794509887695
2022-10-12,11.198744773864746
2022-10-13,11.633999824523926
2022-10-14,11.416373252868652
2022-10-17,11.588659286499023
2022-10-18,11.670270919799805
2022-10-19,11.624930381774902
2022-10-20,11.615862846374512
2022-10-21,12.214338302612305
2022-10-24,12.386628150939941
2022-10-25,12.558916091918945
2022-10-26,12.676795959472656
2022-10-27,12.758407592773438
2022-10-28,13.048577308654785
2022-10-31,12.939764976501465
2022-11-01,13.02137279510498
2022-11-02,12.69493293762207
2022-11-03,12.513577461242676
2022-11-04,12.92162799835205
2022-11-07,13.084850311279297
2022-11-08,13.075780868530273
2022-11-09,12.830950736999512
2022-11-10,13.483832359313965
2022-11-11,13.864679336547852
2022-11-14,13.89188289642334
2022-11-15,14.06417179107666
2022-11-16,13.810274124145508
2022-11-17,14.091375350952148
2022-11-18,14.299932479858398
2022-11-21,14.100441932678223
2022-11-22,14.17298412322998
2022-11-23,14.32713794708252
2022-11-25,14.354339599609375
2022-11-28,14.100441932678223
2022-11-29,14.018832206726074
2022-11-30,15.21578311920166
2022-12-01,15.25205135345459
2022-12-02,15.134173393249512
2022-12-05,14.6989164352417
2022-12-06,14.753325462341309
2022-12-07,14.562899589538574
2022-12-08,14.771461486816406
2022-12-09,14.644514083862305
2022-12-12,14.834935188293457
2022-12-13,14.844069480895996
2022-12-14,14.798394203186035
2022-12-15,14.396463394165039
2022-12-16,14.286845207214355
2022-12-19,14.1406888961792
2022-12-20,14.305115699768066
2022-12-21,14.41473388671875
2022-12-22,14.350790023803711
2022-12-23,14.387330055236816
2022-12-27,14.506081581115723
2022-12-28,14.222900390625
2022-12-29,14.542620658874512
2022-12-30,14.5791597366333
2023-01-03,14.67050838470459
2023-01-04,14.999361038208008
2023-01-05,15.026766777038574
2023-01-06,15.62966251373291
2023-01-09,15.492640495300293
2023-01-10,15.583990097045898
2023-01-11,15.446967124938965
2023-01-12,14.908012390136719
2023-01-13,15.026766777038574
2023-01-17,14.844069480895996
2023-01-18,14.688777923583984
2023-01-19,14.442139625549316
2023-01-20,14.570025444030762
2023-01-23,14.770990371704102
2023-01-24,14.770990371704102
2023-01-25,14.734452247619629
2023-01-26,14.81666374206543
2023-01-27,14.743586540222168
2023-01-30,14.624835014343262
2023-01-31,14.734452247619629
2023-02-01,14.71618366241455
2023-02-02,14.990226745605469
2023-02-03,14.917149543762207
2023-02-06,14.71618366241455
2023-02-07,14.825798988342285
2023-02-08,14.624835014343262
2023-02-09,14.834935188293457
2023-02-10,15.017629623413086
2023-02-13,15.218598365783691
2023-02-14,15.108981132507324
2023-02-15,15.136382102966309
2023-02-16,15.035900115966797
2023-02-17,14.944554328918457
2023-02-21,14.597428321838379
2023-02-22,14.387330055236816
2023-02-23,14.378194808959961
2023-02-24,14.250308990478516
2023-02-27,14.286845207214355
2023-02-28,14.259443283081055
2023-03-01,14.195499420166016
2023-03-02,14.158955574035645
2023-03-03,13.957991600036621
2023-03-06,13.839240074157715
2023-03-07,13.71135425567627
2023-03-08,13.793567657470703
2023-03-09,13.437308311462402
2023-03-10,13.090187072753906
2023-03-13,12.797870635986328
2023-03-14,12.916624069213867
2023-03-15,12.706524848937988
2023-03-16,13.1856689453125
2023-03-17,12.992167472839355
2023-03-20,13.305453300476074
2023-03-21,13.59109878540039
2023-03-22,13.296236991882324
2023-03-23,13.148812294006348
2023-03-24,13.111952781677246
2023-03-27,13.830668449401855
2023-03-28,13.775382995605469
2023-03-29,14.300599098205566
2023-03-30,14.484885215759277
2023-03-31,14.678385734558105
2023-04-03,15.046956062316895
2023-04-04,14.844242095947266
2023-04-05,14.659955978393555
2023-04-06,14.613885879516602
2023-04-10,14.79817008972168
2023-04-11,14.788955688476562
2023-04-12,14.724456787109375
2023-04-13,14.770528793334961
2023-04-14,14.659955978393555
2023-04-17,14.604669570922852
2023-04-18,14.540169715881348
2023-04-19,13.784595489501953
2023-04-20,13.39759635925293
2023-04-21,13.323881149291992
2023-04-24,13.213312149047852
2023-04-25,13.029025077819824
2023-04-26,12.982952117919922
2023-04-27,13.139595985412598
2023-04-28,13.194881439208984
2023-05-01,13.305453300476074
2023-05-02,13.130382537841797
2023-05-03,12.853952407836914
2023-05-04,12.715737342834473
2023-05-05,13.00137996673584
2023-05-08,13.075096130371094
2023-05-09,13.047453880310059
2023-05-10,12.982952117919922
2023-05-11,12.697308540344238
2023-05-12,12.743380546569824
2023-05-15,13.167238235473633
2023-05-16,12.936882019042969
2023-05-17,13.1856689453125
2023-05-18,13.277810096740723
2023-05-19,13.204095840454102
2023-05-22,13.314666748046875
2023-05-23,13.250167846679688
2023-05-24,13.047453880310059
2023-05-25,13.517382621765137
2023-05-26,14.13474178314209
2023-05-30,14.300599098205566
2023-05-31,13.287025451660156
2023-06-01,13.517382621765137
2023-06-02,14.042595863342285
2023-06-05,13.839882850646973
2023-06-06,14.13474178314209
2023-06-07,14.521740913391113
2023-06-08,14.558599472045898
2023-06-09,14.549384117126465
2023-06-12,15.000884056091309
2023-06-13,15.332600593566895
2023-06-14,15.60175609588623
2023-06-15,16.19575309753418
2023-06-16,16.30712890625
2023-06-20,15.787382125854492
2023-06-21,15.61103630065918
2023-06-22,15.573914527893066
2023-06-23,15.332600593566895
2023-06-26,15.211945533752441
2023-06-27,15.249068260192871
2023-06-28,15.184100151062012
2023-06-29,15.453256607055664
2023-06-30,15.592475891113281
2023-07-03,15.508942604064941
2023-07-05,15.471820831298828
2023-07-06,15.462538719177246
2023-07-07,15.657445907592773
2023-07-10,15.768818855285645
2023-07-11,16.084381103515625
2023-07-12,15.852350234985352
2023-07-13,16.075098037719727
2023-07-14,15.657445907592773
2023-07-17,15.824503898620605
2023-07-18,16.205034255981445
2023-07-19,16.02869415283203
2023-07-20,15.963728904724121
2023-07-21,16.019412994384766
2023-07-24,16.102943420410156
2023-07-25,16.3256893157959
2023-07-26,16.19575309753418
2023-07-27,16.112224578857422
2023-07-28,16.019412994384766
2023-07-31,16.130786895751953
2023-08-01,16.158632278442383
2023-08-02,16.000850677490234
2023-08-03,16.075098037719727
2023-08-04,16.121505737304688
2023-08-07,16.2885684967041
2023-08-08,16.771190643310547
2023-08-09,16.409223556518555
2023-08-10,16.35353660583496
2023-08-11,16.33497428894043
2023-08-14,16.33497428894043
2023-08-15,16.056535720825195
2023-08-16,15.815224647521973
2023-08-17,15.750252723693848
2023-08-18,15.778099060058594
2023-08-21,15.815224647521973
2023-08-22,15.583191871643066
2023-08-23,15.796656608581543
2023-08-24,15.499662399291992
2023-08-25,15.425414085388184
2023-08-28,15.583191871643066
2023-08-29,15.629600524902344
2023-08-30,16.112224578857422
2023-08-31,15.768818855285645
2023-09-01,16.68766212463379
2023-09-05,16.529878616333008
2023-09-06,16.47419548034668
2023-09-07,16.047256469726562
2023-09-08,16.09366226196289
2023-09-11,15.99156665802002
2023-09-12,15.852350234985352
2023-09-13,15.674760818481445
2023-09-14,16.08602523803711
2023-09-15,15.955166816711426
2023-09-18,15.889738082885742
2023-09-19,15.955166816711426
2023-09-20,15.983208656311035
2023-09-21,15.871045112609863
2023-09-22,15.908427238464355
2023-09-25,15.861695289611816
2023-09-26,15.684106826782227
2023-09-27,15.955166816711426
2023-09-28,16.47859001159668
2023-09-29,16.23557472229004
2023-10-02,16.301002502441406
2023-10-03,15.824312210083008
2023-10-04,15.899083137512207
2023-10-05,15.693451881408691
2023-10-06,15.730840682983398
2023-10-09,15.74953556060791
2023-10-10,15.824312210083008
2023-10-11,16.039289474487305
2023-10-12,15.843003273010254
2023-10-13,15.40369701385498
2023-10-16,15.9925537109375
2023-10-17,15.871045112609863
2023-10-18,15.590635299682617
2023-10-19,15.235453605651855
2023-10-20,14.235336303710938
2023-10-23,14.207295417785645
2023-10-24,14.29141616821289
2023-10-25,14.151214599609375
2023-10-26,14.141866683959961
2023-10-27,14.216642379760742
2023-10-30,14.300764083862305
2023-10-31,14.375539779663086
2023-11-01,14.515742301940918
2023-11-02,14.571823120117188
2023-11-03,14.889618873596191
2023-11-06,14.870925903320312
2023-11-07,14.72137451171875
2023-11-08,14.712028503417969
2023-11-09,14.59986400604248
2023-11-10,14.917658805847168
2023-11-13,14.955047607421875
2023-11-14,15.347616195678711
2023-11-15,15.375658988952637
2023-11-16,14.712028503417969
2023-11-17,14.889618873596191
2023-11-20,14.796149253845215
2023-11-21,14.59986400604248
2023-11-22,14.749415397644043
2023-11-24,14.796149253845215
2023-11-27,14.581171035766602
2023-11-28,14.50639533996582
2023-11-29,15.441084861755371
2023-11-30,15.805611610412598
2023-12-01,15.786921501159668
2023-12-04,15.459781646728516
2023-12-05,15.02982234954834
2023-12-06,14.842884063720703
2023-12-07,15.067211151123047
2023-12-08,15.160676956176758
2023-12-11,15.571942329406738
2023-12-12,15.421217918395996
2023-12-13,15.619046211242676
2023-12-14,16.071226119995117
2023-12-15,15.750932693481445
2023-12-18,15.816872596740723
2023-12-19,15.8545560836792
2023-12-20,15.76977252960205
2023-12-21,16.01470375061035
2023-12-22,16.0994873046875
2023-12-26,16.23137092590332
2023-12-27,16.0994873046875
2023-12-28,16.174850463867188
2023-12-29,15.99586296081543
2024-01-02,15.948762893676758
2024-01-03,16.052383422851562
2024-01-04,16.01470375061035
2024-01-05,16.174850463867188
2024-01-08,16.692970275878906
2024-01-09,15.204545021057129
2024-01-10,15.477738380432129
2024-01-11,15.421217918395996
2024-01-12,14.969036102294922
2024-01-16,14.422656059265137
2024-01-17,14.16830062866211
2024-01-18,14.092938423156738
2024-01-19,14.479174613952637
2024-01-22,14.601642608642578
2024-01-23,14.601642608642578
2024-01-24,14.846572875976562
2024-01-25,14.997297286987305
2024-01-26,14.92193603515625
2024-01-29,14.884252548217773
2024-01-30,14.969036102294922
2024-01-31,14.40381145477295
2024-02-01,14.469755172729492
2024-02-02,14.516858100891113
2024-02-05,14.394391059875488
2024-02-06,14.394391059875488
2024-02-07,14.375551223754883
2024-02-08,14.601642608642578
2024-02-09,14.582798957824707
2024-02-12,14.705265045166016
2024-02-13,14.3472900390625
2024-02-14,14.3472900390625
2024-02-15,14.375551223754883
2024-02-16,14.064677238464355
2024-02-20,14.140040397644043
2024-02-21,14.04583740234375
2024-02-22,14.196562767028809
2024-02-23,14.234245300292969
2024-02-26,14.064677238464355
2024-02-27,14.026995658874512
2024-02-28,13.998734474182129
2024-02-29,14.3472900390625
2024-03-01,14.658163070678711
2024-03-04,16.156009674072266
2024-03-05,17.050947189331055
2024-03-06,17.682113647460938
2024-03-07,17.12630844116211
2024-03-08,16.947322845458984
2024-03-11,16.994426727294922
2024-03-12,17.00384521484375
2024-03-13,16.862537384033203
2024-03-14,16.634798049926758
2024-03-15,15.875648498535156
2024-03-18,16.188798904418945
2024-03-19,15.923096656799316
2024-03-20,16.06543731689453
2024-03-21,16.33113670349121
2024-03-22,16.482969284057617
2024-03-25,16.530412673950195
2024-03-26,16.786624908447266
2024-03-27,16.76764488220215
2024-03-28,16.824581146240234
2024-04-01,17.02385902404785
2024-04-02,16.79611587524414
2024-04-03,17.261091232299805
2024-04-04,17.02385902404785
2024-04-05,17.080795288085938
2024-04-08,17.213645935058594
2024-04-09,17.099773406982422
2024-04-10,17.080795288085938
2024-04-11,17.02385902404785
2024-04-12,16.530412673950195
2024-04-15,16.378583908081055
2024-04-16,16.264713287353516
2024-04-17,16.160327911376953
2024-04-18,16.169818878173828
2024-04-19,15.932584762573242
2024-04-22,15.97054386138916
2024-04-23,15.97054386138916
2024-04-24,16.06543731689453
2024-04-25,16.103391647338867
2024-04-26,16.293180465698242
2024-04-29,16.30266761779785
2024-04-30,16.13186264038086
2024-05-01,15.600460052490234
2024-05-02,15.68586540222168
2024-05-03,15.99901008605957
2024-05-06,16.283689498901367
2024-05-07,15.99901008605957
2024-05-08,16.30266761779785
2024-05-09,16.188798904418945
2024-05-10,16.188798904418945
2024-05-13,16.49245262145996
2024-05-14,16.748668670654297
2024-05-15,17.052326202392578
2024-05-16,16.97641372680664
2024-05-17,16.94794273376465
2024-05-20,16.891008377075195
2024-05-21,16.872028350830078
2024-05-22,17.22313690185547
2024-05-23,17.30853843688965
2024-05-24,17.469858169555664
2024-05-28,17.469858169555664
2024-05-29,17.251604080200195
2024-05-30,17.574237823486328
2024-05-31,16.748668670654297
2024-06-03,17.033349990844727
2024-06-04,16.70122528076172
2024-06-05,18.485218048095703
2024-06-06,18.589597702026367
2024-06-07,19.007129669189453
2024-06-10,19.538528442382812
2024-06-11,19.51006317138672
2024-06-12,19.84218978881836
2024-06-13,20.64878273010254
2024-06-14,20.496952056884766
2024-06-17,20.553890228271484
2024-06-18,20.849836349487305
2024-06-20,20.506155014038086
2024-06-21,19.97154426574707
2024-06-24,19.541946411132812
2024-06-25,20.1624813079834
2024-06-26,19.97154426574707
2024-06-27,20.086105346679688
2024-06-28,20.2102108001709
2024-07-01,20.20066261291504
2024-07-02,20.1624813079834
2024-07-03,19.732879638671875
2024-07-05,19.618318557739258
2024-07-08,19.942901611328125
2024-07-09,20.286584854125977
2024-07-10,20.38205337524414
2024-07-11,20.238847732543945
2024-07-12,20.2102108001709
2024-07-15,20.46796989440918
2024-07-16,20.458423614501953
2024-07-17,19.866533279418945
2024-07-18,19.732879638671875
2024-07-19,19.551490783691406
2024-07-22,19.656505584716797
2024-07-23,19.60877227783203
2024-07-24,19.1409854888916
2024-07-25,18.56818962097168
2024-07-26,18.864137649536133
2024-07-29,18.530004501342773
2024-07-30,18.14813804626465
2024-07-31,19.00733757019043
2024-08-01,18.214967727661133
2024-08-02,17.212570190429688
2024-08-05,16.563398361206055
2024-08-06,16.46793556213379
2024-08-07,15.96196174621582
2024-08-08,16.525211334228516
2024-08-09,16.55385398864746
2024-08-12,16.41065216064453
2024-08-13,16.992996215820312
2024-08-14,16.97390365600586
2024-08-15,17.909475326538086
2024-08-16,17.82355499267578
2024-08-19,18.024032592773438
2024-08-20,17.91901969909668
2024-08-21,18.024032592773438
2024-08-22,17.91901969909668
2024-08-23,18.339075088500977
2024-08-26,18.3104305267334
2024-08-27,18.23406219482422
2024-08-28,18.138591766357422
2024-08-29,17.833101272583008
2024-08-30,18.4918212890625
2024-09-03,18.19586944580078
2024-09-04,17.91901969909668
2024-09-05,16.84025001525879
2024-09-06,16.735239028930664
2024-09-09,16.802066802978516
2024-09-10,15.370070457458496
2024-09-11,15.656469345092773
2024-09-12,16.09561538696289
2024-09-13,16.372467041015625
2024-09-16,16.44883918762207
2024-09-17,17.37486457824707
2024-09-18,17.470327377319336
2024-09-19,18.124141693115234
2024-09-20,18.08568572998047
2024-09-23,18.10491371154785
2024-09-24,18.152986526489258
2024-09-25,19.085636138916016
2024-09-26,19.566381454467773
2024-09-27,19.364469528198242
2024-09-30,19.67214584350586
2024-10-01,19.181785583496094
2024-10-02,19.710607528686523
2024-10-03,19.566381454467773
2024-10-04,19.825986862182617
2024-10-07,20.056743621826172
2024-10-08,20.16250991821289
2024-10-09,20.047130584716797
2024-10-10,19.749065399169922
2024-10-11,19.874059677124023
2024-10-14,19.922134399414062
2024-10-15,19.94136619567871
2024-10-16,20.085586547851562
2024-10-17,20.1336612701416
2024-10-18,19.893291473388672
2024-10-21,19.20101547241211
2024-10-22,19.124095916748047
2024-10-23,18.566431045532227
2024-10-24,18.652965545654297
2024-10-25,18.71065330505371
2024-10-28,18.970256805419922
2024-10-29,19.10486602783203
2024-10-30,19.556766510009766
2024-10-31,18.739498138427734
2024-11-01,19.287548065185547
2024-11-04,19.239477157592773
2024-11-05,19.2298583984375
2024-11-06,20.508644104003906
2024-11-07,20.614410400390625
2024-11-08,21.19130516052246
2024-11-11,21.17207908630371
2024-11-12,20.89324378967285
2024-11-13,21.008623123168945
2024-11-14,20.518260955810547
2024-11-15,20.258657455444336
2024-11-18,20.556720733642578
2024-11-19,20.700944900512695
2024-11-20,20.364421844482422
2024-11-21,20.902856826782227
2024-11-22,21.24899673461914
2024-11-25,21.354759216308594
2024-11-26,21.277841567993164
2024-11-27,19.999053955078125
2024-11-29,20.402881622314453
2024-12-02,20.43172836303711
2024-12-03,20.479801177978516
2024-12-04,20.922086715698242
2024-12-05,20.81632423400879
2024-12-06,23.027761459350586
2024-12-09,22.220104217529297
2024-12-10,21.075925827026367
2024-12-11,21.066312789916992
2024-12-12,20.98939323425293
2024-12-13,20.98939323425293
2024-12-16,21.008623123168945
2024-12-17,20.710559844970703
2024-12-18,19.797138214111328
2024-12-19,20.085586547851562
2024-12-20,20.907978057861328
2024-12-23,21.111154556274414
2024-12-24,21.178878784179688
2024-12-26,21.314332962036133
2024-12-27,20.946674346923828
2024-12-30,20.704797744750977
2024-12-31,20.656421661376953
2025-01-02,20.772523880004883
2025-01-03,21.111154556274414
2025-01-06,22.107694625854492
2025-01-07,21.556211471557617
2025-01-08,21.314332962036133
2025-01-10,21.362709045410156
2025-01-13,21.26595687866211
2025-01-14,21.80776596069336
2025-01-15,22.543073654174805
2025-01-16,22.64950180053711
2025-01-17,22.38827133178711
2025-01-21,22.930082321166992
2025-01-22,23.626689910888672
2025-01-23,23.56863784790039
2025-01-24,23.57831573486328
2025-01-27,22.20444679260254
2025-01-28,20.762847900390625
2025-01-29,20.95635223388672
2025-01-30,20.501619338989258
2025-01-31,20.501619338989258
2025-02-03,19.795333862304688
2025-02-04,20.1533145904541
2025-02-05,20.66609764099121
2025-02-06,20.66609764099121
2025-02-07,20.579021453857422
2025-02-10,20.73382568359375
2025-02-11,20.491945266723633
2025-02-12,20.404869079589844
2025-02-13,20.58869743347168
2025-02-14,21.004724502563477
2025-02-18,21.07245445251465
2025-02-19,21.140182495117188
2025-02-20,21.03375244140625
2025-02-21,20.453243255615234
2025-02-24,20.075912475585938
2025-02-25,19.630857467651367
2025-02-26,19.7082576751709
2025-02-27,19.195476531982422
2025-02-28,19.16645050048828
2025-03-03,18.41179084777832
2025-03-04,18.227964401245117
2025-03-05,18.276336669921875
2025-03-06,17.376548767089844
2025-03-07,15.296395301818848
2025-03-10,14.590109825134277
2025-03-11,14.841663360595703
2025-03-12,14.599785804748535
2025-03-13,14.290180206298828
2025-03-14,15.112566947937012
2025-03-17,15.325420379638672
2025-03-18,15.412497520446777
2025-03-19,15.80917739868164
2025-03-20,15.702751159667969
2025-03-21,15.653985023498535
2025-03-24,16.073375701904297
2025-03-25,16.112388610839844
2025-03-26,15.673490524291992
2025-03-27,15.546698570251465
2025-03-28,15.400399208068848
2025-03-31,15.049283027648926
2025-04-01,15.254101753234863
2025-04-02,15.722257614135742
2025-04-03,13.342461585998535
2025-04-04,12.474420547485352
2025-04-07,13.001096725463867
2025-04-08,12.20133113861084
2025-04-09,14.142229080200195
2025-04-10,13.400981903076172
2025-04-11,13.791111946105957
2025-04-14,13.927657127380371
2025-04-15,14.639646530151367
2025-04-16,14.512853622436523
2025-04-17,14.766438484191895
2025-04-21,14.454333305358887
2025-04-22,14.776190757751465
2025-04-23,14.971257209777832
2025-04-24,15.780776977539062
2025-04-25,15.839295387268066
2025-04-28,16.083127975463867
2025-04-29,15.907569885253906
2025-04-30,15.81978988647461
2025-05-01,16.00510025024414
2025-05-02,16.444000244140625
2025-05-05,16.258686065673828
2025-05-06,16.083127975463867
2025-05-07,16.15140151977539
2025-05-08,16.453752517700195
2025-05-09,16.47325897216797
2025-05-12,17.30228614807129
2025-05-13,17.477846145629883
2025-05-14,17.40957260131836
2025-05-15,17.18524742126465
2025-05-16,17.31203842163086
2025-05-19,17.029191970825195
2025-05-20,17.282777786254883
2025-05-21,17.107223510742188
2025-05-22,17.116971969604492
2025-05-23,16.99018096923828
2025-05-27,17.497352600097656
2025-05-28,17.25351905822754
2025-05-29,17.214506149291992
2025-05-30,16.853635787963867
2025-06-02,16.912155151367188
2025-06-03,17.25351905822754
2025-06-04,17.399818420410156
2025-06-05,17.321794509887695
2025-06-06,17.663156509399414
2025-06-09,17.85822105407715
2025-06-10,17.887481689453125
2025-06-11,17.770442962646484
2025-06-12,17.682661056518555
2025-06-13,17.214506149291992
2025-06-16,17.789949417114258
2025-06-17,17.458337783813477
2025-06-18,17.468162536621094
2025-06-20,17.645004272460938
2025-06-23,17.497636795043945
2025-06-24,17.831674575805664
2025-06-25,18.16571044921875
2025-06-26,18.047815322875977
2025-06-27,18.087114334106445
2025-06-30,20.09133529663086
2025-07-01,20.12080955505371
2025-07-02,20.877304077148438
2025-07-03,20.96572494506836
2025-07-07,20.54326629638672
2025-07-08,20.454845428466797
2025-07-09,20.435195922851562
2025-07-10,20.916603088378906
2025-07-11,20.356597900390625
2025-07-14,20.307477951049805
2025-07-15,19.924318313598633
2025-07-16,19.99308967590332
2025-07-17,20.464670181274414
2025-07-18,20.73975944519043
2025-07-21,20.297651290893555
2025-07-22,20.05203628540039
2025-07-23,20.395898818969727
2025-07-24,20.150283813476562
2025-07-25,20.366422653198242
2025-07-28,20.513792037963867
2025-07-29,20.48432159423828
2025-07-30,20.523618698120117
2025-07-31,20.327125549316406
2025-08-01,19.462560653686523
2025-08-04,19.66887664794922
2025-08-05,19.521509170532227
2025-08-06,19.776947021484375
2025-08-07,20.042211532592773
2025-08-08,20.445018768310547
2025-08-11,20.228879928588867
2025-08-12,20.946075439453125
2025-08-13,21.181867599487305
2025-08-14,20.946075439453125
2025-08-15,20.788881301879883
2025-08-18,21.25063705444336
2025-08-19,20.96572494506836
2025-08-20,20.67098617553711
2025-08-21,21.437307357788086
2025-08-22,22.056257247924805
2025-08-25,22.16432762145996
2025-08-26,22.105379104614258
2025-08-27,22.331344604492188
2025-08-28,22.753807067871094
2025-08-29,22.17415428161621
2025-09-02,22.282222747802734
2025-09-03,22.419767379760742
2025-09-04,22.753807067871094
2025-09-05,23.107492446899414
2025-09-08,23.087841033935547
2025-09-09,23.461177825927734
2025-09-10,24.011356353759766
2025-09-11,24.423988342285156
2025-09-12,24.2962703704834
2025-09-15,24.404340744018555
2025-09-16,24.00153160095215
2025-09-17,24.2962703704834
2025-09-18,24.928367614746094
2025-09-19,24.681453704833984
2025-09-22,24.849355697631836
2025-09-23,24.395036697387695
2025-09-24,24.157997131347656
2025-09-25,23.91108512878418
2025-09-26,23.703678131103516
2025-09-29,23.841947555541992
2025-09-30,24.256763458251953
2025-10-01,24.622196197509766
2025-10-02,24.177749633789062
2025-10-03,24.128368377685547
2025-10-06,24.483924865722656
2025-10-07,24.602441787719727
2025-10-08,25.75799560546875
2025-10-09,25.92589569091797
2025-10-10,24.098737716674805
2025-10-13,24.493799209594727
2025-10-14,24.691329956054688
2025-10-15,24.730836868286133
2025-10-16,22.222196578979492
2025-10-17,22.676515579223633
2025-10-20,22.587631225585938
2025-10-21,22.982690811157227
2025-10-22,22.804912567138672
2025-10-23,22.90367889404297
2025-10-24,23.209850311279297
2025-10-27,23.88145637512207
2025-10-28,23.950590133666992
2025-10-29,23.9703426361084
2025-10-30,24.10861587524414
2025-10-31,24.118492126464844
2025-11-03,24.1975040435791
2025-11-04,23.26910972595215
2025-11-05,23.41725730895996
2025-11-06,23.111083984375
2025-11-07,23.16046905517578
2025-11-10,23.585159301757812
2025-11-11,22.60738182067871
2025-11-12,23.19009780883789
2025-11-13,22.646888732910156
2025-11-14,22.54812240600586
2025-11-17,20.967878341674805
2025-11-18,20.641952514648438
2025-11-19,20.345657348632812
2025-11-20,19.772817611694336
2025-11-21,20.266643524169922
2025-11-24,20.829607009887695
2025-11-25,21.09627342224121
2025-11-26,21.264175415039062
2025-11-28,21.599977493286133
2025-12-01,21.669111251831055
2025-12-02,21.64935874938965
2025-12-03,21.98516273498535
2025-12-04,22.617259979248047
2025-12-05,23.041950225830078
2025-12-08,23.565406799316406
2025-12-09,24.464170455932617
2025-12-10,24.9481201171875
2025-12-11,24.237010955810547
2025-12-12,23.57528305053711
2025-12-15,23.75305938720703
2025-12-16,23.999971389770508
2025-12-17,23.723430633544922
2025-12-18,23.624664306640625
2025-12-19,24.273483276367188
2025-12-22,24.5417537689209
2025-12-23,24.422521591186523
2025-12-24,24.283418655395508
2025-12-26,24.333097457885742
2025-12-29,24.174123764038086
2025-12-30,23.915788650512695
2025-12-31,23.86610984802246
