Date,IRM
2015-07-01,17.22633171081543
2015-07-02,17.264638900756836
2015-07-06,17.08953094482422
2015-07-07,16.941781997680664
2015-07-08,16.711952209472656
2015-07-09,16.7830867767334
2015-07-10,16.919891357421875
2015-07-13,17.04575538635254
2015-07-14,17.242752075195312
2015-07-15,17.188030242919922
2015-07-16,17.385025024414062
2015-07-17,17.363130569458008
2015-07-20,17.182552337646484
2015-07-21,17.160667419433594
2015-07-22,17.281055450439453
2015-07-23,17.07311248779297
2015-07-24,17.029338836669922
2015-07-27,16.832338333129883
2015-07-28,16.908945083618164
2015-07-29,16.777610778808594
2015-07-30,16.367204666137695
2015-07-31,16.443817138671875
2015-08-03,16.542316436767578
2015-08-04,16.400039672851562
2015-08-05,16.312482833862305
2015-08-06,16.01698875427246
2015-08-07,16.01698875427246
2015-08-10,15.907543182373047
2015-08-11,15.819991111755371
2015-08-12,16.27964973449707
2015-08-13,16.153785705566406
2015-08-14,16.520423889160156
2015-08-17,16.575143814086914
2015-08-18,16.53684425354004
2015-08-19,16.498533248901367
2015-08-20,16.547780990600586
2015-08-21,16.000568389892578
2015-08-24,15.114080429077148
2015-08-25,14.512146949768066
2015-08-26,14.999166488647461
2015-08-27,15.436944007873535
2015-08-28,15.617523193359375
2015-08-31,15.508077621459961
2015-09-01,15.119559288024902
2015-09-02,15.387691497802734
2015-09-03,15.562799453735352
2015-09-04,15.436944007873535
2015-09-08,15.57374382019043
2015-09-09,15.587658882141113
2015-09-10,15.604351997375488
2015-09-11,15.793558120727539
2015-09-14,15.882607460021973
2015-09-15,16.077375411987305
2015-09-16,16.24432373046875
2015-09-17,16.405715942382812
2015-09-18,16.695093154907227
2015-09-21,16.62274932861328
2015-09-22,16.411283493041992
2015-09-23,16.589359283447266
2015-09-24,16.867618560791016
2015-09-25,17.00117301940918
2015-09-28,16.78969955444336
2015-09-29,16.895437240600586
2015-09-30,17.262731552124023
2015-10-01,17.340639114379883
2015-10-02,17.340639114379883
2015-10-05,17.646717071533203
2015-10-06,17.668977737426758
2015-10-07,17.713499069213867
2015-10-08,17.97504997253418
2015-10-09,17.40742301940918
2015-10-12,17.685678482055664
2015-10-13,17.630020141601562
2015-10-14,17.4686336517334
2015-10-15,17.390729904174805
2015-10-16,17.58550453186035
2015-10-19,17.630020141601562
2015-10-20,17.479764938354492
2015-10-21,17.440811157226562
2015-10-22,17.40742301940918
2015-10-23,17.284992218017578
2015-10-26,17.340639114379883
2015-10-27,16.8342227935791
2015-10-28,17.040128707885742
2015-10-29,16.86204719543457
2015-10-30,17.051252365112305
2015-11-02,17.702367782592773
2015-11-03,17.85262107849121
2015-11-04,17.479764938354492
2015-11-05,17.4964599609375
2015-11-06,16.856483459472656
2015-11-09,16.67283821105957
2015-11-10,16.466930389404297
2015-11-11,16.416845321655273
2015-11-12,16.20537567138672
2015-11-13,15.92155647277832
2015-11-16,16.02729606628418
2015-11-17,15.832512855529785
2015-11-18,16.077375411987305
2015-11-19,16.060686111450195
2015-11-20,16.09963607788086
2015-11-23,16.10520362854004
2015-11-24,15.971635818481445
2015-11-25,15.810256958007812
2015-11-27,15.886695861816406
2015-11-30,15.728160858154297
2015-12-01,15.875365257263184
2015-12-02,15.563969612121582
2015-12-03,15.4960355758667
2015-12-04,15.626249313354492
2015-12-07,15.456405639648438
2015-12-08,15.275224685668945
2015-12-09,15.326184272766113
2015-12-10,15.19596004486084
2015-12-11,15.14500617980957
2015-12-14,14.79398250579834
2015-12-15,15.128020286560059
2015-12-16,15.569633483886719
2015-12-17,15.377137184143066
2015-12-18,15.156330108642578
2015-12-21,15.263901710510254
2015-12-22,15.343164443969727
2015-12-23,15.592280387878418
2015-12-24,15.479049682617188
2015-12-28,15.518681526184082
2015-12-29,15.999922752380371
2015-12-30,15.614927291870117
2015-12-31,15.292208671569824
2016-01-04,15.19596004486084
2016-01-05,15.473382949829102
2016-01-06,15.354493141174316
2016-01-07,14.844942092895508
2016-01-08,14.505236625671387
2016-01-11,14.669429779052734
2016-01-12,14.363698959350586
2016-01-13,14.188183784484863
2016-01-14,14.216492652893066
2016-01-15,14.063624382019043
2016-01-19,14.057960510253906
2016-01-20,13.905095100402832
2016-01-21,14.080611228942871
2016-01-22,14.442957878112793
2016-01-25,14.30707836151123
2016-01-26,14.612805366516113
2016-01-27,14.624133110046387
2016-01-28,14.77700138092041
2016-01-29,15.592280387878418
2016-02-01,15.331841468811035
2016-02-02,15.071405410766602
2016-02-03,15.343164443969727
2016-02-04,15.484709739685059
2016-02-05,15.286547660827637
2016-02-08,15.099710464477539
2016-02-09,15.037437438964844
2016-02-10,15.133685111999512
2016-02-11,15.065746307373047
2016-02-12,15.513016700744629
2016-02-16,16.20940589904785
2016-02-17,16.45285415649414
2016-02-18,16.571748733520508
2016-02-19,16.390579223632812
2016-02-22,16.673662185668945
2016-02-23,16.56608772277832
2016-02-24,16.492483139038086
2016-02-25,16.94542694091797
2016-02-26,16.73594093322754
2016-02-29,16.634031295776367
2016-03-01,16.968063354492188
2016-03-02,16.979389190673828
2016-03-03,17.37935447692871
2016-03-04,17.258499145507812
2016-03-07,17.741899490356445
2016-03-08,17.805206298828125
2016-03-09,18.104450225830078
2016-03-10,17.609540939331055
2016-03-11,18.294357299804688
2016-03-14,18.23105812072754
2016-03-15,17.949064254760742
2016-03-16,18.115957260131836
2016-03-17,18.77199935913086
2016-03-18,18.864076614379883
2016-03-21,18.639644622802734
2016-03-22,18.96765899658203
2016-03-23,18.904359817504883
2016-03-24,18.858322143554688
2016-03-28,19.04246711730957
2016-03-29,19.27841567993164
2016-03-30,19.341720581054688
2016-03-31,19.514362335205078
2016-04-01,18.835304260253906
2016-04-04,18.829544067382812
2016-04-05,18.77199935913086
2016-04-06,18.708694458007812
2016-04-07,18.576339721679688
2016-04-08,18.806528091430664
2016-04-11,18.87558364868164
2016-04-12,19.0827579498291
2016-04-13,19.105777740478516
2016-04-14,19.146055221557617
2016-04-15,19.318700790405273
2016-04-18,19.997764587402344
2016-04-19,20.14737892150879
2016-04-20,20.170400619506836
2016-04-21,20.262479782104492
2016-04-22,20.469648361206055
2016-04-25,20.42936897277832
2016-04-26,20.699846267700195
2016-04-27,20.72861671447754
2016-04-28,20.855220794677734
2016-04-29,21.022106170654297
2016-05-02,21.0623836517334
2016-05-03,21.004838943481445
2016-05-04,21.350122451782227
2016-05-05,21.447954177856445
2016-05-06,21.868061065673828
2016-05-09,21.954378128051758
2016-05-10,21.919845581054688
2016-05-11,21.57456398010254
2016-05-12,21.914093017578125
2016-05-13,21.80475616455078
2016-05-16,21.89682388305664
2016-05-17,21.695411682128906
2016-05-18,21.0623836517334
2016-05-19,20.907014846801758
2016-05-20,20.82644271850586
2016-05-23,20.71710777282715
2016-05-24,21.073896408081055
2016-05-25,21.033615112304688
2016-05-26,21.188997268676758
2016-05-27,21.1774845123291
2016-05-31,21.142955780029297
2016-06-01,21.091157913208008
2016-06-02,21.35651206970215
2016-06-03,21.40900421142578
2016-06-06,21.245712280273438
2016-06-07,21.403179168701172
2016-06-08,21.595623016357422
2016-06-09,21.64227867126465
2016-06-10,21.68893814086914
2016-06-13,22.126333236694336
2016-06-14,22.184654235839844
2016-06-15,22.48790740966797
2016-06-16,22.365442276000977
2016-06-17,22.307119369506836
2016-06-20,22.225473403930664
2016-06-21,22.295454025268555
2016-06-22,22.31877899169922
2016-06-23,22.51123809814453
2016-06-24,22.00385856628418
2016-06-27,22.149662017822266
2016-06-28,22.493741989135742
2016-06-29,23.06526756286621
2016-06-30,23.228572845458984
2016-07-01,23.2927188873291
2016-07-05,23.584318161010742
2016-07-06,23.32770538330078
2016-07-07,22.907806396484375
2016-07-08,23.240230560302734
2016-07-11,23.508493423461914
2016-07-12,23.8875732421875
2016-07-13,23.630970001220703
2016-07-14,23.479345321655273
2016-07-15,23.234399795532227
2016-07-18,23.158578872680664
2016-07-19,23.321880340576172
2016-07-20,23.438514709472656
2016-07-21,23.48516845703125
2016-07-22,23.945894241333008
2016-07-25,23.97504997253418
2016-07-26,24.056699752807617
2016-07-27,23.910903930664062
2016-07-28,24.05086326599121
2016-07-29,24.03337287902832
2016-08-01,23.922561645507812
2016-08-02,23.607641220092773
2016-08-03,23.467674255371094
2016-08-04,22.132164001464844
2016-08-05,22.03301239013672
2016-08-08,21.455657958984375
2016-08-09,21.443998336791992
2016-08-10,21.403179168701172
2016-08-11,21.601463317871094
2016-08-12,21.67144203186035
2016-08-15,21.630613327026367
2016-08-16,21.502309799194336
2016-08-17,21.554798126220703
2016-08-18,21.828901290893555
2016-08-19,21.9688663482666
2016-08-22,22.126333236694336
2016-08-23,22.225473403930664
2016-08-24,22.16132926940918
2016-08-25,22.388761520385742
2016-08-26,22.307119369506836
2016-08-29,22.429595947265625
2016-08-30,22.394601821899414
2016-08-31,22.400432586669922
2016-09-01,22.48208236694336
2016-09-02,22.622047424316406
2016-09-06,23.08277130126953
2016-09-07,23.10608673095703
2016-09-08,22.601282119750977
2016-09-09,21.4971981048584
2016-09-12,21.709753036499023
2016-09-13,21.261030197143555
2016-09-14,21.036672592163086
2016-09-15,21.284652709960938
2016-09-16,21.148855209350586
2016-09-19,21.5444393157959
2016-09-20,21.609375
2016-09-21,21.79831314086914
2016-09-22,22.09352684020996
2016-09-23,22.229318618774414
2016-09-26,22.353303909301758
2016-09-27,22.412353515625
2016-09-28,22.695749282836914
2016-09-29,22.288358688354492
2016-09-30,22.158470153808594
2016-10-03,21.5621395111084
2016-10-04,20.894973754882812
2016-10-05,20.233705520629883
2016-10-06,19.997529983520508
2016-10-07,19.82040786743164
2016-10-10,20.021148681640625
2016-10-11,19.89125633239746
2016-10-12,20.43444061279297
2016-10-13,20.794593811035156
2016-10-14,20.304550170898438
2016-10-17,20.145137786865234
2016-10-18,20.1628475189209
2016-10-19,20.221893310546875
2016-10-20,20.103803634643555
2016-10-21,20.056575775146484
2016-10-24,20.210086822509766
2016-10-25,20.221893310546875
2016-10-26,20.08019256591797
2016-10-27,19.342164993286133
2016-10-28,19.383499145507812
2016-10-31,19.914875030517578
2016-11-01,19.58423614501953
2016-11-02,18.958391189575195
2016-11-03,18.952489852905273
2016-11-04,19.153230667114258
2016-11-07,19.655086517333984
2016-11-08,19.89125633239746
2016-11-09,19.353975296020508
2016-11-10,18.574617385864258
2016-11-11,18.621854782104492
2016-11-14,18.6986083984375
2016-11-15,18.787174224853516
2016-11-16,19.035146713256836
2016-11-17,18.893447875976562
2016-11-18,18.627756118774414
2016-11-21,19.241792678833008
2016-11-22,19.53110122680664
2016-11-23,19.542903900146484
2016-11-25,19.87354278564453
2016-11-28,19.649185180664062
2016-11-29,19.914875030517578
2016-11-30,19.48386573791504
2016-12-01,19.200464248657227
2016-12-02,19.90896987915039
2016-12-05,20.056575775146484
2016-12-06,19.956205368041992
2016-12-07,20.499393463134766
2016-12-08,20.658809661865234
2016-12-09,20.45806121826172
2016-12-12,20.156940460205078
2016-12-13,19.898910522460938
2016-12-14,19.334829330444336
2016-12-15,19.052785873413086
2016-12-16,19.238813400268555
2016-12-19,19.190807342529297
2016-12-20,19.184804916381836
2016-12-21,19.346832275390625
2016-12-22,19.44883918762207
2016-12-23,19.526859283447266
2016-12-27,19.472841262817383
2016-12-28,19.274816513061523
2016-12-29,19.430843353271484
2016-12-30,19.490856170654297
2017-01-03,19.862895965576172
2017-01-04,20.348968505859375
2017-01-05,20.39098358154297
2017-01-06,20.102933883666992
2017-01-09,19.95891571044922
2017-01-10,19.982919692993164
2017-01-11,19.916902542114258
2017-01-12,20.216955184936523
2017-01-13,20.04292869567871
2017-01-17,20.37297821044922
2017-01-18,20.462989807128906
2017-01-19,20.354970932006836
2017-01-20,20.811037063598633
2017-01-23,20.985069274902344
2017-01-24,21.189096450805664
2017-01-25,21.189096450805664
2017-01-26,21.705175399780273
2017-01-27,21.7111759185791
2017-01-30,21.47713851928711
2017-01-31,21.483137130737305
2017-02-01,21.591148376464844
2017-02-02,21.723173141479492
2017-02-03,21.957210540771484
2017-02-06,22.00521469116211
2017-02-07,22.02921485900879
2017-02-08,22.083229064941406
2017-02-09,22.221248626708984
2017-02-10,22.437273025512695
2017-02-13,22.57529640197754
2017-02-14,22.233245849609375
2017-02-15,22.359270095825195
2017-02-16,22.203245162963867
2017-02-17,22.29325294494629
2017-02-21,22.629301071166992
2017-02-22,22.287254333496094
2017-02-23,22.167240142822266
2017-02-24,22.143238067626953
2017-02-27,21.993213653564453
2017-02-28,21.813188552856445
2017-03-01,21.891199111938477
2017-03-02,21.825191497802734
2017-03-03,21.819189071655273
2017-03-06,21.6751651763916
2017-03-07,21.47713851928711
2017-03-08,20.859050750732422
2017-03-09,20.462989807128906
2017-03-10,20.547006607055664
2017-03-13,20.742164611816406
2017-03-14,20.711679458618164
2017-03-15,21.034910202026367
2017-03-16,21.083702087402344
2017-03-17,21.38254165649414
2017-03-20,21.26666259765625
2017-03-21,21.07150650024414
2017-03-22,21.3581485748291
2017-03-23,21.38254165649414
2017-03-24,21.18128776550293
2017-03-27,21.08980369567871
2017-03-28,21.406938552856445
2017-03-29,21.583805084228516
2017-03-30,21.583805084228516
2017-03-31,21.754575729370117
2017-04-03,21.547208786010742
2017-04-04,21.406938552856445
2017-04-05,21.309354782104492
2017-04-06,21.528915405273438
2017-04-07,21.663089752197266
2017-04-10,21.614299774169922
2017-04-11,21.650896072387695
2017-04-12,21.553308486938477
2017-04-13,21.522815704345703
2017-04-17,21.888748168945312
2017-04-18,22.285167694091797
2017-04-19,22.077810287475586
2017-04-20,22.272968292236328
2017-04-21,22.163196563720703
2017-04-24,22.242477416992188
2017-04-25,22.285167694091797
2017-04-26,22.01681900024414
2017-04-27,21.26056671142578
2017-04-28,21.199583053588867
2017-05-01,21.46183204650879
2017-05-02,21.547208786010742
2017-05-03,21.15688705444336
2017-05-04,21.1934814453125
2017-05-05,21.5045166015625
2017-05-08,21.28496551513672
2017-05-09,21.22397804260254
2017-05-10,21.39474105834961
2017-05-11,21.26056671142578
2017-05-12,21.083702087402344
2017-05-15,21.14468765258789
2017-05-16,21.31545639038086
2017-05-17,21.5045166015625
2017-05-18,21.596006393432617
2017-05-19,21.333755493164062
2017-05-22,21.23007583618164
2017-05-23,21.17518424987793
2017-05-24,21.22397804260254
2017-05-25,21.39474105834961
2017-05-26,21.449634552001953
2017-05-30,21.37034797668457
2017-05-31,21.297161102294922
2017-06-01,21.339859008789062
2017-06-02,21.5045166015625
2017-06-05,21.23007583618164
2017-06-06,21.3459529876709
2017-06-07,20.5470027923584
2017-06-08,20.4006290435791
2017-06-09,20.315244674682617
2017-06-12,20.919029235839844
2017-06-13,21.20414924621582
2017-06-14,21.191755294799805
2017-06-15,21.458274841308594
2017-06-16,21.20414924621582
2017-06-19,21.520261764526367
2017-06-20,21.576045989990234
2017-06-21,21.104976654052734
2017-06-22,21.148366928100586
2017-06-23,21.39629554748535
2017-06-26,21.538854598999023
2017-06-27,21.241342544555664
2017-06-28,21.520261764526367
2017-06-29,21.191755294799805
2017-06-30,21.29712677001953
2017-07-03,21.619436264038086
2017-07-05,21.39629554748535
2017-07-06,21.11737060546875
2017-07-07,21.340513229370117
2017-07-10,20.739280700683594
2017-07-11,20.66490364074707
2017-07-12,21.067790985107422
2017-07-13,21.036794662475586
2017-07-14,21.557456970214844
2017-07-17,21.53265953063965
2017-07-18,21.495466232299805
2017-07-19,21.662817001342773
2017-07-20,21.50166893005371
2017-07-21,21.693815231323242
2017-07-24,21.625629425048828
2017-07-25,21.60703468322754
2017-07-26,21.669015884399414
2017-07-27,21.545061111450195
2017-07-28,21.811574935913086
2017-07-31,22.580158233642578
2017-08-01,22.85287094116211
2017-08-02,22.88387107849121
2017-08-03,23.18138885498047
2017-08-04,22.933452606201172
2017-08-07,23.007835388183594
2017-08-08,23.04502296447754
2017-08-09,23.745431900024414
2017-08-10,23.447914123535156
2017-08-11,23.014036178588867
2017-08-14,23.32394790649414
2017-08-15,23.175188064575195
2017-08-16,23.23717498779297
2017-08-17,23.014036178588867
2017-08-18,22.865272521972656
2017-08-21,23.2929630279541
2017-08-22,23.38592529296875
2017-08-23,23.795011520385742
2017-08-24,23.881792068481445
2017-08-25,23.8445987701416
2017-08-28,24.21029281616211
2017-08-29,24.32186508178711
2017-08-30,24.489215850830078
2017-08-31,24.433435440063477
2017-09-01,24.44582748413086
2017-09-05,24.52020263671875
2017-09-06,24.32186508178711
2017-09-07,24.712360382080078
2017-09-08,24.817720413208008
2017-09-11,25.028461456298828
2017-09-12,24.87969970703125
2017-09-13,24.613174438476562
2017-09-14,24.60689353942871
2017-09-15,24.808029174804688
2017-09-18,24.776599884033203
2017-09-19,25.04058074951172
2017-09-20,24.965150833129883
2017-09-21,24.99657440185547
2017-09-22,25.22284698486328
2017-09-25,25.191421508789062
2017-09-26,24.738882064819336
2017-09-27,23.965797424316406
2017-09-28,24.374332427978516
2017-09-29,24.449764251708984
2017-10-02,24.66974449157715
2017-10-03,24.48118782043457
2017-10-04,24.52518653869629
2017-10-05,24.518892288208008
2017-10-06,23.959510803222656
2017-10-09,24.085216522216797
2017-10-10,24.38690948486328
2017-10-11,24.47489356994629
2017-10-12,25.02172088623047
2017-10-13,25.053144454956055
2017-10-16,25.02172088623047
2017-10-17,25.210275650024414
2017-10-18,25.637670516967773
2017-10-19,25.744535446166992
2017-10-20,25.71938705444336
2017-10-23,25.17885971069336
2017-10-24,25.078289031982422
2017-10-25,25.02172088623047
2017-10-26,24.92743682861328
2017-10-27,25.141143798828125
2017-10-30,25.210275650024414
2017-10-31,25.141143798828125
2017-11-01,25.02172088623047
2017-11-02,25.072002410888672
2017-11-03,25.216564178466797
2017-11-06,25.543399810791016
2017-11-07,25.518259048461914
2017-11-08,25.625102996826172
2017-11-09,25.5371150970459
2017-11-10,25.555973052978516
2017-11-13,25.76338768005371
2017-11-14,25.769678115844727
2017-11-15,25.47426414489746
2017-11-16,25.656532287597656
2017-11-17,25.625102996826172
2017-11-20,25.71938705444336
2017-11-21,25.989652633666992
2017-11-22,25.857664108276367
2017-11-24,26.046222686767578
2017-11-27,25.455408096313477
2017-11-28,25.56854248046875
2017-11-29,25.46797752380371
2017-11-30,25.687957763671875
2017-12-01,25.612537384033203
2017-12-04,25.47426414489746
2017-12-05,25.361127853393555
2017-12-06,25.185136795043945
2017-12-07,25.134857177734375
2017-12-08,25.216564178466797
2017-12-11,25.58110809326172
2017-12-12,23.758380889892578
2017-12-13,24.09778594970703
2017-12-14,24.230558395385742
2017-12-15,24.05182456970215
2017-12-18,24.217790603637695
2017-12-19,24.224172592163086
2017-12-20,23.732664108276367
2017-12-21,23.713512420654297
2017-12-22,24.039060592651367
2017-12-26,24.039060592651367
2017-12-27,23.905010223388672
2017-12-28,24.24332046508789
2017-12-29,24.083740234375
2018-01-02,24.00713539123535
2018-01-03,23.68160057067871
2018-01-04,23.56670570373535
2018-01-05,23.49010467529297
2018-01-08,23.643301010131836
2018-01-09,23.50925636291504
2018-01-10,23.33052635192871
2018-01-11,23.349672317504883
2018-01-12,23.11988639831543
2018-01-16,23.126262664794922
2018-01-17,23.190099716186523
2018-01-18,22.532621383666992
2018-01-19,22.653911590576172
2018-01-22,22.858169555664062
2018-01-23,23.202863693237305
2018-01-24,22.832637786865234
2018-01-25,22.86455535888672
2018-01-26,22.82625389099121
2018-01-29,21.753883361816406
2018-01-30,21.658132553100586
2018-01-31,22.36028480529785
2018-02-01,22.098573684692383
2018-02-02,21.48578643798828
2018-02-05,20.892147064208984
2018-02-06,21.13471031188965
2018-02-07,21.179399490356445
2018-02-08,20.47085952758789
2018-02-09,21.12832260131836
2018-02-12,21.25599479675293
2018-02-13,21.409191131591797
2018-02-14,21.18577766418457
2018-02-15,21.524089813232422
2018-02-16,21.173009872436523
2018-02-20,20.502779006958008
2018-02-21,20.087873458862305
2018-02-22,20.1580867767334
2018-02-23,20.400651931762695
2018-02-26,20.39426612854004
2018-02-27,19.819772720336914
2018-02-28,20.08148765563965
2018-03-01,20.190000534057617
2018-03-02,20.138935089111328
2018-03-05,20.490005493164062
2018-03-06,20.675119400024414
2018-03-07,20.879379272460938
2018-03-08,20.879379272460938
2018-03-09,21.224077224731445
2018-03-12,21.070878982543945
2018-03-13,21.204925537109375
2018-03-14,21.431058883666992
2018-03-15,21.372581481933594
2018-03-16,21.13214683532715
2018-03-19,20.443334579467773
2018-03-20,20.61878776550293
2018-03-21,20.54081153869629
2018-03-22,20.5603084564209
2018-03-23,20.072938919067383
2018-03-26,20.319873809814453
2018-03-27,20.729259490966797
2018-03-28,21.2556095123291
2018-03-29,21.353084564208984
2018-04-02,21.034671783447266
2018-04-03,21.32709503173828
2018-04-04,21.639005661010742
2018-04-05,21.944421768188477
2018-04-06,21.78847312927246
2018-04-09,21.65200424194336
2018-04-10,21.74297523498535
2018-04-11,21.79496955871582
2018-04-12,21.548036575317383
2018-04-13,21.671493530273438
2018-04-16,21.840450286865234
2018-04-17,22.243335723876953
2018-04-18,22.431785583496094
2018-04-19,21.93792152404785
2018-04-20,21.66499900817871
2018-04-23,21.72998046875
2018-04-24,21.93792152404785
2018-04-25,21.9509220123291
2018-04-26,22.308317184448242
2018-04-27,22.418790817260742
2018-04-30,22.05489158630371
2018-05-01,22.171855926513672
2018-05-02,22.093881607055664
2018-05-03,22.288820266723633
2018-05-04,22.41229248046875
2018-05-07,22.379798889160156
2018-05-08,21.762474060058594
2018-05-09,21.716983795166016
2018-05-10,21.91193199157715
2018-05-11,21.78847312927246
2018-05-14,21.775470733642578
2018-05-15,21.281606674194336
2018-05-16,21.197124481201172
2018-05-17,20.82672691345215
2018-05-18,20.84622573852539
2018-05-21,21.23611831665039
2018-05-22,21.13214683532715
2018-05-23,21.35958480834961
2018-05-24,21.431058883666992
2018-05-25,21.43756103515625
2018-05-29,21.613012313842773
2018-05-30,21.768972396850586
2018-05-31,21.632511138916016
2018-06-01,22.061389923095703
2018-06-04,22.464277267456055
2018-06-05,22.373308181762695
2018-06-06,22.503265380859375
2018-06-07,22.613744735717773
2018-06-08,22.490264892578125
2018-06-11,22.509767532348633
2018-06-12,22.74370002746582
2018-06-13,22.509767532348633
2018-06-14,22.46877670288086
2018-06-15,21.98621940612793
2018-06-18,22.065542221069336
2018-06-19,22.363014221191406
2018-06-20,22.686922073364258
2018-06-21,22.938119888305664
2018-06-22,23.136430740356445
2018-06-25,23.09016227722168
2018-06-26,22.858797073364258
2018-06-27,22.73980712890625
2018-06-28,22.905067443847656
2018-06-29,23.143035888671875
2018-07-02,23.070331573486328
2018-07-03,23.506610870361328
2018-07-05,23.585939407348633
2018-07-06,23.724760055541992
2018-07-09,24.12799072265625
2018-07-10,24.101545333862305
2018-07-11,24.207319259643555
2018-07-12,24.28664779663086
2018-07-13,24.22054100036621
2018-07-16,24.03544807434082
2018-07-17,23.156261444091797
2018-07-18,22.938119888305664
2018-07-19,23.414066314697266
2018-07-20,23.10338020324707
2018-07-23,23.010833740234375
2018-07-24,23.169483184814453
2018-07-25,23.3677921295166
2018-07-26,23.433900833129883
2018-07-27,22.779470443725586
2018-07-30,23.076942443847656
2018-07-31,23.20914649963379
2018-08-01,23.33474349975586
2018-08-02,23.519838333129883
2018-08-03,23.638822555541992
2018-08-06,23.804075241088867
2018-08-07,23.751205444335938
2018-08-08,23.519838333129883
2018-08-09,23.440505981445312
2018-08-10,22.87201499938965
2018-08-13,23.024051666259766
2018-08-14,23.341350555419922
2018-08-15,23.5000057220459
2018-08-16,23.850353240966797
2018-08-17,24.114768981933594
2018-08-20,24.17426300048828
2018-08-21,24.00239372253418
2018-08-22,23.78424644470215
2018-08-23,23.850353240966797
2018-08-24,23.73137092590332
2018-08-27,23.625606536865234
2018-08-28,23.936288833618164
2018-08-29,24.00239372253418
2018-08-30,23.764419555664062
2018-08-31,23.86357307434082
2018-09-04,24.02883529663086
2018-09-05,24.154434204101562
2018-09-06,23.975954055786133
2018-09-07,23.37440299987793
2018-09-10,23.74458885192871
2018-09-11,23.572721481323242
2018-09-12,23.810693740844727
2018-09-13,24.02222442626953
2018-09-14,23.953693389892578
2018-09-17,24.041040420532227
2018-09-18,23.684925079345703
2018-09-19,23.24818229675293
2018-09-20,23.873056411743164
2018-09-21,24.128387451171875
2018-09-24,23.671489715576172
2018-09-25,23.322093963623047
2018-09-26,23.053327560424805
2018-09-27,22.90550422668457
2018-09-28,23.19443130493164
2018-10-01,23.10036277770996
2018-10-02,22.878625869750977
2018-10-03,22.650177001953125
2018-10-04,22.52251434326172
2018-10-05,22.367971420288086
2018-10-08,22.784561157226562
2018-10-09,22.54267692565918
2018-10-10,21.80357551574707
2018-10-11,21.165258407592773
2018-10-12,21.225725173950195
2018-10-15,21.386980056762695
2018-10-16,21.601993560791016
2018-10-17,21.326509475708008
2018-10-18,21.36682891845703
2018-10-19,21.622156143188477
2018-10-22,21.353389739990234
2018-10-23,21.52136993408203
2018-10-24,21.669193267822266
2018-10-25,21.97154998779297
2018-10-26,20.479900360107422
2018-10-29,21.077903747558594
2018-10-30,21.239164352416992
2018-10-31,20.567251205444336
2018-11-01,21.225725173950195
2018-11-02,20.95024299621582
2018-11-05,21.252601623535156
2018-11-06,21.326509475708008
2018-11-07,21.58855628967285
2018-11-08,21.696060180664062
2018-11-09,22.01858139038086
2018-11-12,21.95138931274414
2018-11-13,22.08577537536621
2018-11-14,22.058902740478516
2018-11-15,22.199996948242188
2018-11-16,22.750965118408203
2018-11-19,22.482202529907227
2018-11-20,22.24703598022461
2018-11-21,21.884199142456055
2018-11-23,21.783403396606445
2018-11-26,22.35453987121582
2018-11-27,22.468759536743164
2018-11-28,22.683773040771484
2018-11-29,22.67705535888672
2018-11-30,22.824874877929688
2018-12-03,22.77783966064453
2018-12-04,22.791276931762695
2018-12-06,23.10707664489746
2018-12-07,22.878625869750977
2018-12-10,22.83159637451172
2018-12-11,23.15411949157715
2018-12-12,22.892066955566406
2018-12-13,23.483348846435547
2018-12-14,23.949068069458008
2018-12-17,22.82068634033203
2018-12-18,23.18996810913086
2018-12-19,22.75229263305664
2018-12-20,22.17100715637207
2018-12-21,21.972686767578125
2018-12-24,20.953720092773438
2018-12-26,21.931652069091797
2018-12-27,21.99320411682129
2018-12-28,22.150493621826172
2018-12-31,22.164169311523438
2019-01-02,21.95216941833496
2019-01-03,22.30094337463379
2019-01-04,22.690746307373047
2019-01-07,22.94378089904785
2019-01-08,23.449844360351562
2019-01-09,23.538747787475586
2019-01-10,23.73706817626953
2019-01-11,23.819135665893555
2019-01-14,23.77810287475586
2019-01-15,23.825963973999023
2019-01-16,23.96274185180664
2019-01-17,24.22945785522461
2019-01-18,24.37306785583496
2019-01-22,24.325191497802734
2019-01-23,24.414094924926758
2019-01-24,24.557706832885742
2019-01-25,24.653451919555664
2019-01-28,24.783388137817383
2019-01-29,24.899642944335938
2019-01-30,25.19369888305664
2019-01-31,25.439895629882812
2019-02-01,25.036418914794922
2019-02-04,25.262094497680664
2019-02-05,25.214216232299805
2019-02-06,25.125322341918945
2019-02-07,24.988548278808594
2019-02-08,24.968029022216797
2019-02-11,24.879125595092773
2019-02-12,24.475648880004883
2019-02-13,24.509836196899414
2019-02-14,24.120033264160156
2019-02-15,24.01744842529297
2019-02-19,24.202102661132812
2019-02-20,24.427766799926758
2019-02-21,24.509836196899414
2019-02-22,24.33203125
2019-02-25,23.96274185180664
2019-02-26,23.96274185180664
2019-02-27,23.935392379760742
2019-02-28,24.22261619567871
2019-03-01,24.468807220458984
2019-03-04,24.393579483032227
2019-03-05,24.140546798706055
2019-03-06,23.949068069458008
2019-03-07,23.84649085998535
2019-03-08,23.784944534301758
2019-03-11,23.921710968017578
2019-03-12,24.003772735595703
2019-03-13,24.120033264160156
2019-03-14,24.197280883789062
2019-03-15,24.30863380432129
2019-03-18,24.23207664489746
2019-03-19,24.009387969970703
2019-03-20,23.939790725708008
2019-03-21,24.51740264892578
2019-03-22,24.44084930419922
2019-03-25,24.475650787353516
2019-03-26,24.726179122924805
2019-03-27,24.67051124572754
2019-03-28,24.7957763671875
2019-03-29,24.677467346191406
2019-04-01,24.879281997680664
2019-04-02,24.900169372558594
2019-04-03,24.97671127319336
2019-04-04,25.00455665588379
2019-04-05,25.30379867553711
2019-04-08,25.262046813964844
2019-04-09,25.032390594482422
2019-04-10,25.199413299560547
2019-04-11,25.255084991455078
2019-04-12,25.42210578918457
2019-04-15,25.4499454498291
2019-04-16,25.088064193725586
2019-04-17,25.067188262939453
2019-04-18,25.011503219604492
2019-04-22,24.635713577270508
2019-04-23,24.955839157104492
2019-04-24,24.941917419433594
2019-04-25,22.7219181060791
2019-04-26,22.57577896118164
2019-04-29,22.29044532775879
2019-04-30,22.603614807128906
2019-05-01,22.241729736328125
2019-05-02,21.949443817138672
2019-05-03,21.99120330810547
2019-05-06,21.643238067626953
2019-05-07,21.476221084594727
2019-05-08,21.566686630249023
2019-05-09,21.55276870727539
2019-05-10,21.817216873168945
2019-05-13,21.852014541625977
2019-05-14,22.123428344726562
2019-05-15,22.241729736328125
2019-05-16,22.52010154724121
2019-05-17,22.33220672607422
2019-05-20,22.005117416381836
2019-05-21,22.158222198486328
2019-05-22,22.005117416381836
2019-05-23,22.081668853759766
2019-05-24,21.789384841918945
2019-05-28,21.615400314331055
2019-05-29,21.3857479095459
2019-05-30,21.42749786376953
2019-05-31,21.3300724029541
2019-06-03,21.629316329956055
2019-06-04,21.371828079223633
2019-06-05,21.893770217895508
2019-06-06,21.601482391357422
2019-06-07,21.70587158203125
2019-06-10,21.88681411743164
2019-06-11,22.046876907348633
2019-06-12,22.01903533935547
2019-06-13,22.32524871826172
2019-06-14,22.510406494140625
2019-06-17,22.9786319732666
2019-06-18,22.907690048217773
2019-06-19,23.099239349365234
2019-06-20,23.092145919799805
2019-06-21,22.74452018737793
2019-06-24,22.354331970214844
2019-06-25,21.907386779785156
2019-06-26,21.609420776367188
2019-06-27,21.907386779785156
2019-06-28,22.205350875854492
2019-07-01,21.79387664794922
2019-07-02,22.432369232177734
2019-07-03,22.6806697845459
2019-07-05,22.41108512878418
2019-07-08,22.32595443725586
2019-07-09,22.418180465698242
2019-07-10,22.751619338989258
2019-07-11,21.04897117614746
2019-07-12,21.403684616088867
2019-07-15,21.573949813842773
2019-07-16,21.687463760375977
2019-07-17,21.389497756958008
2019-07-18,21.666183471679688
2019-07-19,21.325651168823242
2019-07-22,21.304367065429688
2019-07-23,21.595233917236328
2019-07-24,21.474632263183594
2019-07-25,21.332738876342773
2019-07-26,21.219234466552734
2019-07-29,21.219234466552734
2019-07-30,21.190860748291016
2019-07-31,20.864517211914062
2019-08-01,21.871917724609375
2019-08-02,22.30467414855957
2019-08-05,22.056367874145508
2019-08-06,21.857725143432617
2019-08-07,21.886104583740234
2019-08-08,22.148590087890625
2019-08-09,21.694551467895508
2019-08-12,22.056367874145508
2019-08-13,21.978328704833984
2019-08-14,21.715835571289062
2019-08-15,21.98542594909668
2019-08-16,22.34014320373535
2019-08-19,22.63101577758789
2019-08-20,22.262104034423828
2019-08-21,22.503313064575195
2019-08-22,22.45365333557129
2019-08-23,22.091838836669922
2019-08-26,22.368518829345703
2019-08-27,22.14150047302246
2019-08-28,22.39689826965332
2019-08-29,22.57425308227539
2019-08-30,22.595537185668945
2019-09-03,22.964445114135742
2019-09-04,23.35463523864746
2019-09-05,23.475236892700195
2019-09-06,23.446863174438477
2019-09-09,23.716445922851562
2019-09-10,23.78739356994629
2019-09-11,24.049890518188477
2019-09-12,24.220142364501953
2019-09-13,23.512954711914062
2019-09-16,23.317916870117188
2019-09-17,23.289020538330078
2019-09-18,23.2240047454834
2019-09-19,23.2240047454834
2019-09-20,23.11565399169922
2019-09-23,22.62444496154785
2019-09-24,22.53775978088379
2019-09-25,22.53775978088379
2019-09-26,23.050642013549805
2019-09-27,23.24567985534668
2019-09-30,23.39737319946289
2019-10-01,23.317916870117188
2019-10-02,23.130102157592773
2019-10-03,23.53462791442871
2019-10-04,23.267349243164062
2019-10-07,23.31069564819336
2019-10-08,23.101205825805664
2019-10-09,22.942285537719727
2019-10-10,23.332359313964844
2019-10-11,23.289020538330078
2019-10-14,23.476829528808594
2019-10-15,23.686321258544922
2019-10-16,23.628530502319336
2019-10-17,23.671873092651367
2019-10-18,24.199201583862305
2019-10-21,24.517040252685547
2019-10-22,24.538711547851562
2019-10-23,24.77708625793457
2019-10-24,24.690406799316406
2019-10-25,24.625398635864258
2019-10-28,24.314773559570312
2019-10-29,24.43758201599121
2019-10-30,24.18475341796875
2019-10-31,23.693546295166016
2019-11-01,24.21364974975586
2019-11-04,24.82765007019043
2019-11-05,24.11974334716797
2019-11-06,24.293107986450195
2019-11-07,24.18475341796875
2019-11-08,23.50572967529297
2019-11-11,23.73688507080078
2019-11-12,23.592416763305664
2019-11-13,23.57074546813965
2019-11-14,24.03306007385254
2019-11-15,24.256988525390625
2019-11-18,24.42313003540039
2019-11-19,24.53148651123047
2019-11-20,24.610946655273438
2019-11-21,24.235315322875977
2019-11-22,24.4086856842041
2019-11-25,24.59650421142578
2019-11-26,23.549072265625
2019-11-27,23.101205825805664
2019-11-29,23.20233154296875
2019-12-02,23.079538345336914
2019-12-03,23.332359313964844
2019-12-04,23.512954711914062
2019-12-05,23.40460205078125
2019-12-06,23.657424926757812
2019-12-09,23.838014602661133
2019-12-10,23.76578712463379
2019-12-11,23.599632263183594
2019-12-12,23.64297866821289
2019-12-13,23.259370803833008
2019-12-16,23.41399383544922
2019-12-17,23.112110137939453
2019-12-18,23.41399383544922
2019-12-19,23.49498176574707
2019-12-20,23.531795501708984
2019-12-23,23.369815826416016
2019-12-24,23.384544372558594
2019-12-26,23.436080932617188
2019-12-27,23.421356201171875
2019-12-30,23.33300018310547
2019-12-31,23.465534210205078
2020-01-02,22.390546798706055
2020-01-03,22.559898376464844
2020-01-06,22.950132369995117
2020-01-07,22.81023597717285
2020-01-08,22.788145065307617
2020-01-09,22.758699417114258
2020-01-10,22.574626922607422
2020-01-13,22.707155227661133
2020-01-14,22.530445098876953
2020-01-15,22.67034339904785
2020-01-16,22.913314819335938
2020-01-17,23.104751586914062
2020-01-21,23.310909271240234
2020-01-22,23.384544372558594
2020-01-23,23.49498176574707
2020-01-24,23.22991943359375
2020-01-27,23.288820266723633
2020-01-28,23.531795501708984
2020-01-29,23.34036636352539
2020-01-30,23.480257034301758
2020-01-31,23.27409553527832
2020-02-03,23.450803756713867
2020-02-04,23.745325088500977
2020-02-05,23.524436950683594
2020-02-06,23.509708404541016
2020-02-07,23.436080932617188
2020-02-10,23.539161682128906
2020-02-11,23.406631469726562
2020-02-12,23.406631469726562
2020-02-13,24.562599182128906
2020-02-14,24.400617599487305
2020-02-18,25.078004837036133
2020-02-19,24.886568069458008
2020-02-20,25.276809692382812
2020-02-21,25.365161895751953
2020-02-24,24.70250129699707
2020-02-25,24.26809310913086
2020-02-26,24.3343505859375
2020-02-27,22.97222328186035
2020-02-28,22.390546798706055
2020-03-02,23.34036636352539
2020-03-03,23.1268367767334
2020-03-04,24.084014892578125
2020-03-05,23.64960479736328
2020-03-06,23.391904830932617
2020-03-09,21.757343292236328
2020-03-10,22.567258834838867
2020-03-11,22.051856994628906
2020-03-12,19.607379913330078
2020-03-13,21.852985382080078
2020-03-16,18.56636619567871
2020-03-17,20.254905700683594
2020-03-18,19.599088668823242
2020-03-19,18.950807571411133
2020-03-20,17.11904525756836
2020-03-23,16.885360717773438
2020-03-24,18.091463088989258
2020-03-25,18.882966995239258
2020-03-26,19.19956398010254
2020-03-27,18.370376586914062
2020-03-30,18.732206344604492
2020-03-31,17.940702438354492
2020-04-01,16.749677658081055
2020-04-02,16.22201156616211
2020-04-03,16.629066467285156
2020-04-06,17.571334838867188
2020-04-07,18.58898162841797
2020-04-08,19.561399459838867
2020-04-09,20.435819625854492
2020-04-13,19.78000259399414
2020-04-14,20.104137420654297
2020-04-15,18.551292419433594
2020-04-16,18.27991485595703
2020-04-17,18.837736129760742
2020-04-20,18.59651756286621
2020-04-21,18.619131088256836
2020-04-22,18.468372344970703
2020-04-23,18.415603637695312
2020-04-24,17.737171173095703
2020-04-27,18.415603637695312
2020-04-28,18.686973571777344
2020-04-29,18.807580947875977
2020-04-30,18.227148056030273
2020-05-01,17.78993797302246
2020-05-04,17.277347564697266
2020-05-05,16.99089813232422
2020-05-06,16.52353286743164
2020-05-07,18.506057739257812
2020-05-08,18.521137237548828
2020-05-11,18.121614456176758
2020-05-12,17.413034439086914
2020-05-13,17.201967239379883
2020-05-14,17.066280364990234
2020-05-15,16.90044403076172
2020-05-18,17.84271240234375
2020-05-19,17.684406280517578
2020-05-20,18.00100326538086
2020-05-21,18.038698196411133
2020-05-22,18.21961212158203
2020-05-26,18.732206344604492
2020-05-27,19.192028045654297
2020-05-28,19.372941970825195
2020-05-29,19.418170928955078
2020-06-01,19.90814971923828
2020-06-02,20.13429069519043
2020-06-03,21.408233642578125
2020-06-04,21.905744552612305
2020-06-05,22.395727157592773
2020-06-08,23.036466598510742
2020-06-09,22.712322235107422
2020-06-10,22.11681365966797
2020-06-11,20.812725067138672
2020-06-12,21.45195770263672
2020-06-15,21.606182098388672
2020-06-16,21.72184944152832
2020-06-17,21.47509765625
2020-06-18,20.80423927307129
2020-06-19,20.31073760986328
2020-06-22,19.85578727722168
2020-06-23,20.12567138671875
2020-06-24,19.300594329833984
2020-06-25,18.99986457824707
2020-06-26,19.023000717163086
2020-06-29,19.81723403930664
2020-06-30,20.12567138671875
2020-07-01,20.24134063720703
2020-07-02,20.171937942504883
2020-07-06,20.372426986694336
2020-07-07,20.07941246032715
2020-07-08,20.171937942504883
2020-07-09,20.187360763549805
2020-07-10,20.61917495727539
2020-07-13,20.71170997619629
2020-07-14,21.05870246887207
2020-07-15,21.28232192993164
2020-07-16,21.08954620361328
2020-07-17,21.027854919433594
2020-07-20,20.727127075195312
2020-07-21,21.027854919433594
2020-07-22,21.2052059173584
2020-07-23,21.212919235229492
2020-07-24,21.004724502563477
2020-07-27,21.39798927307129
2020-07-28,21.490516662597656
2020-07-29,21.791242599487305
2020-07-30,21.783538818359375
2020-07-31,21.737272262573242
2020-08-03,21.629316329956055
2020-08-04,22.2539005279541
2020-08-05,22.3464412689209
2020-08-06,22.431255340576172
2020-08-07,22.70885467529297
2020-08-10,22.940181732177734
2020-08-11,22.79367446899414
2020-08-12,22.994159698486328
2020-08-13,22.639455795288086
2020-08-14,22.932470321655273
2020-08-17,23.387426376342773
2020-08-18,23.13295555114746
2020-08-19,23.13295555114746
2020-08-20,23.210065841674805
2020-08-21,23.29488754272461
2020-08-24,23.395132064819336
2020-08-25,23.425973892211914
2020-08-26,23.333438873291016
2020-08-27,23.479948043823242
2020-08-28,23.395132064819336
2020-08-31,23.202354431152344
2020-09-01,23.086692810058594
2020-09-02,23.518508911132812
2020-09-03,23.3565731048584
2020-09-04,23.256332397460938
2020-09-08,23.210065841674805
2020-09-09,23.186933517456055
2020-09-10,22.978736877441406
2020-09-11,22.994159698486328
2020-09-14,22.804384231567383
2020-09-15,22.89100456237793
2020-09-16,23.087867736816406
2020-09-17,22.72563934326172
2020-09-18,22.30829429626465
2020-09-21,21.47360610961914
2020-09-22,21.410606384277344
2020-09-23,20.520797729492188
2020-09-24,20.867273330688477
2020-09-25,20.890897750854492
2020-09-28,20.946016311645508
2020-09-29,21.072002410888672
2020-09-30,21.095630645751953
2020-10-01,21.268871307373047
2020-10-02,21.52872085571289
2020-10-05,21.536602020263672
2020-10-06,21.34761619567871
2020-10-07,21.339738845825195
2020-10-08,22.237424850463867
2020-10-09,22.245302200317383
2020-10-12,22.32404136657715
2020-10-13,21.75708770751953
2020-10-14,21.662588119506836
2020-10-15,21.7728328704834
2020-10-16,21.662588119506836
2020-10-19,21.520851135253906
2020-10-20,21.646841049194336
2020-10-21,21.560218811035156
2020-10-22,21.7728328704834
2020-10-23,21.930322647094727
2020-10-26,21.49722671508789
2020-10-27,21.276744842529297
2020-10-28,20.7491512298584
2020-10-29,20.733407974243164
2020-10-30,20.520797729492188
2020-11-02,20.88301658630371
2020-11-03,21.49722671508789
2020-11-04,20.96176528930664
2020-11-05,21.63896369934082
2020-11-06,21.111379623413086
2020-11-09,20.985387802124023
2020-11-10,21.386980056762695
2020-11-11,20.835771560668945
2020-11-12,20.142822265625
2020-11-13,20.071949005126953
2020-11-16,20.544414520263672
2020-11-17,20.394804000854492
2020-11-18,20.394804000854492
2020-11-19,20.308189392089844
2020-11-20,20.229446411132812
2020-11-23,20.59954261779785
2020-11-24,20.930273056030273
2020-11-25,21.205873489379883
2020-11-27,20.96176528930664
2020-11-30,21.654712677001953
2020-12-01,21.449979782104492
2020-12-02,21.607471466064453
2020-12-03,22.119308471679688
2020-12-04,22.96187400817871
2020-12-07,23.213857650756836
2020-12-08,23.741443634033203
2020-12-09,23.906810760498047
2020-12-10,23.851682662963867
2020-12-11,23.92255401611328
2020-12-14,23.527875900268555
2020-12-15,23.608261108398438
2020-12-16,23.351037979125977
2020-12-17,23.78510093688965
2020-12-18,23.696680068969727
2020-12-21,23.431419372558594
2020-12-22,23.78510093688965
2020-12-23,23.688644409179688
2020-12-24,23.74491310119629
2020-12-28,23.736875534057617
2020-12-29,23.62433624267578
2020-12-30,23.543960571289062
2020-12-31,23.696680068969727
2021-01-04,23.03754997253418
2021-01-05,23.214387893676758
2021-01-06,23.158119201660156
2021-01-07,22.941091537475586
2021-01-08,22.949127197265625
2021-01-11,22.50702476501465
2021-01-12,22.555255889892578
2021-01-13,22.86070442199707
2021-01-14,24.267396926879883
2021-01-15,24.13074493408203
2021-01-19,23.728839874267578
2021-01-20,24.35581398010254
2021-01-21,24.33169937133789
2021-01-22,24.235246658325195
2021-01-25,25.810731887817383
2021-01-26,26.84766387939453
2021-01-27,29.749460220336914
2021-01-28,26.85570526123047
2021-01-29,27.064693450927734
2021-02-01,26.831584930419922
2021-02-02,25.85092544555664
2021-02-03,26.051881790161133
2021-02-04,25.674089431762695
2021-02-05,26.043846130371094
2021-02-08,26.598478317260742
2021-02-09,26.831584930419922
2021-02-10,27.64344596862793
2021-02-11,26.719057083129883
2021-02-12,26.662782669067383
2021-02-16,26.50202178955078
2021-02-17,26.3171443939209
2021-02-18,26.084028244018555
2021-02-19,25.85896110534668
2021-02-22,25.569581985473633
2021-02-23,25.802696228027344
2021-02-24,27.852445602416992
2021-02-25,27.8122501373291
2021-02-26,27.964981079101562
2021-03-01,27.916751861572266
2021-03-02,28.262386322021484
2021-03-03,27.555023193359375
2021-03-04,28.06947135925293
2021-03-05,28.768796920776367
2021-03-08,29.395788192749023
2021-03-09,29.48419952392578
2021-03-10,29.661048889160156
2021-03-11,29.749460220336914
2021-03-12,30.14104652404785
2021-03-15,30.092002868652344
2021-03-16,29.249967575073242
2021-03-17,29.585142135620117
2021-03-18,29.27450180053711
2021-03-19,29.26632308959961
2021-03-22,29.903968811035156
2021-03-23,29.64236831665039
2021-03-24,29.805866241455078
2021-03-25,30.132869720458984
2021-03-26,30.476215362548828
2021-03-29,29.993900299072266
2021-03-30,30.37811279296875
2021-03-31,30.255489349365234
2021-04-01,30.492565155029297
2021-04-05,30.705123901367188
2021-04-06,30.64789390563965
2021-04-07,30.81139373779297
2021-04-08,30.557968139648438
2021-04-09,30.786853790283203
2021-04-12,30.991235733032227
2021-04-13,31.089330673217773
2021-04-14,31.056638717651367
2021-04-15,31.18743324279785
2021-04-16,31.09750747680664
2021-04-19,31.457210540771484
2021-04-20,32.28288269042969
2021-04-21,32.895992279052734
2021-04-22,33.002281188964844
2021-04-23,32.96139907836914
2021-04-26,32.76519775390625
2021-04-27,32.73250961303711
2021-04-28,32.31558609008789
2021-04-29,32.93688201904297
2021-04-30,32.79789352416992
2021-05-03,32.78155517578125
2021-05-04,32.59352111816406
2021-05-05,31.661582946777344
2021-05-06,34.04866409301758
2021-05-07,33.762550354003906
2021-05-10,34.179473876953125
2021-05-11,34.27757263183594
2021-05-12,33.25570297241211
2021-05-13,34.236690521240234
2021-05-14,34.74353790283203
2021-05-17,35.601905822753906
2021-05-18,34.8007698059082
2021-05-19,34.43288803100586
2021-05-20,35.152286529541016
2021-05-21,35.14411163330078
2021-05-24,35.716365814208984
2021-05-25,35.33213806152344
2021-05-26,35.42206573486328
2021-05-27,35.16047286987305
2021-05-28,35.59373092651367
2021-06-01,36.11692810058594
2021-06-02,37.016178131103516
2021-06-03,37.228729248046875
2021-06-04,37.334999084472656
2021-06-07,37.375877380371094
2021-06-08,38.14432144165039
2021-06-09,38.43861770629883
2021-06-10,37.9317741394043
2021-06-11,37.83367156982422
2021-06-14,38.064849853515625
2021-06-15,38.0814094543457
2021-06-16,37.58427047729492
2021-06-17,37.75826644897461
2021-06-18,36.66455841064453
2021-06-21,37.58427047729492
2021-06-22,36.258541107177734
2021-06-23,36.04311752319336
2021-06-24,35.918827056884766
2021-06-25,35.76140213012695
2021-06-28,35.58739471435547
2021-06-29,35.06538772583008
2021-06-30,35.06538772583008
2021-07-01,35.31396484375
2021-07-02,35.438262939453125
2021-07-06,35.14826202392578
2021-07-07,35.429969787597656
2021-07-08,35.31396484375
2021-07-09,36.241973876953125
2021-07-12,36.87169647216797
2021-07-13,36.62311553955078
2021-07-14,36.63969802856445
2021-07-15,36.49882888793945
2021-07-16,35.89396667480469
2021-07-19,35.41339874267578
2021-07-20,36.283409118652344
2021-07-21,36.36626434326172
2021-07-22,36.10940170288086
2021-07-23,35.97682189941406
2021-07-26,36.1342658996582
2021-07-27,36.3994026184082
2021-07-28,35.98511505126953
2021-07-29,35.993408203125
2021-07-30,36.258541107177734
2021-08-02,36.258541107177734
2021-08-03,36.3828239440918
2021-08-04,35.902259826660156
2021-08-05,36.63140869140625
2021-08-06,37.26112365722656
2021-08-09,37.54283905029297
2021-08-10,38.08970642089844
2021-08-11,38.71113586425781
2021-08-12,38.57027816772461
2021-08-13,38.19741439819336
2021-08-16,37.99026870727539
2021-08-17,37.791412353515625
2021-08-18,37.50141143798828
2021-08-19,37.94055938720703
2021-08-20,37.84111785888672
2021-08-23,38.006839752197266
2021-08-24,37.923980712890625
2021-08-25,38.015132904052734
2021-08-26,37.965415954589844
2021-08-27,38.42112731933594
2021-08-30,38.686275482177734
2021-08-31,39.56456756591797
2021-09-01,40.070003509521484
2021-09-02,40.97315216064453
2021-09-03,40.91515350341797
2021-09-07,40.09485626220703
2021-09-08,40.16115188598633
2021-09-09,39.6225700378418
2021-09-10,38.95970916748047
2021-09-13,39.108848571777344
2021-09-14,38.15087127685547
2021-09-15,37.840240478515625
2021-09-16,37.70590591430664
2021-09-17,37.69750213623047
2021-09-20,37.26092529296875
2021-09-21,37.34487533569336
2021-09-22,37.59674835205078
2021-09-23,37.60514831542969
2021-09-24,37.16856384277344
2021-09-27,36.975460052490234
2021-09-28,36.790748596191406
2021-09-29,37.2021484375
2021-09-30,36.48011016845703
2021-10-01,36.91668701171875
2021-10-04,37.09299850463867
2021-10-05,37.15177536010742
2021-10-06,37.03422927856445
2021-10-07,36.90829086303711
2021-10-08,35.7916374206543
2021-10-11,35.858802795410156
2021-10-12,36.337371826171875
2021-10-13,36.32057571411133
2021-10-14,37.59674835205078
2021-10-15,37.68070983886719
2021-10-18,37.78146743774414
2021-10-19,37.739479064941406
2021-10-20,38.23484802246094
2021-10-21,38.411155700683594
2021-10-22,38.62104034423828
2021-10-25,38.61265182495117
2021-10-26,38.82255172729492
2021-10-27,38.33558654785156
2021-10-28,38.97367477416992
2021-10-29,38.31879425048828
2021-11-01,38.56228256225586
2021-11-02,39.19196319580078
2021-11-03,40.49333572387695
2021-11-04,38.805763244628906
2021-11-05,40.00636672973633
2021-11-08,39.544593811035156
2021-11-09,39.94759750366211
2021-11-10,39.80486297607422
2021-11-11,40.19108200073242
2021-11-12,39.92241287231445
2021-11-15,41.10622787475586
2021-11-16,40.031558990478516
2021-11-17,39.594974517822266
2021-11-18,39.80486297607422
2021-11-19,39.133201599121094
2021-11-22,39.25074768066406
2021-11-23,39.33469772338867
2021-11-24,39.855247497558594
2021-11-26,39.20036697387695
2021-11-29,39.34309768676758
2021-11-30,38.15087127685547
2021-12-01,37.8906135559082
2021-12-02,39.4858283996582
2021-12-03,39.53620529174805
2021-12-06,39.569786071777344
2021-12-07,40.35060501098633
2021-12-08,40.22465896606445
2021-12-09,39.69572067260742
2021-12-10,40.652854919433594
2021-12-13,41.60999298095703
2021-12-14,41.06500244140625
2021-12-15,42.110755920410156
2021-12-16,43.105491638183594
2021-12-17,43.57311248779297
2021-12-20,43.31805419921875
2021-12-21,43.794166564941406
2021-12-22,43.89618682861328
2021-12-23,43.615623474121094
2021-12-27,44.62736892700195
2021-12-28,44.86542510986328
2021-12-29,44.856929779052734
2021-12-30,44.669883728027344
2021-12-31,44.49134063720703
2022-01-03,43.63262939453125
2022-01-04,43.148006439208984
2022-01-05,41.23504638671875
2022-01-06,39.76417922973633
2022-01-07,39.781185150146484
2022-01-10,39.687660217285156
2022-01-11,39.4326057434082
2022-01-12,39.75568389892578
2022-01-13,38.85446548461914
2022-01-14,38.063777923583984
2022-01-18,37.485633850097656
2022-01-19,36.7629508972168
2022-01-20,36.2103157043457
2022-01-21,36.85647964477539
2022-01-24,37.723690032958984
2022-01-25,37.42611312866211
2022-01-26,37.647159576416016
2022-01-27,37.12003707885742
2022-01-28,38.25932312011719
2022-01-31,39.04150390625
2022-02-01,39.2115478515625
2022-02-02,39.653648376464844
2022-02-03,39.0160026550293
2022-02-04,38.80344772338867
2022-02-07,38.488868713378906
2022-02-08,38.0467643737793
2022-02-09,39.169044494628906
2022-02-10,38.063777923583984
2022-02-11,37.774696350097656
2022-02-14,37.111541748046875
2022-02-15,37.19655990600586
2022-02-16,37.4176139831543
2022-02-17,37.043521881103516
2022-02-18,36.56740951538086
2022-02-22,36.28683853149414
2022-02-23,35.91275405883789
2022-02-24,38.624908447265625
2022-02-25,41.379573822021484
2022-02-28,41.81318664550781
2022-03-01,42.22978210449219
2022-03-02,42.918453216552734
2022-03-03,43.981204986572266
2022-03-04,44.329803466796875
2022-03-07,43.420074462890625
2022-03-08,43.13951110839844
2022-03-09,43.43708801269531
2022-03-10,43.692134857177734
2022-03-11,42.96095275878906
2022-03-14,41.34188461303711
2022-03-15,41.9013671875
2022-03-16,42.27149963378906
2022-03-17,42.66744613647461
2022-03-18,42.58137130737305
2022-03-21,43.166683197021484
2022-03-22,43.855281829833984
2022-03-23,44.88818359375
2022-03-24,45.18083953857422
2022-03-25,45.91248321533203
2022-03-28,46.205135345458984
2022-03-29,47.44461441040039
2022-03-30,47.73727035522461
2022-03-31,47.69423294067383
2022-04-01,48.40003967285156
2022-04-04,48.055747985839844
2022-04-05,47.573726654052734
2022-04-06,48.34840774536133
2022-04-07,47.90081787109375
2022-04-08,48.14182662963867
2022-04-11,47.79752731323242
2022-04-12,48.15904235839844
2022-04-13,48.15904235839844
2022-04-14,47.702850341796875
2022-04-18,48.262332916259766
2022-04-19,48.59803009033203
2022-04-20,49.68257141113281
2022-04-21,49.562068939208984
2022-04-22,48.78738784790039
2022-04-25,47.9610710144043
2022-04-26,47.03145980834961
2022-04-27,46.84208297729492
2022-04-28,47.952457427978516
2022-04-29,46.2481689453125
2022-05-02,43.640106201171875
2022-05-03,45.24969482421875
2022-05-04,47.03145980834961
2022-05-05,46.97981262207031
2022-05-06,46.68715286254883
2022-05-09,45.6284294128418
2022-05-10,44.328697204589844
2022-05-11,43.510982513427734
2022-05-12,44.673004150390625
2022-05-13,45.043128967285156
2022-05-16,45.64564514160156
2022-05-17,46.058799743652344
2022-05-18,43.91554260253906
2022-05-19,41.858333587646484
2022-05-20,42.59859085083008
2022-05-23,43.881103515625
2022-05-24,44.14794158935547
2022-05-25,44.190975189208984
2022-05-26,44.724639892578125
2022-05-27,47.28968048095703
2022-05-31,46.394500732421875
2022-06-01,45.9813346862793
2022-06-02,46.30842208862305
2022-06-03,46.11045837402344
2022-06-06,45.69728469848633
2022-06-07,46.902347564697266
2022-06-08,45.80918502807617
2022-06-09,45.008689880371094
2022-06-10,43.9327507019043
2022-06-13,41.63454818725586
2022-06-14,41.223873138427734
2022-06-15,41.82548904418945
2022-06-16,40.20374298095703
2022-06-17,40.299652099609375
2022-06-21,41.145408630371094
2022-06-22,41.98243713378906
2022-06-23,41.80805206298828
2022-06-24,43.124637603759766
2022-06-27,43.86576843261719
2022-06-28,42.86307144165039
2022-06-29,42.00859451293945
2022-06-30,42.4532585144043
2022-07-01,43.011295318603516
2022-07-05,42.52301788330078
2022-07-06,42.53173828125
2022-07-07,42.72355651855469
2022-07-08,42.461978912353516
2022-07-11,41.895240783691406
2022-07-12,41.555198669433594
2022-07-13,41.127967834472656
2022-07-14,38.98307418823242
2022-07-15,39.0964241027832
2022-07-18,39.5498161315918
2022-07-19,40.474029541015625
2022-07-20,40.413002014160156
2022-07-21,41.206424713134766
2022-07-22,41.302337646484375
2022-07-25,40.99717712402344
2022-07-26,40.82279586791992
2022-07-27,41.02333450317383
2022-07-28,41.851646423339844
2022-07-29,42.27888488769531
2022-08-01,42.57533645629883
2022-08-02,42.174259185791016
2022-08-03,42.1655387878418
2022-08-04,42.67124557495117
2022-08-05,45.600860595703125
2022-08-08,47.07439041137695
2022-08-09,46.48149490356445
2022-08-10,47.19645309448242
2022-08-11,46.725624084472656
2022-08-12,47.10926818847656
2022-08-15,47.54521942138672
2022-08-16,47.20517349243164
2022-08-17,47.9026985168457
2022-08-18,47.99861526489258
2022-08-19,47.85039138793945
2022-08-22,46.75177764892578
2022-08-23,46.41173553466797
2022-08-24,47.475467681884766
2022-08-25,48.27762222290039
2022-08-26,47.31852340698242
2022-08-29,47.09183120727539
2022-08-30,46.193756103515625
2022-08-31,45.87115478515625
2022-09-01,46.44660568237305
2022-09-02,45.452632904052734
2022-09-06,45.10387420654297
2022-09-07,45.99321365356445
2022-09-08,46.03681182861328
2022-09-09,48.15555191040039
2022-09-12,49.297760009765625
2022-09-13,47.771915435791016
2022-09-14,47.868038177490234
2022-09-15,47.18017578125
2022-09-16,48.75872802734375
2022-09-19,49.543601989746094
2022-09-20,44.66685485839844
2022-09-21,44.22589874267578
2022-09-22,42.27695846557617
2022-09-23,41.09525680541992
2022-09-26,39.44615173339844
2022-09-27,38.44082260131836
2022-09-28,39.60488510131836
2022-09-29,38.63483428955078
2022-09-30,38.77593231201172
2022-10-03,40.248661041259766
2022-10-04,41.959495544433594
2022-10-05,41.492103576660156
2022-10-06,40.566131591796875
2022-10-07,40.257484436035156
2022-10-10,39.75481414794922
2022-10-11,40.574951171875
2022-10-12,40.028194427490234
2022-10-13,40.37211608886719
2022-10-14,38.92584991455078
2022-10-17,40.1781120300293
2022-10-18,41.562652587890625
2022-10-19,40.77779006958008
2022-10-20,40.83069610595703
2022-10-21,41.50973892211914
2022-10-24,42.05650329589844
2022-10-25,43.66150665283203
2022-10-26,43.48513412475586
2022-10-27,43.987796783447266
2022-10-28,44.18181610107422
2022-10-31,44.15535354614258
2022-11-01,44.278812408447266
2022-11-02,43.3704833984375
2022-11-03,43.9525260925293
2022-11-04,43.57331848144531
2022-11-07,44.023075103759766
2022-11-08,44.53456115722656
2022-11-09,43.36167526245117
2022-11-10,46.36003875732422
2022-11-11,46.62459945678711
2022-11-14,45.284149169921875
2022-11-15,46.36885452270508
2022-11-16,45.60163116455078
2022-11-17,45.25769805908203
2022-11-18,46.12192916870117
2022-11-21,46.36003875732422
2022-11-22,46.7039680480957
2022-11-23,47.100807189941406
2022-11-25,47.233097076416016
2022-11-28,46.977352142333984
2022-11-29,47.49765396118164
2022-11-30,47.91213607788086
2022-12-01,48.3089714050293
2022-12-02,48.555904388427734
2022-12-05,48.49417495727539
2022-12-06,48.21196746826172
2022-12-07,48.00031661987305
2022-12-08,48.1590576171875
2022-12-09,47.98268127441406
2022-12-12,48.35306930541992
2022-12-13,48.97919845581055
2022-12-14,49.013973236083984
2022-12-15,48.44322204589844
2022-12-16,46.02640914916992
2022-12-19,44.777870178222656
2022-12-20,44.688690185546875
2022-12-21,45.223777770996094
2022-12-22,45.197025299072266
2022-12-23,45.152427673339844
2022-12-27,45.21487045288086
2022-12-28,43.69878005981445
2022-12-29,44.70653533935547
2022-12-30,44.456817626953125
2023-01-03,44.296287536621094
2023-01-04,45.37538528442383
2023-01-05,43.6541862487793
2023-01-06,45.205936431884766
2023-01-09,45.000823974609375
2023-01-10,44.73328399658203
2023-01-11,45.9550666809082
2023-01-12,46.50798797607422
2023-01-13,46.936058044433594
2023-01-17,46.65959930419922
2023-01-18,46.43663787841797
2023-01-19,45.57158279418945
2023-01-20,46.21368408203125
2023-01-23,46.5882453918457
2023-01-24,46.50798797607422
2023-01-25,46.85579299926758
2023-01-26,47.8278694152832
2023-01-27,49.1120719909668
2023-01-30,48.568077087402344
2023-01-31,48.675086975097656
2023-02-01,49.57582473754883
2023-02-02,50.5033073425293
2023-02-03,49.52231216430664
2023-02-06,49.00506591796875
2023-02-07,48.755348205566406
2023-02-08,48.38078689575195
2023-02-09,47.30170440673828
2023-02-10,47.488990783691406
2023-02-13,47.94380187988281
2023-02-14,47.43547058105469
2023-02-15,47.497894287109375
2023-02-16,47.40871810913086
2023-02-17,46.90929412841797
2023-02-21,45.1881103515625
2023-02-22,45.152427673339844
2023-02-23,47.0609130859375
2023-02-24,46.641754150390625
2023-02-27,46.882545471191406
2023-02-28,47.04307174682617
2023-03-01,46.89147186279297
2023-03-02,47.07875061035156
2023-03-03,48.71968078613281
2023-03-06,48.942630767822266
2023-03-07,47.84571075439453
2023-03-08,48.0151481628418
2023-03-09,47.105499267578125
2023-03-10,45.77669906616211
2023-03-13,46.97172927856445
2023-03-14,47.160335540771484
2023-03-15,46.98887634277344
2023-03-16,46.997901916503906
2023-03-17,45.382572174072266
2023-03-20,46.095489501953125
2023-03-21,46.212791442871094
2023-03-22,45.274288177490234
2023-03-23,44.70576095581055
2023-03-24,45.52696990966797
2023-03-27,45.31037521362305
2023-03-28,45.19306564331055
2023-03-29,45.996219635009766
2023-03-30,46.736202239990234
2023-03-31,47.74690628051758
2023-04-03,47.83714294433594
2023-04-04,47.458133697509766
2023-04-05,46.546688079833984
2023-04-06,47.18740463256836
2023-04-10,47.25960159301758
2023-04-11,48.26128005981445
2023-04-12,48.86590576171875
2023-04-13,48.51396179199219
2023-04-14,47.611541748046875
2023-04-17,47.99958419799805
2023-04-18,47.58446502685547
2023-04-19,48.47786331176758
2023-04-20,48.35153579711914
2023-04-21,48.649322509765625
2023-04-24,49.055416107177734
2023-04-25,48.96516799926758
2023-04-26,48.60420227050781
2023-04-27,49.61491012573242
2023-04-28,49.84953689575195
2023-05-01,49.96685028076172
2023-05-02,49.34419250488281
2023-05-03,49.78636932373047
2023-05-04,50.210506439208984
2023-05-05,50.8873176574707
2023-05-08,50.52635192871094
2023-05-09,50.336849212646484
2023-05-10,50.38196563720703
2023-05-11,49.83149337768555
2023-05-12,49.71418380737305
2023-05-15,50.228553771972656
2023-05-16,49.04638671875
2023-05-17,49.87661361694336
2023-05-18,49.78636932373047
2023-05-19,49.95783233642578
2023-05-22,49.6690559387207
2023-05-23,49.371253967285156
2023-05-24,48.23421096801758
2023-05-25,48.46883773803711
2023-05-26,48.35153579711914
2023-05-30,48.189090728759766
2023-05-31,48.2071418762207
2023-06-01,47.96348190307617
2023-06-02,49.840518951416016
2023-06-05,50.10222244262695
2023-06-06,50.28269958496094
2023-06-07,50.86024475097656
2023-06-08,50.38196563720703
2023-06-09,50.598548889160156
2023-06-12,50.86927032470703
2023-06-13,50.8782958984375
2023-06-14,51.753318786621094
2023-06-15,52.1547966003418
2023-06-16,51.789817810058594
2023-06-20,50.59452438354492
2023-06-21,50.685768127441406
2023-06-22,50.04706954956055
2023-06-23,49.24412155151367
2023-06-26,49.84632873535156
2023-06-27,50.859134674072266
2023-06-28,50.6127815246582
2023-06-29,51.24235534667969
2023-06-30,51.844566345214844
2023-07-03,52.25515365600586
2023-07-05,53.13109588623047
2023-07-06,53.16759490966797
2023-07-07,52.875614166259766
2023-07-10,53.62381362915039
2023-07-11,53.4139518737793
2023-07-12,54.15302658081055
2023-07-13,53.93404006958008
2023-07-14,54.299015045166016
2023-07-17,55.91402053833008
2023-07-18,56.415863037109375
2023-07-19,56.78084182739258
2023-07-20,56.56185531616211
2023-07-21,56.470611572265625
2023-07-24,56.707847595214844
2023-07-25,56.63484573364258
2023-07-26,56.96332550048828
2023-07-27,55.73154067993164
2023-07-28,55.25707244873047
2023-07-31,56.023521423339844
2023-08-01,56.3702392578125
2023-08-02,56.24250411987305
2023-08-03,54.563621520996094
2023-08-04,55.585548400878906
2023-08-07,56.0508918762207
2023-08-08,55.44868469238281
2023-08-09,55.585548400878906
2023-08-10,55.658538818359375
2023-08-11,55.17495346069336
2023-08-14,54.93771743774414
2023-08-15,54.445003509521484
2023-08-16,54.08002853393555
2023-08-17,53.43219757080078
2023-08-18,53.93404006958008
2023-08-21,53.43219757080078
2023-08-22,54.32638931274414
2023-08-23,55.713294982910156
2023-08-24,55.238826751708984
2023-08-25,55.81365966796875
2023-08-28,56.61660385131836
2023-08-29,57.14581298828125
2023-08-30,57.80276107788086
2023-08-31,57.976131439208984
2023-09-01,58.03999328613281
2023-09-05,57.738895416259766
2023-09-06,58.41408920288086
2023-09-07,58.07649612426758
2023-09-08,57.191436767578125
2023-09-11,57.49253463745117
2023-09-12,57.620277404785156
2023-09-13,57.53815460205078
2023-09-14,58.838096618652344
2023-09-15,57.94381332397461
2023-09-18,58.14664077758789
2023-09-19,58.12820053100586
2023-09-20,58.49697494506836
2023-09-21,56.892799377441406
2023-09-22,57.058753967285156
2023-09-25,56.5977783203125
2023-09-26,55.205650329589844
2023-09-27,54.385128021240234
2023-09-28,55.19643783569336
2023-09-29,54.80921936035156
2023-10-02,54.09010696411133
2023-10-03,52.76252365112305
2023-10-04,53.186614990234375
2023-10-05,52.827056884765625
2023-10-06,53.546173095703125
2023-10-09,54.66171646118164
2023-10-10,55.021270751953125
2023-10-11,56.08149719238281
2023-10-12,55.777259826660156
2023-10-13,55.59286880493164
2023-10-16,56.85592269897461
2023-10-17,56.87436294555664
2023-10-18,55.307071685791016
2023-10-19,55.0858039855957
2023-10-20,54.5971794128418
2023-10-23,54.44966506958008
2023-10-24,54.99361801147461
2023-10-25,53.81352996826172
2023-10-26,54.41278839111328
2023-10-27,53.67523956298828
2023-10-30,53.73977279663086
2023-10-31,54.458885192871094
2023-11-01,55.00283432006836
2023-11-02,54.7170295715332
2023-11-03,56.92967987060547
2023-11-06,55.54676818847656
2023-11-07,54.55107879638672
2023-11-08,54.88298034667969
2023-11-09,54.27449417114258
2023-11-10,54.79999923706055
2023-11-13,54.48654556274414
2023-11-14,57.04953384399414
2023-11-15,57.335330963134766
2023-11-16,57.18782424926758
2023-11-17,57.37221145629883
2023-11-20,58.28493118286133
2023-11-21,58.12820053100586
2023-11-22,58.34946823120117
2023-11-24,58.27571105957031
2023-11-27,58.6352653503418
2023-11-28,58.74590301513672
2023-11-29,58.34024429321289
2023-11-30,59.142333984375
2023-12-01,60.37773132324219
2023-12-04,61.03229904174805
2023-12-05,60.838687896728516
2023-12-06,60.82948303222656
2023-12-07,60.46991729736328
2023-12-08,60.34084701538086
2023-12-11,60.7557258605957
2023-12-12,61.262786865234375
2023-12-13,62.544273376464844
2023-12-14,63.7171745300293
2023-12-15,63.22380447387695
2023-12-18,63.596153259277344
2023-12-19,63.97779846191406
2023-12-20,63.31688690185547
2023-12-21,64.27568054199219
2023-12-22,64.57356262207031
2023-12-26,65.03898620605469
2023-12-27,65.38339233398438
2023-12-28,65.71851348876953
2023-12-29,65.1413803100586
2024-01-02,63.88472366333008
2024-01-03,61.64134979248047
2024-01-04,61.957847595214844
2024-01-05,62.13470458984375
2024-01-08,63.34482192993164
2024-01-09,62.497737884521484
2024-01-10,62.53498077392578
2024-01-11,61.669288635253906
2024-01-12,62.581512451171875
2024-01-16,61.77167510986328
2024-01-17,60.82218933105469
2024-01-18,61.38071060180664
2024-01-19,62.24641799926758
2024-01-22,62.469810485839844
2024-01-23,63.19588088989258
2024-01-24,62.37672805786133
2024-01-25,63.698543548583984
2024-01-26,62.88869857788086
2024-01-29,63.03765106201172
2024-01-30,63.54030227661133
2024-01-31,62.851463317871094
2024-02-01,64.48977661132812
2024-02-02,64.34083557128906
2024-02-05,63.7171745300293
2024-02-06,64.19190216064453
2024-02-07,63.130733489990234
2024-02-08,63.81956100463867
2024-02-09,63.88472366333008
2024-02-12,64.07089233398438
2024-02-13,62.38603973388672
2024-02-14,62.879398345947266
2024-02-15,64.35945129394531
2024-02-16,63.2796630859375
2024-02-20,63.68923568725586
2024-02-21,63.79163360595703
2024-02-22,67.11478424072266
2024-02-23,69.84219360351562
2024-02-26,70.15870666503906
2024-02-27,68.88341522216797
2024-02-28,70.1493911743164
2024-02-29,73.20259857177734
2024-03-01,75.4273452758789
2024-03-04,73.47254943847656
2024-03-05,73.13744354248047
2024-03-06,74.8781509399414
2024-03-07,75.41802978515625
2024-03-08,75.74384307861328
2024-03-11,75.11085510253906
2024-03-12,75.27841186523438
2024-03-13,74.5616455078125
2024-03-14,73.24778747558594
2024-03-15,73.77334594726562
2024-03-18,74.77750396728516
2024-03-19,75.01212310791016
2024-03-20,75.23734283447266
2024-03-21,75.95059204101562
2024-03-22,74.57102966308594
2024-03-25,73.36042022705078
2024-03-26,73.15394592285156
2024-03-27,75.2092056274414
2024-03-28,75.27489471435547
2024-04-01,74.64611053466797
2024-04-02,73.90471649169922
2024-04-03,74.33641052246094
2024-04-04,73.8577880859375
2024-04-05,73.8014907836914
2024-04-08,73.89533233642578
2024-04-09,74.32703399658203
2024-04-10,71.03300476074219
2024-04-11,71.8963851928711
2024-04-12,71.34268951416016
2024-04-15,70.23527526855469
2024-04-16,70.11329650878906
2024-04-17,70.5262222290039
2024-04-18,69.84113311767578
2024-04-19,70.47928619384766
2024-04-22,71.18314361572266
2024-04-23,71.88700866699219
2024-04-24,73.3791732788086
2024-04-25,72.50639343261719
2024-04-26,72.7503890991211
2024-04-29,73.17271423339844
2024-04-30,72.7503890991211
2024-05-01,73.29471588134766
2024-05-02,72.26239013671875
2024-05-03,70.68575286865234
2024-05-06,72.07471466064453
2024-05-07,72.82547760009766
2024-05-08,73.2384033203125
2024-05-09,74.69303131103516
2024-05-10,74.86195373535156
2024-05-13,73.56686401367188
2024-05-14,75.57520294189453
2024-05-15,77.27384185791016
2024-05-16,76.95475769042969
2024-05-17,76.7576904296875
2024-05-20,77.04859924316406
2024-05-21,77.75244903564453
2024-05-22,75.97875213623047
2024-05-23,74.40210723876953
2024-05-24,75.29366302490234
2024-05-28,74.60857391357422
2024-05-29,73.5574951171875
2024-05-30,74.7399673461914
2024-05-31,75.7253646850586
2024-06-03,75.76290130615234
2024-06-04,76.15705871582031
2024-06-05,77.27384185791016
2024-06-06,79.62001037597656
2024-06-07,80.21125030517578
2024-06-10,81.74095916748047
2024-06-11,81.95682525634766
2024-06-12,81.92867279052734
2024-06-13,82.36974334716797
2024-06-14,82.60435485839844
2024-06-17,83.45526123046875
2024-06-18,83.86180877685547
2024-06-20,83.98473358154297
2024-06-21,84.0130844116211
2024-06-24,84.23053741455078
2024-06-25,83.7105484008789
2024-06-26,83.62545776367188
2024-06-27,84.343994140625
2024-06-28,84.73163604736328
2024-07-01,84.79781341552734
2024-07-02,85.89454650878906
2024-07-03,86.7738037109375
2024-07-05,86.60363006591797
2024-07-08,87.80436706542969
2024-07-09,88.05017852783203
2024-07-10,89.95999908447266
2024-07-11,89.3643569946289
2024-07-12,90.65962219238281
2024-07-15,92.49382019042969
2024-07-16,94.52655029296875
2024-07-17,93.80799865722656
2024-07-18,92.5032730102539
2024-07-19,92.91925811767578
2024-07-22,94.66835021972656
2024-07-23,95.43417358398438
2024-07-24,91.61454010009766
2024-07-25,91.61454010009766
2024-07-26,93.12726593017578
2024-07-29,94.05382537841797
2024-07-30,95.76509094238281
2024-07-31,96.96581268310547
2024-08-01,103.56507873535156
2024-08-02,100.87054443359375
2024-08-05,98.63926696777344
2024-08-06,100.64363098144531
2024-08-07,99.80216217041016
2024-08-08,101.5134506225586
2024-08-09,102.52508544921875
2024-08-12,102.74254608154297
2024-08-13,102.00508117675781
2024-08-14,102.7614517211914
2024-08-15,102.65745544433594
2024-08-16,102.39273071289062
2024-08-19,103.65962219238281
2024-08-20,103.54618072509766
2024-08-21,105.98545837402344
2024-08-22,106.62835693359375
2024-08-23,107.16727447509766
2024-08-26,107.21454620361328
2024-08-27,108.57598876953125
2024-08-28,106.17454528808594
2024-08-29,105.88145446777344
2024-08-30,107.08218383789062
2024-09-03,106.6756362915039
2024-09-04,106.71345520019531
2024-09-05,103.13017272949219
2024-09-06,103.50836944580078
2024-09-09,104.36871337890625
2024-09-10,107.93309783935547
2024-09-11,108.14109802246094
2024-09-12,110.01309967041016
2024-09-13,110.67491149902344
2024-09-16,112.42999267578125
2024-09-17,110.27061462402344
2024-09-18,110.77478790283203
2024-09-19,108.5678482055664
2024-09-20,109.73789978027344
2024-09-23,112.66780090332031
2024-09-24,113.36222839355469
2024-09-25,113.50491333007812
2024-09-26,111.59288024902344
2024-09-27,111.04114532470703
2024-09-30,113.0387954711914
2024-10-01,112.4775390625
2024-10-02,113.58102416992188
2024-10-03,112.65828704833984
2024-10-04,112.5156021118164
2024-10-07,111.07918548583984
2024-10-08,113.04830932617188
2024-10-09,114.6178970336914
2024-10-10,113.21953582763672
2024-10-11,114.47520446777344
2024-10-14,115.29328918457031
2024-10-15,116.05430603027344
2024-10-16,117.40510559082031
2024-10-17,118.39441680908203
2024-10-18,119.63106536865234
2024-10-21,117.39559173583984
2024-10-22,117.83317565917969
2024-10-23,119.4217758178711
2024-10-24,119.83082580566406
2024-10-25,121.47651672363281
2024-10-28,121.89507293701172
2024-10-29,121.38138580322266
2024-10-30,121.41944122314453
2024-10-31,117.69999694824219
2024-11-01,115.2552490234375
2024-11-04,116.38723754882812
2024-11-05,119.6025161743164
2024-11-06,108.86274719238281
2024-11-07,111.22187042236328
2024-11-08,113.87590789794922
2024-11-11,111.71653747558594
2024-11-12,108.9198226928711
2024-11-13,110.32769012451172
2024-11-14,107.6070785522461
2024-11-15,109.28129577636719
2024-11-18,109.87107849121094
2024-11-19,110.83186340332031
2024-11-20,110.63209533691406
2024-11-21,112.94367980957031
2024-11-22,113.2956314086914
2024-11-25,114.89376068115234
2024-11-26,117.58584594726562
2024-11-27,118.18512725830078
2024-11-29,117.64291381835938
2024-12-02,115.6642837524414
2024-12-03,114.30398559570312
2024-12-04,113.06733703613281
2024-12-05,112.60121154785156
2024-12-06,114.30398559570312
2024-12-09,108.76761627197266
2024-12-10,106.56067657470703
2024-12-11,107.57852935791016
2024-12-12,107.41682434082031
2024-12-13,106.446533203125
2024-12-16,106.54705810546875
2024-12-17,105.39818572998047
2024-12-18,98.81140899658203
2024-12-19,97.28917694091797
2024-12-20,100.62085723876953
2024-12-23,100.73574829101562
2024-12-24,101.08040618896484
2024-12-26,101.22400665283203
2024-12-27,100.25704956054688
2024-12-30,99.27095794677734
2024-12-31,100.63043212890625
2025-01-02,100.27619934082031
2025-01-03,101.19528198242188
2025-01-06,99.02203369140625
2025-01-07,96.39881134033203
2025-01-08,98.46674346923828
2025-01-10,96.8487777709961
2025-01-13,97.88274383544922
2025-01-14,99.60603332519531
2025-01-15,101.65483093261719
2025-01-16,105.55137634277344
2025-01-17,104.56527709960938
2025-01-21,106.1832504272461
2025-01-22,105.29288482666016
2025-01-23,106.56620025634766
2025-01-24,106.3172836303711
2025-01-27,99.55816650390625
2025-01-28,94.57020568847656
2025-01-29,96.32221221923828
2025-01-30,97.6529769897461
2025-01-31,97.2413101196289
2025-02-03,96.35093688964844
2025-02-04,96.9540786743164
2025-02-05,99.48157501220703
2025-02-06,101.6739730834961
2025-02-07,101.5399398803711
2025-02-10,101.69312286376953
2025-02-11,101.68354797363281
2025-02-12,98.35187530517578
2025-02-13,91.19064331054688
2025-02-14,91.34382629394531
2025-02-18,90.1949691772461
2025-02-19,88.91207885742188
2025-02-20,89.5152359008789
2025-02-21,87.86852264404297
2025-02-24,87.56217193603516
2025-02-25,88.46211242675781
2025-02-26,89.11312866210938
2025-02-27,87.81109619140625
2025-02-28,89.19928741455078
2025-03-03,86.36544036865234
2025-03-04,84.4793930053711
2025-03-05,84.5464096069336
2025-03-06,79.26166534423828
2025-03-07,80.78390502929688
2025-03-10,79.84567260742188
2025-03-11,80.90836334228516
2025-03-12,82.76567840576172
2025-03-13,81.47321319580078
2025-03-14,82.92843627929688
2025-03-17,86.13118743896484
2025-03-18,84.65299987792969
2025-03-19,85.60946655273438
2025-03-20,85.43556213378906
2025-03-21,84.5757064819336
2025-03-24,87.03936004638672
2025-03-25,84.89453125
2025-03-26,84.08297729492188
2025-03-27,82.61444854736328
2025-03-28,82.21833038330078
2025-03-31,83.12649536132812
2025-04-01,83.94771575927734
2025-04-02,85.11673736572266
2025-04-03,80.28604888916016
2025-04-04,74.57618713378906
2025-04-07,74.90467071533203
2025-04-08,74.32498168945312
2025-04-09,81.62898254394531
2025-04-10,78.8658218383789
2025-04-11,80.61454010009766
2025-04-14,81.53236389160156
2025-04-15,80.47928619384766
2025-04-16,79.83196258544922
2025-04-17,81.35845947265625
2025-04-21,78.84649658203125
2025-04-22,80.21842193603516
2025-04-23,81.37779235839844
2025-04-24,82.4308853149414
2025-04-25,84.7496109008789
2025-04-28,85.47421264648438
2025-04-29,85.2809829711914
2025-04-30,86.63357543945312
2025-05-01,88.73975372314453
2025-05-02,92.51736450195312
2025-05-05,93.87960815429688
2025-05-06,93.63806915283203
2025-05-07,94.01486206054688
2025-05-08,93.46416473388672
2025-05-09,93.78299713134766
2025-05-12,94.62353515625
2025-05-13,94.0824966430664
2025-05-14,93.85062408447266
2025-05-15,96.13070678710938
2025-05-16,97.203125
2025-05-19,97.63789367675781
2025-05-20,97.135498046875
2025-05-21,92.86517333984375
2025-05-22,92.55599975585938
2025-05-23,92.95211791992188
2025-05-27,94.01486206054688
2025-05-28,93.99555206298828
2025-05-29,94.48828887939453
2025-05-30,95.36746978759766
2025-06-02,96.10172271728516
2025-06-03,96.57514190673828
2025-06-04,96.81666564941406
2025-06-05,97.8504409790039
2025-06-06,98.74894714355469
2025-06-09,97.79247283935547
2025-06-10,97.63789367675781
2025-06-11,97.56059265136719
2025-06-12,99.0387954711914
2025-06-13,98.14994049072266
2025-06-16,99.38162231445312
2025-06-17,100.06317901611328
2025-06-18,99.94635009765625
2025-06-20,98.66111755371094
2025-06-23,100.3358154296875
2025-06-24,102.47786712646484
2025-06-25,99.97555541992188
2025-06-26,98.25218200683594
2025-06-27,99.6055679321289
2025-06-30,99.86845397949219
2025-07-01,97.29798126220703
2025-07-02,96.98641967773438
2025-07-03,98.02823638916016
2025-07-07,97.6777114868164
2025-07-08,96.9669418334961
2025-07-09,96.63590240478516
2025-07-10,96.3535385131836
2025-07-11,95.40908813476562
2025-07-14,95.41881561279297
2025-07-15,94.69831848144531
2025-07-16,95.65249633789062
2025-07-17,96.09065246582031
2025-07-18,97.04483795166016
2025-07-21,96.12960052490234
2025-07-22,96.68458557128906
2025-07-23,96.7624740600586
2025-07-24,96.16854095458984
2025-07-25,96.72352600097656
2025-07-28,95.41881561279297
2025-07-29,96.80142211914062
2025-07-30,95.37013244628906
2025-07-31,94.7956771850586
2025-08-01,91.65074920654297
2025-08-04,92.27388763427734
2025-08-05,93.0333480834961
2025-08-06,87.6684799194336
2025-08-07,89.41133117675781
2025-08-08,87.78531646728516
2025-08-11,87.1913833618164
2025-08-12,89.722900390625
2025-08-13,91.49496459960938
2025-08-14,88.99266052246094
2025-08-15,89.08029174804688
2025-08-18,88.35003662109375
2025-08-19,89.1484375
2025-08-20,88.88555908203125
2025-08-21,88.16504669189453
2025-08-22,91.38787078857422
2025-08-25,89.37238311767578
2025-08-26,89.02186584472656
2025-08-27,89.45027160644531
2025-08-28,89.54764556884766
2025-08-29,89.8981704711914
2025-09-02,87.10375213623047
2025-09-03,87.44454193115234
2025-09-04,88.68108367919922
2025-09-05,89.75212097167969
2025-09-08,89.99552917480469
2025-09-09,94.12385559082031
2025-09-10,94.86383819580078
2025-09-11,96.22696685791016
2025-09-12,94.14332580566406
2025-09-15,97.98641204833984
2025-09-16,98.50667572021484
2025-09-17,97.65266418457031
2025-09-18,97.10294342041016
2025-09-19,98.05512237548828
2025-09-22,102.54117584228516
2025-09-23,102.17797088623047
2025-09-24,99.37051391601562
2025-09-25,98.94841003417969
2025-09-26,99.07601928710938
2025-09-29,98.50667572021484
2025-09-30,100.06747436523438
2025-10-01,100.381591796875
2025-10-02,101.4024887084961
2025-10-03,102.87493896484375
2025-10-06,104.41609954833984
2025-10-07,103.94490814208984
2025-10-08,103.4541015625
2025-10-09,103.02217864990234
2025-10-10,99.96930694580078
2025-10-13,100.29324340820312
2025-10-14,101.46138763427734
2025-10-15,103.81730651855469
2025-10-16,103.84674835205078
2025-10-17,102.65897369384766
2025-10-20,103.88601684570312
2025-10-21,102.49210357666016
2025-10-22,102.04054260253906
2025-10-23,102.02091217041016
2025-10-24,103.29704284667969
2025-10-27,104.50444030761719
2025-10-28,102.13871002197266
2025-10-29,99.47848510742188
2025-10-30,99.4392318725586
2025-10-31,101.05891418457031
2025-11-03,101.76569366455078
2025-11-04,101.422119140625
2025-11-05,98.62447357177734
2025-11-06,99.00731658935547
2025-11-07,102.20742797851562
2025-11-10,100.45030975341797
2025-11-11,99.29198455810547
2025-11-12,96.2881851196289
2025-11-13,89.6916275024414
2025-11-14,89.6916275024414
2025-11-17,87.05104064941406
2025-11-18,87.64002227783203
2025-11-19,85.10740661621094
2025-11-20,81.47537994384766
2025-11-21,83.45826721191406
2025-11-24,83.17359924316406
2025-11-25,84.08651733398438
2025-11-26,84.63623809814453
2025-11-28,84.76383972167969
2025-12-01,81.30850982666016
2025-12-02,81.24959564208984
2025-12-03,82.73186492919922
2025-12-04,83.46808624267578
2025-12-05,82.76131439208984
2025-12-08,82.87911224365234
2025-12-09,83.53679656982422
2025-12-10,83.92945861816406
2025-12-11,86.41297912597656
2025-12-12,81.8189468383789
2025-12-15,81.77332305908203
2025-12-16,80.34496307373047
2025-12-17,78.74798583984375
2025-12-18,78.2222671508789
2025-12-19,79.44232177734375
2025-12-22,80.36479949951172
2025-12-23,80.1465835571289
2025-12-24,80.8012466430664
2025-12-26,81.32695770263672
2025-12-29,81.96177673339844
2025-12-30,82.68588256835938
2025-12-31,82.27919006347656
