Date,LW
2016-11-10,26.251619338989258
2016-11-11,25.870773315429688
2016-11-14,26.13043975830078
2016-11-15,26.338167190551758
2016-11-16,27.437393188476562
2016-11-17,28.138471603393555
2016-11-18,28.285615921020508
2016-11-21,27.47201156616211
2016-11-22,28.30292510986328
2016-11-23,28.579898834228516
2016-11-25,28.207714080810547
2016-11-28,28.337543487548828
2016-11-29,28.727027893066406
2016-11-30,28.97804069519043
2016-12-01,28.138471603393555
2016-12-02,28.553937911987305
2016-12-05,29.125171661376953
2016-12-06,29.27232551574707
2016-12-07,30.077268600463867
2016-12-08,31.09859275817871
2016-12-09,31.488086700439453
2016-12-12,31.7910213470459
2016-12-13,31.66118812561035
2016-12-14,30.423480987548828
2016-12-15,29.757020950317383
2016-12-16,30.51869010925293
2016-12-19,29.84357452392578
2016-12-20,30.250385284423828
2016-12-21,30.310949325561523
2016-12-22,31.444808959960938
2016-12-23,31.89488983154297
2016-12-27,32.3189811706543
2016-12-28,32.22378921508789
2016-12-29,32.69117736816406
2016-12-30,32.76042556762695
2017-01-03,32.44881820678711
2017-01-04,32.00740051269531
2017-01-05,31.695810317993164
2017-01-06,31.8775691986084
2017-01-09,31.92951011657715
2017-01-10,31.886232376098633
2017-01-11,31.92951011657715
2017-01-12,31.990087509155273
2017-01-13,32.215145111083984
2017-01-17,31.92951011657715
2017-01-18,31.713138580322266
2017-01-19,31.990087509155273
2017-01-20,32.11992645263672
2017-01-23,31.825639724731445
2017-01-24,32.44881820678711
2017-01-25,31.739093780517578
2017-01-26,31.606853485107422
2017-01-27,31.702552795410156
2017-01-30,31.99833869934082
2017-01-31,32.50294494628906
2017-02-01,32.85963821411133
2017-02-02,33.425148010253906
2017-02-03,33.84273147583008
2017-02-06,34.13853073120117
2017-02-07,34.28643035888672
2017-02-08,34.06892776489258
2017-02-09,33.99934005737305
2017-02-10,34.16462326049805
2017-02-13,34.3038330078125
2017-02-14,34.4952278137207
2017-02-15,34.47782516479492
2017-02-16,34.712730407714844
2017-02-17,34.46912384033203
2017-02-21,34.46912384033203
2017-02-22,34.669219970703125
2017-02-23,34.36473083496094
2017-02-24,34.43433380126953
2017-02-27,34.34733581542969
2017-02-28,34.095035552978516
2017-03-01,34.756229400634766
2017-03-02,34.991127014160156
2017-03-03,35.14772033691406
2017-03-06,35.16511535644531
2017-03-07,35.44353103637695
2017-03-08,35.426116943359375
2017-03-09,35.65231704711914
2017-03-10,36.01772689819336
2017-03-13,36.13081359863281
2017-03-14,36.722408294677734
2017-03-15,36.8529052734375
2017-03-16,36.531005859375
2017-03-17,36.75721740722656
2017-03-20,36.957313537597656
2017-03-21,37.29661178588867
2017-03-22,36.922515869140625
2017-03-23,37.41840362548828
2017-03-24,37.12260818481445
2017-03-27,37.374908447265625
2017-03-28,37.3400993347168
2017-03-29,37.09651565551758
2017-03-30,36.618019104003906
2017-03-31,36.59190368652344
2017-04-03,36.53971481323242
2017-04-04,36.70500183105469
2017-04-05,36.313514709472656
2017-04-06,37.53152084350586
2017-04-07,37.40100860595703
2017-04-10,37.20090866088867
2017-04-11,37.305301666259766
2017-04-12,36.67891311645508
2017-04-13,36.42662048339844
2017-04-17,36.739803314208984
2017-04-18,36.87031173706055
2017-04-19,36.71371078491211
2017-04-20,37.061710357666016
2017-04-21,36.76591110229492
2017-04-24,37.12260818481445
2017-04-25,36.93992233276367
2017-04-26,36.91194534301758
2017-04-27,37.26150131225586
2017-04-28,36.48375701904297
2017-05-01,36.52744674682617
2017-05-02,36.169158935546875
2017-05-03,35.740966796875
2017-05-04,36.055564880371094
2017-05-05,36.326446533203125
2017-05-08,36.335205078125
2017-05-09,36.48375701904297
2017-05-10,37.112937927246094
2017-05-11,36.87699508666992
2017-05-12,36.87699508666992
2017-05-15,37.514915466308594
2017-05-16,38.86065673828125
2017-05-17,38.59849548339844
2017-05-18,38.39751434326172
2017-05-19,38.782012939453125
2017-05-22,38.956787109375
2017-05-23,38.64219665527344
2017-05-24,39.75199508666992
2017-05-25,39.87432861328125
2017-05-26,39.90055465698242
2017-05-30,40.346221923828125
2017-05-31,40.55596160888672
2017-06-01,41.35116958618164
2017-06-02,41.40359878540039
2017-06-05,40.818115234375
2017-06-06,40.78315353393555
2017-06-07,40.992881774902344
2017-06-08,40.63460159301758
2017-06-09,40.22388458251953
2017-06-12,39.69956588745117
2017-06-13,40.18019104003906
2017-06-14,39.83938217163086
2017-06-15,39.60343933105469
2017-06-16,39.38498306274414
2017-06-19,39.80443572998047
2017-06-20,39.96172332763672
2017-06-21,40.04037857055664
2017-06-22,39.83938217163086
2017-06-23,39.813167572021484
2017-06-26,39.620906829833984
2017-06-27,39.05289077758789
2017-06-28,39.647125244140625
2017-06-29,38.56354522705078
2017-06-30,38.48490905761719
2017-07-03,38.327598571777344
2017-07-05,37.81201934814453
2017-07-06,37.48868179321289
2017-07-07,37.6634635925293
2017-07-10,37.348876953125
2017-07-11,38.26643371582031
2017-07-12,38.449947357177734
2017-07-13,38.24895095825195
2017-07-14,38.14409637451172
2017-07-17,38.44120788574219
2017-07-18,38.56354522705078
2017-07-19,38.782012939453125
2017-07-20,38.69462203979492
2017-07-21,39.32380676269531
2017-07-24,39.10533905029297
2017-07-25,39.91802978515625
2017-07-26,38.69462203979492
2017-07-27,38.327598571777344
2017-07-28,38.29265594482422
2017-07-31,38.43246841430664
2017-08-01,38.48490905761719
2017-08-02,38.40416717529297
2017-08-03,37.93025588989258
2017-08-04,38.28128433227539
2017-08-07,38.491920471191406
2017-08-08,38.22863006591797
2017-08-09,38.18475341796875
2017-08-10,38.913177490234375
2017-08-11,39.32564926147461
2017-08-14,39.32564926147461
2017-08-15,39.50994110107422
2017-08-16,39.80833435058594
2017-08-17,39.81710433959961
2017-08-18,39.729347229003906
2017-08-21,39.8873176574707
2017-08-22,40.071617126464844
2017-08-23,40.01017761230469
2017-08-24,39.49238204956055
2017-08-25,39.527503967285156
2017-08-28,39.3870849609375
2017-08-29,39.553829193115234
2017-08-30,39.64158630371094
2017-08-31,39.91364669799805
2017-09-01,40.36122512817383
2017-09-05,40.141822814941406
2017-09-06,39.77322769165039
2017-09-07,39.73811340332031
2017-09-08,39.87853240966797
2017-09-11,40.04528045654297
2017-09-12,40.369998931884766
2017-09-13,40.85268783569336
2017-09-14,40.43144226074219
2017-09-15,40.71226119995117
2017-09-18,40.61574172973633
2017-09-19,40.71226119995117
2017-09-20,40.940460205078125
2017-09-21,40.24714279174805
2017-09-22,39.82588577270508
2017-09-25,39.64158630371094
2017-09-26,39.95752716064453
2017-09-27,40.40510559082031
2017-09-28,40.8790168762207
2017-09-29,41.15107345581055
2017-10-02,41.721519470214844
2017-10-03,41.39680099487305
2017-10-04,42.485042572021484
2017-10-05,42.64301681518555
2017-10-06,43.116912841796875
2017-10-09,42.8536262512207
2017-10-10,43.037925720214844
2017-10-11,43.32753372192383
2017-10-12,43.617149353027344
2017-10-13,43.880435943603516
2017-10-16,44.48598861694336
2017-10-17,44.07350158691406
2017-10-18,44.37189865112305
2017-10-19,44.143714904785156
2017-10-20,44.43333435058594
2017-10-23,44.67028045654297
2017-10-24,44.51231002807617
2017-10-25,44.424564361572266
2017-10-26,44.40699768066406
2017-10-27,44.60007095336914
2017-10-30,44.213924407958984
2017-10-31,44.7492790222168
2017-11-01,45.06520080566406
2017-11-02,45.62718200683594
2017-11-03,45.9090461730957
2017-11-06,45.856197357177734
2017-11-07,45.50386047363281
2017-11-08,46.146873474121094
2017-11-09,45.4686279296875
2017-11-10,45.76811599731445
2017-11-13,46.49040222167969
2017-11-14,47.02771759033203
2017-11-15,46.455162048339844
2017-11-16,47.08055877685547
2017-11-17,46.869144439697266
2017-11-20,47.29195022583008
2017-11-21,47.33599090576172
2017-11-22,47.785213470458984
2017-11-24,47.952579498291016
2017-11-27,47.591434478759766
2017-11-28,47.591434478759766
2017-11-29,47.52097702026367
2017-11-30,47.89093017578125
2017-12-01,48.32252502441406
2017-12-04,48.401798248291016
2017-12-05,47.961402893066406
2017-12-06,47.961402893066406
2017-12-07,48.42823028564453
2017-12-08,49.50284957885742
2017-12-11,50.101810455322266
2017-12-12,49.106475830078125
2017-12-13,49.1505126953125
2017-12-14,48.84221649169922
2017-12-15,48.88626480102539
2017-12-18,49.432376861572266
2017-12-19,49.19456100463867
2017-12-20,49.30906295776367
2017-12-21,48.82460403442383
2017-12-22,49.168128967285156
2017-12-26,48.60440444946289
2017-12-27,48.85103225708008
2017-12-28,49.203365325927734
2017-12-29,49.72304916381836
2018-01-02,48.771759033203125
2018-01-03,49.379520416259766
2018-01-04,50.401302337646484
2018-01-05,50.824092864990234
2018-01-08,51.58161544799805
2018-01-09,51.12358093261719
2018-01-10,50.97383499145508
2018-01-11,51.08834457397461
2018-01-12,51.334991455078125
2018-01-16,51.54638671875
2018-01-17,52.26866912841797
2018-01-18,51.99561309814453
2018-01-19,52.885250091552734
2018-01-22,53.11427307128906
2018-01-23,53.13187789916992
2018-01-24,52.735504150390625
2018-01-25,52.18058395385742
2018-01-26,52.67384719848633
2018-01-29,52.04845428466797
2018-01-30,51.308563232421875
2018-01-31,51.61684036254883
2018-02-01,50.725181579589844
2018-02-02,50.18611526489258
2018-02-05,49.7884407043457
2018-02-06,49.31123733520508
2018-02-07,50.3098258972168
2018-02-08,48.36566162109375
2018-02-09,48.12705612182617
2018-02-12,48.67496109008789
2018-02-13,48.19776153564453
2018-02-14,47.93264389038086
2018-02-15,48.95775604248047
2018-02-16,49.116817474365234
2018-02-20,47.97682189941406
2018-02-21,47.287532806396484
2018-02-22,47.4996223449707
2018-02-23,48.34797286987305
2018-02-26,48.268455505371094
2018-02-27,48.06520080566406
2018-02-28,47.80007553100586
2018-03-01,48.12705612182617
2018-03-02,48.931243896484375
2018-03-05,49.38194274902344
2018-03-06,50.21261978149414
2018-03-07,49.76192855834961
2018-03-08,50.08005905151367
2018-03-09,50.66331481933594
2018-03-12,50.60145568847656
2018-03-13,49.90332794189453
2018-03-14,49.558677673339844
2018-03-15,49.15217208862305
2018-03-16,49.18750762939453
2018-03-19,49.019622802734375
2018-03-20,49.21403121948242
2018-03-21,48.92240905761719
2018-03-22,48.23310852050781
2018-03-23,47.764739990234375
2018-03-26,49.86796951293945
2018-03-27,49.48798370361328
2018-03-28,49.8326301574707
2018-03-29,51.44982147216797
2018-04-02,51.31726837158203
2018-04-03,52.254005432128906
2018-04-04,52.51912307739258
2018-04-05,54.32189178466797
2018-04-06,54.59584045410156
2018-04-09,55.046539306640625
2018-04-10,56.354434967041016
2018-04-11,56.34560775756836
2018-04-12,55.95676803588867
2018-04-13,56.66373825073242
2018-04-16,57.20280456542969
2018-04-17,57.88327407836914
2018-04-18,57.892112731933594
2018-04-19,57.662330627441406
2018-04-20,57.759544372558594
2018-04-23,58.024658203125
2018-04-24,57.83023452758789
2018-04-25,58.192562103271484
2018-04-26,58.68745803833008
2018-04-27,58.84649658203125
2018-04-30,57.72419357299805
2018-05-01,57.41489791870117
2018-05-02,56.681419372558594
2018-05-03,56.76205825805664
2018-05-04,57.69272994995117
2018-05-07,58.685455322265625
2018-05-08,59.084312438964844
2018-05-09,60.032711029052734
2018-05-10,60.29861068725586
2018-05-11,60.209983825683594
2018-05-14,59.93522644042969
2018-05-15,59.66044235229492
2018-05-16,59.509742736816406
2018-05-17,59.385684967041016
2018-05-18,59.19955062866211
2018-05-21,59.15522384643555
2018-05-22,57.6484260559082
2018-05-23,57.75477981567383
2018-05-24,57.79023361206055
2018-05-25,57.99408721923828
2018-05-29,57.22296905517578
2018-05-30,57.61295700073242
2018-05-31,56.50503158569336
2018-06-01,56.82411575317383
2018-06-04,57.861148834228516
2018-06-05,58.2599983215332
2018-06-06,57.311614990234375
2018-06-07,57.48887634277344
2018-06-08,58.21569061279297
2018-06-11,57.93204879760742
2018-06-12,58.224552154541016
2018-06-13,57.914329528808594
2018-06-14,58.366371154785156
2018-06-15,57.55092239379883
2018-06-18,57.55092239379883
2018-06-19,58.836124420166016
2018-06-20,59.811119079589844
2018-06-21,59.64272689819336
2018-06-22,60.165645599365234
2018-06-25,60.404991149902344
2018-06-26,60.8304443359375
2018-06-27,60.41386413574219
2018-06-28,60.91021728515625
2018-06-29,60.72407913208008
2018-07-02,60.26317596435547
2018-07-03,60.599971771240234
2018-07-05,61.93838119506836
2018-07-06,62.2131462097168
2018-07-09,62.38155746459961
2018-07-10,62.292911529541016
2018-07-11,62.22201919555664
2018-07-12,62.52336502075195
2018-07-13,62.798133850097656
2018-07-16,62.22201919555664
2018-07-17,62.69178009033203
2018-07-18,62.56768035888672
2018-07-19,62.38155746459961
2018-07-20,62.4169807434082
2018-07-23,61.176116943359375
2018-07-24,60.57338333129883
2018-07-25,62.408164978027344
2018-07-26,62.08905792236328
2018-07-27,61.867454528808594
2018-07-30,62.2574462890625
2018-07-31,62.2840461730957
2018-08-01,61.77882766723633
2018-08-02,62.68627166748047
2018-08-03,64.13501739501953
2018-08-06,64.50830078125
2018-08-07,63.78837203979492
2018-08-08,63.468421936035156
2018-08-09,63.66394805908203
2018-08-10,63.18400192260742
2018-08-13,63.03290939331055
2018-08-14,63.726165771484375
2018-08-15,61.557518005371094
2018-08-16,59.184452056884766
2018-08-17,58.29566192626953
2018-08-20,58.33121109008789
2018-08-21,57.98459243774414
2018-08-22,58.820037841796875
2018-08-23,59.61994934082031
2018-08-24,59.57552719116211
2018-08-27,60.5443000793457
2018-08-28,60.348777770996094
2018-08-29,60.19768524169922
2018-08-30,59.65550994873047
2018-08-31,60.082122802734375
2018-09-04,59.699951171875
2018-09-05,59.81547927856445
2018-09-06,59.74437713623047
2018-09-07,59.39778137207031
2018-09-10,59.57552719116211
2018-09-11,59.66440200805664
2018-09-12,59.673282623291016
2018-09-13,59.85991287231445
2018-09-14,60.446533203125
2018-09-17,59.27333450317383
2018-09-18,59.406654357910156
2018-09-19,58.002357482910156
2018-09-20,58.775604248046875
2018-09-21,59.548858642578125
2018-09-24,59.042240142822266
2018-09-25,59.63772201538086
2018-09-26,59.2822265625
2018-09-27,58.29566192626953
2018-09-28,59.19334030151367
2018-10-01,58.60675048828125
2018-10-02,63.99280548095703
2018-10-03,64.20612335205078
2018-10-04,65.10379791259766
2018-10-05,66.39253234863281
2018-10-08,65.76148223876953
2018-10-09,66.3214340209961
2018-10-10,65.07714080810547
2018-10-11,64.10833740234375
2018-10-12,64.84600830078125
2018-10-15,65.04158020019531
2018-10-16,66.89913940429688
2018-10-17,67.64571380615234
2018-10-18,67.23687744140625
2018-10-19,68.05457305908203
2018-10-22,68.5700454711914
2018-10-23,69.46774291992188
2018-10-24,70.25877380371094
2018-10-25,69.3699951171875
2018-10-26,68.44563293457031
2018-10-29,68.614501953125
2018-10-30,68.2500991821289
2018-10-31,69.46774291992188
2018-11-01,68.80931854248047
2018-11-02,68.58657836914062
2018-11-05,70.0566635131836
2018-11-06,71.50894165039062
2018-11-07,71.99895477294922
2018-11-08,72.77413177490234
2018-11-09,73.07703399658203
2018-11-12,73.1839599609375
2018-11-13,74.26204681396484
2018-11-14,73.9412841796875
2018-11-15,73.24632263183594
2018-11-16,73.63834381103516
2018-11-19,71.99895477294922
2018-11-20,71.81187438964844
2018-11-21,72.87211608886719
2018-11-23,72.30191802978516
2018-11-26,71.6069564819336
2018-11-27,69.09444427490234
2018-11-28,68.69347381591797
2018-11-29,68.37275695800781
2018-11-30,68.33709716796875
2018-12-03,67.33922576904297
2018-12-04,67.25904083251953
2018-12-06,66.04730987548828
2018-12-07,65.44146728515625
2018-12-10,65.37019348144531
2018-12-11,66.97392272949219
2018-12-12,68.06090545654297
2018-12-13,69.21919250488281
2018-12-14,67.56197357177734
2018-12-17,67.21448516845703
2018-12-18,67.3837661743164
2018-12-19,66.81356048583984
2018-12-20,65.39692687988281
2018-12-21,65.5750961303711
2018-12-24,63.730804443359375
2018-12-26,65.37019348144531
2018-12-27,65.6909408569336
2018-12-28,65.58403015136719
2018-12-31,65.53946685791016
2019-01-02,65.6285629272461
2019-01-03,65.02272033691406
2019-01-04,67.33922576904297
2019-01-07,62.857669830322266
2019-01-08,63.178428649902344
2019-01-09,62.1181640625
2019-01-10,62.242889404296875
2019-01-11,61.89543151855469
2019-01-14,60.264957427978516
2019-01-15,61.3875732421875
2019-01-16,62.52800369262695
2019-01-17,63.16950225830078
2019-01-18,63.151676177978516
2019-01-22,63.035850524902344
2019-01-23,64.79997253417969
2019-01-24,63.579368591308594
2019-01-25,63.347686767578125
2019-01-28,63.61498260498047
2019-01-29,64.54158782958984
2019-01-30,64.66633605957031
2019-01-31,64.59485626220703
2019-02-01,64.6841812133789
2019-02-04,63.70142364501953
2019-02-05,64.00519561767578
2019-02-06,63.71036148071289
2019-02-07,63.0849494934082
2019-02-08,63.093910217285156
2019-02-11,62.88838195800781
2019-02-12,61.66440200805664
2019-02-13,61.25343704223633
2019-02-14,61.61973571777344
2019-02-15,62.10218811035156
2019-02-19,62.8079948425293
2019-02-20,62.593570709228516
2019-02-21,63.41553497314453
2019-02-22,62.98668670654297
2019-02-25,62.08430862426758
2019-02-26,61.64653015136719
2019-02-27,61.735877990722656
2019-02-28,61.923500061035156
2019-03-01,63.388736724853516
2019-03-04,63.24576187133789
2019-03-05,63.57633972167969
2019-03-06,63.02241897583008
2019-03-07,62.99562072753906
2019-03-08,62.54890823364258
2019-03-11,62.727577209472656
2019-03-12,62.27194595336914
2019-03-13,62.39701461791992
2019-03-14,60.922889709472656
2019-03-15,62.10218811035156
2019-03-18,62.45063400268555
2019-03-19,62.28087615966797
2019-03-20,61.977108001708984
2019-03-21,63.43340301513672
2019-03-22,64.0230484008789
2019-03-25,65.06836700439453
2019-03-26,65.22024536132812
2019-03-27,64.56806182861328
2019-03-28,66.04220581054688
2019-03-29,66.9534912109375
2019-04-01,66.08688354492188
2019-04-02,66.4353256225586
2019-04-03,65.3006591796875
2019-04-04,62.82585906982422
2019-04-05,63.99627685546875
2019-04-08,65.1041259765625
2019-04-09,65.1487808227539
2019-04-10,64.6841812133789
2019-04-11,63.99627685546875
2019-04-12,63.53167724609375
2019-04-15,63.61207962036133
2019-04-16,62.236202239990234
2019-04-17,61.31596755981445
2019-04-18,60.41360092163086
2019-04-22,61.55720520019531
2019-04-23,62.075382232666016
2019-04-24,61.9056396484375
2019-04-25,61.82522201538086
2019-04-26,62.263031005859375
2019-04-29,61.2444953918457
2019-04-30,62.58464431762695
2019-05-01,62.62932205200195
2019-05-02,59.466495513916016
2019-05-03,60.12056350708008
2019-05-06,60.47895050048828
2019-05-07,61.15092849731445
2019-05-08,61.19572830200195
2019-05-09,61.49140548706055
2019-05-10,60.434146881103516
2019-05-13,59.61879348754883
2019-05-14,60.048885345458984
2019-05-15,60.093685150146484
2019-05-16,59.92344284057617
2019-05-17,60.595428466796875
2019-05-20,60.51479721069336
2019-05-21,58.56153106689453
2019-05-22,57.03837585449219
2019-05-23,56.51870346069336
2019-05-24,55.66751480102539
2019-05-28,54.466896057128906
2019-05-29,53.69634246826172
2019-05-30,53.803863525390625
2019-05-31,53.08707046508789
2019-06-03,53.9741096496582
2019-06-04,54.86112594604492
2019-06-05,55.864627838134766
2019-06-06,55.90046691894531
2019-06-07,54.64608383178711
2019-06-10,55.03135681152344
2019-06-11,55.479347229003906
2019-06-12,54.98656463623047
2019-06-13,54.84321212768555
2019-06-14,55.29119873046875
2019-06-17,53.62467956542969
2019-06-18,52.83620834350586
2019-06-19,54.941768646240234
2019-06-20,54.959693908691406
2019-06-21,54.51169204711914
2019-06-24,54.44001007080078
2019-06-25,56.03486633300781
2019-06-26,56.44702911376953
2019-06-27,55.28223419189453
2019-06-28,56.76957321166992
2019-07-01,56.025909423828125
2019-07-02,56.10654067993164
2019-07-03,57.09212875366211
2019-07-05,57.647640228271484
2019-07-08,57.69242858886719
2019-07-09,58.310665130615234
2019-07-10,59.31416702270508
2019-07-11,60.550628662109375
2019-07-12,59.072261810302734
2019-07-15,59.466495513916016
2019-07-16,59.842811584472656
2019-07-17,60.10261917114258
2019-07-18,60.891117095947266
2019-07-19,61.43765640258789
2019-07-22,60.532711029052734
2019-07-23,57.03837585449219
2019-07-24,56.88605499267578
2019-07-25,58.050846099853516
2019-07-26,57.952274322509766
2019-07-29,58.731773376464844
2019-07-30,60.51479721069336
2019-07-31,60.13846969604492
2019-08-01,59.80598068237305
2019-08-02,60.26428985595703
2019-08-05,58.7365608215332
2019-08-06,58.36811065673828
2019-08-07,58.970218658447266
2019-08-08,60.066585540771484
2019-08-09,60.26428985595703
2019-08-12,61.01917266845703
2019-08-13,60.47996520996094
2019-08-14,60.030643463134766
2019-08-15,61.01917266845703
2019-08-16,61.83695602416992
2019-08-19,63.01420974731445
2019-08-20,61.33369445800781
2019-08-21,61.50444412231445
2019-08-22,62.46600341796875
2019-08-23,61.46851348876953
2019-08-26,61.89088439941406
2019-08-27,61.513427734375
2019-08-28,61.80100631713867
2019-08-29,62.83446502685547
2019-08-30,63.256832122802734
2019-09-03,64.1285400390625
2019-09-04,65.04518127441406
2019-09-05,64.51496887207031
2019-09-06,64.00271606445312
2019-09-09,63.85892105102539
2019-09-10,63.4185905456543
2019-09-11,64.32625579833984
2019-09-12,64.65874481201172
2019-09-13,64.8384780883789
2019-09-16,65.7730941772461
2019-09-17,66.50101470947266
2019-09-18,66.27633666992188
2019-09-19,66.16848754882812
2019-09-20,66.06965637207031
2019-09-23,66.62681579589844
2019-09-24,66.37519836425781
2019-09-25,66.37519836425781
2019-09-26,66.13256072998047
2019-09-27,65.92585754394531
2019-09-30,65.35072326660156
2019-10-01,66.11459350585938
2019-10-02,65.91688537597656
2019-10-03,69.98780059814453
2019-10-04,69.88896942138672
2019-10-07,68.21745300292969
2019-10-08,68.81056213378906
2019-10-09,68.26237487792969
2019-10-10,68.6667709350586
2019-10-11,68.37920379638672
2019-10-14,68.154541015625
2019-10-15,67.8489990234375
2019-10-16,68.50501251220703
2019-10-17,69.24192810058594
2019-10-18,69.17002868652344
2019-10-21,69.03522491455078
2019-10-22,67.69622039794922
2019-10-23,67.22892761230469
2019-10-24,67.04020690917969
2019-10-25,67.3996810913086
2019-10-28,68.32528686523438
2019-10-29,69.21495056152344
2019-10-30,69.87100219726562
2019-10-31,70.31246948242188
2019-11-01,69.8890151977539
2019-11-04,69.56464385986328
2019-11-05,69.24930572509766
2019-11-06,71.2404556274414
2019-11-07,71.17741394042969
2019-11-08,71.13235473632812
2019-11-11,72.51985168457031
2019-11-12,72.18653106689453
2019-11-13,72.9793701171875
2019-11-14,73.01542663574219
2019-11-15,74.72725677490234
2019-11-18,75.10570526123047
2019-11-19,75.4570541381836
2019-11-20,75.22283172607422
2019-11-21,74.63716125488281
2019-11-22,74.70023345947266
2019-11-25,75.16876220703125
2019-11-26,75.54715728759766
2019-11-27,75.70032501220703
2019-11-29,75.66429138183594
2019-12-02,75.70932006835938
2019-12-03,76.05171203613281
2019-12-04,75.7994155883789
2019-12-05,76.05171203613281
2019-12-06,75.88054656982422
2019-12-09,75.82647705078125
2019-12-10,75.70032501220703
2019-12-11,76.02467346191406
2019-12-12,75.78141021728516
2019-12-13,75.77240753173828
2019-12-16,75.65528869628906
2019-12-17,75.76339721679688
2019-12-18,75.83547973632812
2019-12-19,75.86249542236328
2019-12-20,77.33110809326172
2019-12-23,77.03379821777344
2019-12-24,76.70943450927734
2019-12-26,77.61943817138672
2019-12-27,77.54732513427734
2019-12-30,76.98873138427734
2019-12-31,77.51129150390625
2020-01-02,75.76339721679688
2020-01-03,84.29566192626953
2020-01-06,81.71886444091797
2020-01-07,82.17838287353516
2020-01-08,82.22344970703125
2020-01-09,81.79996490478516
2020-01-10,81.52066802978516
2020-01-13,82.19640350341797
2020-01-14,81.69184112548828
2020-01-15,81.88105010986328
2020-01-16,81.98916625976562
2020-01-17,81.53868103027344
2020-01-21,82.16937255859375
2020-01-22,82.16036224365234
2020-01-23,81.89009094238281
2020-01-24,81.70985412597656
2020-01-27,81.47560119628906
2020-01-28,82.58381652832031
2020-01-29,82.9352035522461
2020-01-30,83.20616912841797
2020-01-31,82.47455596923828
2020-02-03,82.87196350097656
2020-02-04,83.35070037841797
2020-02-05,83.62166595458984
2020-02-06,84.1545639038086
2020-02-07,85.31072998046875
2020-02-10,85.42814636230469
2020-02-11,85.92491912841797
2020-02-12,85.36489868164062
2020-02-13,85.88878631591797
2020-02-14,85.96101379394531
2020-02-18,86.59331512451172
2020-02-19,85.22038269042969
2020-02-20,85.73524475097656
2020-02-21,85.66297149658203
2020-02-24,86.09651947021484
2020-02-25,84.69650268554688
2020-02-26,83.58551025390625
2020-02-27,80.79452514648438
2020-02-28,78.48223876953125
2020-03-02,78.2654800415039
2020-03-03,77.22675323486328
2020-03-04,79.56613159179688
2020-03-05,78.00352478027344
2020-03-06,75.3028564453125
2020-03-09,66.27951049804688
2020-03-10,65.69242858886719
2020-03-11,64.51820373535156
2020-03-12,57.22907257080078
2020-03-13,57.67166519165039
2020-03-16,47.365726470947266
2020-03-17,47.98896789550781
2020-03-18,40.654685974121094
2020-03-19,44.086978912353516
2020-03-20,43.02116775512695
2020-03-23,43.09342575073242
2020-03-24,49.714149475097656
2020-03-25,50.87932205200195
2020-03-26,53.14645004272461
2020-03-27,51.71030044555664
2020-03-30,52.06256103515625
2020-03-31,51.57482147216797
2020-04-01,46.065067291259766
2020-04-02,45.05344009399414
2020-04-03,45.342491149902344
2020-04-06,46.805728912353516
2020-04-07,49.768333435058594
2020-04-08,52.161922454833984
2020-04-09,52.7490348815918
2020-04-13,52.62256622314453
2020-04-14,54.82646179199219
2020-04-15,50.49996566772461
2020-04-16,51.98128128051758
2020-04-17,54.1219482421875
2020-04-20,51.94514846801758
2020-04-21,50.31931686401367
2020-04-22,50.87932205200195
2020-04-23,51.20449447631836
2020-04-24,52.189022064208984
2020-04-27,52.8845100402832
2020-04-28,54.338722229003906
2020-04-29,58.61103439331055
2020-04-30,55.422603607177734
2020-05-01,52.70386505126953
2020-05-04,52.116764068603516
2020-05-05,53.263877868652344
2020-05-06,53.29096221923828
2020-05-07,50.25327682495117
2020-05-08,55.80272674560547
2020-05-11,54.09798812866211
2020-05-12,52.80131149291992
2020-05-13,49.67294692993164
2020-05-14,49.42811584472656
2020-05-15,47.233734130859375
2020-05-18,51.114715576171875
2020-05-19,50.65226364135742
2020-05-20,51.02402877807617
2020-05-21,50.625064849853516
2020-05-22,51.88548278808594
2020-05-26,55.04103088378906
2020-05-27,56.174503326416016
2020-05-28,54.06171798706055
2020-05-29,54.46070861816406
2020-06-01,55.84805679321289
2020-06-02,56.01129150390625
2020-06-03,58.74067687988281
2020-06-04,59.674625396728516
2020-06-05,64.60749053955078
2020-06-08,67.62702178955078
2020-06-09,65.19688415527344
2020-06-10,63.94554138183594
2020-06-11,57.36237335205078
2020-06-12,58.9129524230957
2020-06-15,59.41166687011719
2020-06-16,61.62420654296875
2020-06-17,61.50632858276367
2020-06-18,61.47006607055664
2020-06-19,60.02828598022461
2020-06-22,59.710914611816406
2020-06-23,60.336585998535156
2020-06-24,57.17195510864258
2020-06-25,57.90643310546875
2020-06-26,56.700435638427734
2020-06-29,57.36237335205078
2020-06-30,57.969913482666016
2020-07-01,57.50745391845703
2020-07-02,57.543731689453125
2020-07-06,58.07871627807617
2020-07-07,57.17195510864258
2020-07-08,56.08382034301758
2020-07-09,54.370018005371094
2020-07-10,57.13568115234375
2020-07-13,57.85202407836914
2020-07-14,59.982948303222656
2020-07-15,61.8962287902832
2020-07-16,60.68116760253906
2020-07-17,60.209625244140625
2020-07-20,58.940155029296875
2020-07-21,59.79252624511719
2020-07-22,61.8055534362793
2020-07-23,62.31334686279297
2020-07-24,61.47006607055664
2020-07-27,63.92738723754883
2020-07-28,56.60068893432617
2020-07-29,54.2340087890625
2020-07-30,53.78969192504883
2020-07-31,54.47883605957031
2020-08-03,54.52417755126953
2020-08-04,55.98408126831055
2020-08-05,56.94525909423828
2020-08-06,57.791648864746094
2020-08-07,57.10907745361328
2020-08-10,58.765472412109375
2020-08-11,58.43783187866211
2020-08-12,58.59254455566406
2020-08-13,58.87467956542969
2020-08-14,58.83827209472656
2020-08-17,57.746150970458984
2020-08-18,57.5914306640625
2020-08-19,58.30131530761719
2020-08-20,56.73592758178711
2020-08-21,55.95323944091797
2020-08-24,57.9372673034668
2020-08-25,57.27289581298828
2020-08-26,55.92593765258789
2020-08-27,56.83604431152344
2020-08-28,58.41963577270508
2020-08-31,57.20008087158203
2020-09-01,55.81673049926758
2020-09-02,57.12727737426758
2020-09-03,57.5914306640625
2020-09-04,56.82694625854492
2020-09-08,55.607398986816406
2020-09-09,55.880435943603516
2020-09-10,56.42650604248047
2020-09-11,57.63693618774414
2020-09-14,59.711971282958984
2020-09-15,61.20454406738281
2020-09-16,62.06005859375
2020-09-17,63.79833984375
2020-09-18,62.196556091308594
2020-09-21,59.165916442871094
2020-09-22,57.85535430908203
2020-09-23,57.81895446777344
2020-09-24,57.03627014160156
2020-09-25,59.056697845458984
2020-09-28,60.76770782470703
2020-09-29,59.420753479003906
2020-09-30,60.312652587890625
2020-10-01,60.67668533325195
2020-10-02,61.82341384887695
2020-10-05,63.297786712646484
2020-10-06,63.852962493896484
2020-10-07,65.71866607666016
2020-10-08,67.64808654785156
2020-10-09,66.62877655029297
2020-10-12,66.09181213378906
2020-10-13,65.49113464355469
2020-10-14,65.64584350585938
2020-10-15,66.65609741210938
2020-10-16,66.16461181640625
2020-10-19,65.21812438964844
2020-10-20,65.42743682861328
2020-10-21,64.92686462402344
2020-10-22,66.32842254638672
2020-10-23,65.62765502929688
2020-10-26,61.696014404296875
2020-10-27,60.276241302490234
2020-10-28,57.61873245239258
2020-10-29,58.32861328125
2020-10-30,57.746150970458984
2020-11-02,59.76657485961914
2020-11-03,61.18634796142578
2020-11-04,61.168128967285156
2020-11-05,61.88047790527344
2020-11-06,60.62934112548828
2020-11-09,69.28675079345703
2020-11-10,69.82555389404297
2020-11-11,67.37809753417969
2020-11-12,65.2137451171875
2020-11-13,65.68862915039062
2020-11-16,67.78905487060547
2020-11-17,68.03564453125
2020-11-18,66.88495635986328
2020-11-19,65.38726806640625
2020-11-20,63.579078674316406
2020-11-23,63.990013122558594
2020-11-24,65.73429107666016
2020-11-25,66.90323638916016
2020-11-27,66.83930969238281
2020-11-30,66.09957885742188
2020-12-01,66.43748474121094
2020-12-02,66.3279037475586
2020-12-03,69.0949935913086
2020-12-04,69.75249481201172
2020-12-07,69.95339965820312
2020-12-08,70.77532196044922
2020-12-09,70.68399047851562
2020-12-10,69.76163482666016
2020-12-11,70.57440948486328
2020-12-14,69.89862060546875
2020-12-15,70.19999694824219
2020-12-16,69.48765563964844
2020-12-17,71.81639862060547
2020-12-18,71.83467102050781
2020-12-21,70.74791717529297
2020-12-22,70.62919616699219
2020-12-23,71.7798843383789
2020-12-24,70.91231536865234
2020-12-28,70.72052001953125
2020-12-29,70.17257690429688
2020-12-30,70.64746856689453
2020-12-31,71.90771484375
2021-01-04,69.10411834716797
2021-01-05,68.84839630126953
2021-01-06,69.98080444335938
2021-01-07,69.13153076171875
2021-01-08,70.1634521484375
2021-01-11,69.41462707519531
2021-01-12,68.56532287597656
2021-01-13,70.03560638427734
2021-01-14,71.35979461669922
2021-01-15,71.68853759765625
2021-01-19,70.4009017944336
2021-01-20,70.65660858154297
2021-01-21,70.38262939453125
2021-01-22,71.36892700195312
2021-01-25,71.25933837890625
2021-01-26,70.25477600097656
2021-01-27,67.0128173828125
2021-01-28,70.23652648925781
2021-01-29,68.21827697753906
2021-02-01,69.04019165039062
2021-02-02,71.08582305908203
2021-02-03,71.7250747680664
2021-02-04,72.5632095336914
2021-02-05,72.81967163085938
2021-02-08,73.01203155517578
2021-02-09,72.1510009765625
2021-02-10,70.60301971435547
2021-02-11,70.76788330078125
2021-02-12,70.67630767822266
2021-02-16,70.27326965332031
2021-02-17,70.61217498779297
2021-02-18,71.07015991210938
2021-02-19,71.52816772460938
2021-02-22,73.96463012695312
2021-02-23,76.08967590332031
2021-02-24,76.56599426269531
2021-02-25,73.59823608398438
2021-02-26,73.06698608398438
2021-03-01,74.44093322753906
2021-03-02,74.50503540039062
2021-03-03,76.14464569091797
2021-03-04,75.80573272705078
2021-03-05,78.59027099609375
2021-03-08,77.2163314819336
2021-03-09,74.74320983886719
2021-03-10,73.90966796875
2021-03-11,73.77228546142578
2021-03-12,73.93714141845703
2021-03-15,75.79656982421875
2021-03-16,73.55244445800781
2021-03-17,73.97379302978516
2021-03-18,73.20438385009766
2021-03-19,73.49746704101562
2021-03-22,72.5906753540039
2021-03-23,71.44568634033203
2021-03-24,71.43653869628906
2021-03-25,73.0944595336914
2021-03-26,73.8638687133789
2021-03-29,72.53571319580078
2021-03-30,72.28839874267578
2021-03-31,70.96940612792969
2021-04-01,71.51897430419922
2021-04-05,73.82723999023438
2021-04-06,74.1203384399414
2021-04-07,71.43653869628906
2021-04-08,71.09764099121094
2021-04-09,70.90528869628906
2021-04-12,72.07774353027344
2021-04-13,71.17091369628906
2021-04-14,71.00604248046875
2021-04-15,72.1143569946289
2021-04-16,73.83638000488281
2021-04-19,73.03032684326172
2021-04-20,72.50823211669922
2021-04-21,74.07455444335938
2021-04-22,73.38758850097656
2021-04-23,74.50503540039062
2021-04-26,74.75238037109375
2021-04-27,73.6989974975586
2021-04-28,72.98455810546875
2021-04-29,73.81807708740234
2021-04-30,73.73564147949219
2021-05-03,74.4592514038086
2021-05-04,72.23344421386719
2021-05-05,72.03193664550781
2021-05-06,71.70579528808594
2021-05-07,72.55099487304688
2021-05-10,72.4866943359375
2021-05-11,71.78846740722656
2021-05-12,70.51143646240234
2021-05-13,72.02733612060547
2021-05-14,72.3856201171875
2021-05-17,71.36585998535156
2021-05-18,71.18212127685547
2021-05-19,70.86974334716797
2021-05-20,71.25563049316406
2021-05-21,73.71775817871094
2021-05-24,73.89234161376953
2021-05-25,73.72695922851562
2021-05-26,74.12200927734375
2021-05-27,73.72695922851562
2021-05-28,75.78488159179688
2021-06-01,77.1353988647461
2021-06-02,77.3007583618164
2021-06-03,76.80464935302734
2021-06-04,77.17213439941406
2021-06-07,76.98838806152344
2021-06-08,76.80464935302734
2021-06-09,75.79405212402344
2021-06-10,75.39903259277344
2021-06-11,76.90569305419922
2021-06-14,76.64848327636719
2021-06-15,75.88594055175781
2021-06-16,74.76509857177734
2021-06-17,73.06548309326172
2021-06-18,71.61390686035156
2021-06-21,73.18492126464844
2021-06-22,73.3227310180664
2021-06-23,72.52342987060547
2021-06-24,73.52484893798828
2021-06-25,74.12200927734375
2021-06-28,73.38703918457031
2021-06-29,72.83580017089844
2021-06-30,74.1036376953125
2021-07-01,74.2138671875
2021-07-02,73.74532318115234
2021-07-06,73.30435180664062
2021-07-07,73.4329605102539
2021-07-08,73.12980651855469
2021-07-09,74.25062561035156
2021-07-12,73.2216567993164
2021-07-13,71.62309265136719
2021-07-14,71.65982818603516
2021-07-15,72.25700378417969
2021-07-16,71.33830261230469
2021-07-19,68.07687377929688
2021-07-20,69.80403137207031
2021-07-21,69.54681396484375
2021-07-22,68.51782989501953
2021-07-23,69.36305236816406
2021-07-26,69.89592742919922
2021-07-27,60.44233322143555
2021-07-28,61.388607025146484
2021-07-29,61.78366470336914
2021-07-30,61.3426628112793
2021-08-02,61.875518798828125
2021-08-03,61.24161911010742
2021-08-04,60.07483673095703
2021-08-05,59.175865173339844
2021-08-06,60.00570297241211
2021-08-09,59.378719329833984
2021-08-10,60.39293670654297
2021-08-11,60.94614791870117
2021-08-12,60.494361877441406
2021-08-13,61.30574417114258
2021-08-16,61.268863677978516
2021-08-17,60.890838623046875
2021-08-18,60.99224853515625
2021-08-19,60.605003356933594
2021-08-20,60.00570297241211
2021-08-23,60.97381591796875
2021-08-24,61.434818267822266
2021-08-25,60.93692398071289
2021-08-26,59.480133056640625
2021-08-27,60.44826126098633
2021-08-30,59.33259963989258
2021-08-31,60.07024383544922
2021-09-01,60.46670913696289
2021-09-02,59.47090530395508
2021-09-03,58.622642517089844
2021-09-07,57.313358306884766
2021-09-08,57.1381721496582
2021-09-09,56.474308013916016
2021-09-10,55.77356719970703
2021-09-13,56.66794204711914
2021-09-14,56.13315963745117
2021-09-15,56.27146530151367
2021-09-16,57.04597854614258
2021-09-17,56.76936721801758
2021-09-20,56.72325897216797
2021-09-21,56.4835205078125
2021-09-22,56.26224899291992
2021-09-23,55.662933349609375
2021-09-24,56.050174713134766
2021-09-27,56.73248291015625
2021-09-28,56.511192321777344
2021-09-29,56.806243896484375
2021-09-30,56.584957122802734
2021-10-01,57.9034538269043
2021-10-04,58.02332305908203
2021-10-05,57.58074951171875
2021-10-06,57.47932434082031
2021-10-07,53.66212463378906
2021-10-08,51.99325180053711
2021-10-11,50.896034240722656
2021-10-12,50.794612884521484
2021-10-13,51.61521911621094
2021-10-14,53.440834045410156
2021-10-15,51.854942321777344
2021-10-18,51.17264175415039
2021-10-19,51.58755874633789
2021-10-20,52.99825668334961
2021-10-21,52.7769775390625
2021-10-22,54.48272705078125
2021-10-25,53.846527099609375
2021-10-26,53.791202545166016
2021-10-27,52.97060775756836
2021-10-28,53.00748062133789
2021-10-29,52.04857635498047
2021-11-01,53.072021484375
2021-11-02,52.29753112792969
2021-11-03,53.29330825805664
2021-11-04,51.98331832885742
2021-11-05,53.381263732910156
2021-11-08,53.81639099121094
2021-11-09,54.41814041137695
2021-11-10,54.233001708984375
2021-11-11,53.53864669799805
2021-11-12,52.316593170166016
2021-11-15,53.87192916870117
2021-11-16,53.43681335449219
2021-11-17,54.34408950805664
2021-11-18,52.67765808105469
2021-11-19,52.18698501586914
2021-11-22,53.094261169433594
2021-11-23,52.8720703125
2021-11-24,51.816673278808594
2021-11-26,48.835609436035156
2021-11-29,49.335540771484375
2021-11-30,48.06720733642578
2021-12-01,46.51187515258789
2021-12-02,49.12260818481445
2021-12-03,49.974342346191406
2021-12-06,50.77052688598633
2021-12-07,52.233272552490234
2021-12-08,52.816532135009766
2021-12-09,52.50176239013672
2021-12-10,52.816532135009766
2021-12-13,52.557308197021484
2021-12-14,52.66839599609375
2021-12-15,52.94614028930664
2021-12-16,52.97391891479492
2021-12-17,53.733062744140625
2021-12-20,54.66810989379883
2021-12-21,56.64005661010742
2021-12-22,56.4271240234375
2021-12-23,57.167755126953125
2021-12-27,57.167755126953125
2021-12-28,57.602874755859375
2021-12-29,58.010231018066406
2021-12-30,58.343509674072266
2021-12-31,58.67679977416992
2022-01-03,59.17672348022461
2022-01-04,58.60273361206055
2022-01-05,58.43609619140625
2022-01-06,62.78732681274414
2022-01-07,65.02774810791016
2022-01-10,63.45389938354492
2022-01-11,64.18526458740234
2022-01-12,63.722381591796875
2022-01-13,63.91680145263672
2022-01-14,63.81495666503906
2022-01-18,62.69475173950195
2022-01-19,62.055946350097656
2022-01-20,60.48210525512695
2022-01-21,60.00068664550781
2022-01-24,60.0469856262207
2022-01-25,59.250797271728516
2022-01-26,58.9915657043457
2022-01-27,58.871219635009766
2022-01-28,59.2878303527832
2022-01-31,59.44521713256836
2022-02-01,59.797000885009766
2022-02-02,59.51927185058594
2022-02-03,59.4495735168457
2022-02-04,58.31578826904297
2022-02-07,59.728370666503906
2022-02-08,60.13728332519531
2022-02-09,61.87515640258789
2022-02-10,61.54057693481445
2022-02-11,61.5684700012207
2022-02-14,60.759925842285156
2022-02-15,62.07030487060547
2022-02-16,62.386268615722656
2022-02-17,61.456932067871094
2022-02-18,61.80079650878906
2022-02-22,61.96806716918945
2022-02-23,61.475528717041016
2022-02-24,60.0164680480957
2022-02-25,63.046104431152344
2022-02-28,61.7357292175293
2022-03-01,59.2451286315918
2022-03-02,59.012786865234375
2022-03-03,56.77307891845703
2022-03-04,53.9200325012207
2022-03-07,48.929500579833984
2022-03-08,48.102394104003906
2022-03-09,49.55215072631836
2022-03-10,47.702781677246094
2022-03-11,46.56898498535156
2022-03-14,46.429595947265625
2022-03-15,46.996482849121094
2022-03-16,49.3291130065918
2022-03-17,49.710140228271484
2022-03-18,50.72312545776367
2022-03-21,50.63947677612305
2022-03-22,51.782562255859375
2022-03-23,50.92756652832031
2022-03-24,51.81972885131836
2022-03-25,53.17656326293945
2022-03-28,53.910736083984375
2022-03-29,55.416263580322266
2022-03-30,55.49989700317383
2022-03-31,55.676475524902344
2022-04-01,56.87531661987305
2022-04-04,56.40134811401367
2022-04-05,56.029624938964844
2022-04-06,56.16901779174805
2022-04-07,60.64842224121094
2022-04-08,61.64281463623047
2022-04-11,61.2989501953125
2022-04-12,61.5777473449707
2022-04-13,62.5628547668457
2022-04-14,63.854637145996094
2022-04-18,62.41415786743164
2022-04-19,63.25983810424805
2022-04-20,64.26353454589844
2022-04-21,63.80815505981445
2022-04-22,63.38066864013672
2022-04-25,64.25423431396484
2022-04-26,61.68927001953125
2022-04-27,62.116764068603516
2022-04-28,62.97175979614258
2022-04-29,61.42905044555664
2022-05-02,61.21531295776367
2022-05-03,61.382606506347656
2022-05-04,61.2338981628418
2022-05-05,59.16773223876953
2022-05-06,58.90654754638672
2022-05-09,58.50544738769531
2022-05-10,58.22560501098633
2022-05-11,57.218170166015625
2022-05-12,57.31145477294922
2022-05-13,59.26102066040039
2022-05-16,59.251686096191406
2022-05-17,60.119197845458984
2022-05-18,58.20695114135742
2022-05-19,58.22560501098633
2022-05-20,58.92520523071289
2022-05-23,59.68077850341797
2022-05-24,59.44757843017578
2022-05-25,59.35429763793945
2022-05-26,61.35982894897461
2022-05-27,63.42131423950195
2022-05-31,63.03889465332031
2022-06-01,62.09675598144531
2022-06-02,63.53325653076172
2022-06-03,63.58922576904297
2022-06-06,64.34480285644531
2022-06-07,64.41009521484375
2022-06-08,63.6824951171875
2022-06-09,62.88963317871094
2022-06-10,62.106082916259766
2022-06-13,60.77216720581055
2022-06-14,59.83935546875
2022-06-15,60.744171142578125
2022-06-16,59.428932189941406
2022-06-17,61.06132888793945
2022-06-21,62.581790924072266
2022-06-22,63.6358642578125
2022-06-23,64.54999542236328
2022-06-24,67.07793426513672
2022-06-27,67.78682708740234
2022-06-28,66.89136505126953
2022-06-29,67.18986511230469
2022-06-30,66.65814971923828
2022-07-01,66.84471893310547
2022-07-05,68.46778869628906
2022-07-06,68.58904266357422
2022-07-07,69.75504302978516
2022-07-08,69.90431213378906
2022-07-11,69.61514282226562
2022-07-12,69.18604278564453
2022-07-13,68.26256561279297
2022-07-14,68.98082733154297
2022-07-15,68.65434265136719
2022-07-18,68.23458862304688
2022-07-19,69.6524429321289
2022-07-20,69.59648895263672
2022-07-21,70.1188735961914
2022-07-22,69.91361999511719
2022-07-25,69.8296890258789
2022-07-26,70.10020446777344
2022-07-27,71.95647430419922
2022-07-28,74.76421356201172
2022-07-29,74.3071517944336
2022-08-01,75.1839828491211
2022-08-02,75.89289855957031
2022-08-03,76.25669860839844
2022-08-04,75.43803405761719
2022-08-05,76.02745819091797
2022-08-08,74.84861755371094
2022-08-09,74.28724670410156
2022-08-10,75.4567642211914
2022-08-11,75.13865661621094
2022-08-12,76.41107940673828
2022-08-15,77.88935089111328
2022-08-16,77.3279800415039
2022-08-17,76.90694427490234
2022-08-18,76.78532409667969
2022-08-19,76.66368103027344
2022-08-22,76.02745819091797
2022-08-23,76.33621978759766
2022-08-24,77.09407043457031
2022-08-25,77.26248168945312
2022-08-26,75.5222396850586
2022-08-29,75.24154663085938
2022-08-30,74.64279174804688
2022-08-31,74.40888977050781
2022-09-01,74.39952850341797
2022-09-02,73.19259643554688
2022-09-06,72.96804809570312
2022-09-07,74.9515151977539
2022-09-08,74.33404541015625
2022-09-09,74.38081359863281
2022-09-12,74.90475463867188
2022-09-13,72.18212127685547
2022-09-14,70.87228393554688
2022-09-15,72.62187957763672
2022-09-16,71.630126953125
2022-09-19,73.00546264648438
2022-09-20,72.56572723388672
2022-09-21,72.9212646484375
2022-09-22,72.81834411621094
2022-09-23,72.55636596679688
2022-09-26,72.66865539550781
2022-09-27,72.20084381103516
2022-09-28,73.91300201416016
2022-09-29,73.05223846435547
2022-09-30,72.39730834960938
2022-10-03,71.69561004638672
2022-10-04,73.77265930175781
2022-10-05,76.86017608642578
2022-10-06,77.40281677246094
2022-10-07,77.4589614868164
2022-10-10,77.58995056152344
2022-10-11,76.11166381835938
2022-10-12,77.54315948486328
2022-10-13,79.38629150390625
2022-10-14,78.58167266845703
2022-10-17,79.10562133789062
2022-10-18,79.78861999511719
2022-10-19,78.46939849853516
2022-10-20,77.3560562133789
2022-10-21,76.45785522460938
2022-10-24,77.40281677246094
2022-10-25,79.18046569824219
2022-10-26,78.6097412109375
2022-10-27,79.38629150390625
2022-10-28,79.96638488769531
2022-10-31,80.6680908203125
2022-11-01,80.63066864013672
2022-11-02,80.62130737304688
2022-11-03,79.6220474243164
2022-11-04,80.18501281738281
2022-11-07,79.81908416748047
2022-11-08,79.92227935791016
2022-11-09,78.1114273071289
2022-11-10,79.40625
2022-11-11,76.78843688964844
2022-11-14,75.16522979736328
2022-11-15,76.27239227294922
2022-11-16,77.60475158691406
2022-11-17,77.70796966552734
2022-11-18,78.83389282226562
2022-11-21,80.85118865966797
2022-11-22,80.86056518554688
2022-11-23,81.0669937133789
2022-11-25,80.83243560791016
2022-11-28,80.19440460205078
2022-11-29,79.8003158569336
2022-11-30,81.53612518310547
2022-12-01,81.17020416259766
2022-12-02,82.31489562988281
2022-12-05,82.26797485351562
2022-12-06,80.9637680053711
2022-12-07,81.69563293457031
2022-12-08,81.16081237792969
2022-12-09,80.29759979248047
2022-12-12,80.70106506347656
2022-12-13,80.82304382324219
2022-12-14,81.70500946044922
2022-12-15,80.83243560791016
2022-12-16,81.62055969238281
2022-12-19,81.7331771850586
2022-12-20,82.31489562988281
2022-12-21,83.17811584472656
2022-12-22,83.1124267578125
2022-12-23,84.09761047363281
2022-12-27,84.45417022705078
2022-12-28,83.44082641601562
2022-12-29,83.4502182006836
2022-12-30,83.84428405761719
2023-01-03,81.8645248413086
2023-01-04,82.08031463623047
2023-01-05,90.10257720947266
2023-01-06,93.46160888671875
2023-01-09,92.57025909423828
2023-01-10,91.9979019165039
2023-01-11,91.2378921508789
2023-01-12,91.06900787353516
2023-01-13,92.10110473632812
2023-01-17,93.8181381225586
2023-01-18,91.0971450805664
2023-01-19,89.73665618896484
2023-01-20,90.59986877441406
2023-01-23,90.1964111328125
2023-01-24,90.99394226074219
2023-01-25,91.72579956054688
2023-01-26,92.6546859741211
2023-01-27,92.24185180664062
2023-01-30,92.46703338623047
2023-01-31,93.72432708740234
2023-02-01,93.45222473144531
2023-02-02,91.34455871582031
2023-02-03,92.3231201171875
2023-02-06,93.2828598022461
2023-02-07,93.20758819580078
2023-02-08,93.1417236328125
2023-02-09,92.3231201171875
2023-02-10,93.40518188476562
2023-02-13,93.70626831054688
2023-02-14,93.40518188476562
2023-02-15,94.19554901123047
2023-02-16,94.10144805908203
2023-02-17,94.54369354248047
2023-02-21,94.40254974365234
2023-02-22,95.31525421142578
2023-02-23,94.40254974365234
2023-02-24,94.07322692871094
2023-02-27,95.06120300292969
2023-02-28,94.6942367553711
2023-03-01,94.9294662475586
2023-03-02,96.25615692138672
2023-03-03,95.95508575439453
2023-03-06,95.96448516845703
2023-03-07,95.00475311279297
2023-03-08,94.02619934082031
2023-03-09,93.33930969238281
2023-03-10,91.86207580566406
2023-03-13,90.62005615234375
2023-03-14,92.79358673095703
2023-03-15,92.20079803466797
2023-03-16,92.48307037353516
2023-03-17,91.56097412109375
2023-03-20,93.22640991210938
2023-03-21,93.7627182006836
2023-03-22,93.81918334960938
2023-03-23,92.94412994384766
2023-03-24,94.27082824707031
2023-03-27,95.67279052734375
2023-03-28,95.67279052734375
2023-03-29,96.51020812988281
2023-03-30,96.78307342529297
2023-03-31,98.34502410888672
2023-04-03,98.06273651123047
2023-04-04,97.46054077148438
2023-04-05,98.01568603515625
2023-04-06,100.54676055908203
2023-04-10,100.95137023925781
2023-04-11,101.65704345703125
2023-04-12,101.77935791015625
2023-04-13,103.00257873535156
2023-04-14,102.28746032714844
2023-04-17,103.00257873535156
2023-04-18,103.17193603515625
2023-04-19,102.51327514648438
2023-04-20,103.6706314086914
2023-04-21,103.83056640625
2023-04-24,103.34130859375
2023-04-25,103.30365753173828
2023-04-26,103.73648071289062
2023-04-27,105.0067367553711
2023-04-28,105.20431518554688
2023-05-01,105.56188201904297
2023-05-02,104.83735656738281
2023-05-03,104.9690933227539
2023-05-04,104.85589599609375
2023-05-05,105.733154296875
2023-05-08,105.79918670654297
2023-05-09,105.81804656982422
2023-05-10,105.28981018066406
2023-05-11,106.64813995361328
2023-05-12,107.7989501953125
2023-05-15,107.43106842041016
2023-05-16,107.19525146484375
2023-05-17,107.17637634277344
2023-05-18,107.38390350341797
2023-05-19,107.98761749267578
2023-05-22,105.41242980957031
2023-05-23,103.63905334472656
2023-05-24,103.11080932617188
2023-05-25,102.76179504394531
2023-05-26,103.24285125732422
2023-05-30,103.08251190185547
2023-05-31,104.89362335205078
2023-06-01,105.71428680419922
2023-06-02,106.84622955322266
2023-06-05,107.97818756103516
2023-06-06,107.05376434326172
2023-06-07,105.46903228759766
2023-06-08,106.96885681152344
2023-06-09,107.17637634277344
2023-06-12,107.03490447998047
2023-06-13,108.52528381347656
2023-06-14,108.4781265258789
2023-06-15,108.23285675048828
2023-06-16,107.85553741455078
2023-06-20,106.87452697753906
2023-06-21,106.9311294555664
2023-06-22,108.4781265258789
2023-06-23,108.18570709228516
2023-06-26,108.15740966796875
2023-06-27,107.81781768798828
2023-06-28,106.69530487060547
2023-06-29,107.43106842041016
2023-06-30,108.43093872070312
2023-07-03,108.59131622314453
2023-07-05,107.81781768798828
2023-07-06,107.92158508300781
2023-07-07,106.23308563232422
2023-07-10,105.8746337890625
2023-07-11,104.24275207519531
2023-07-12,106.01612854003906
2023-07-13,105.67656707763672
2023-07-14,106.31798553466797
2023-07-17,106.59153747558594
2023-07-18,105.68598937988281
2023-07-19,105.99727630615234
2023-07-20,106.85566711425781
2023-07-21,106.55381774902344
2023-07-24,106.29911804199219
2023-07-25,99.04524993896484
2023-07-26,95.98899841308594
2023-07-27,96.4040298461914
2023-07-28,96.29084777832031
2023-07-31,97.7529296875
2023-08-01,97.31900024414062
2023-08-02,96.60211944580078
2023-08-03,96.67781066894531
2023-08-04,96.42240905761719
2023-08-07,97.51962280273438
2023-08-08,94.98467254638672
2023-08-09,93.95368957519531
2023-08-10,92.68620300292969
2023-08-11,91.54170227050781
2023-08-14,91.93897247314453
2023-08-15,90.7944564819336
2023-08-16,89.51751708984375
2023-08-17,88.24059295654297
2023-08-18,89.62157440185547
2023-08-21,89.37564849853516
2023-08-22,91.05929565429688
2023-08-23,91.41874694824219
2023-08-24,90.52960968017578
2023-08-25,91.13497161865234
2023-08-28,91.19172668457031
2023-08-29,91.46601867675781
2023-08-30,92.31731414794922
2023-08-31,92.1375961303711
2023-09-01,92.01463317871094
2023-09-05,91.61737060546875
2023-09-06,91.49440002441406
2023-09-07,93.05509185791016
2023-09-08,93.07402038574219
2023-09-11,93.56585693359375
2023-09-12,92.33623504638672
2023-09-13,93.72666931152344
2023-09-14,94.40769958496094
2023-09-15,94.1996078491211
2023-09-18,93.73612213134766
2023-09-19,91.97679901123047
2023-09-20,92.81861877441406
2023-09-21,90.54852294921875
2023-09-22,88.95945739746094
2023-09-25,89.0162124633789
2023-09-26,87.35148620605469
2023-09-27,86.43396759033203
2023-09-28,87.20012664794922
2023-09-29,87.45552062988281
2023-10-02,87.23797607421875
2023-10-03,84.75978088378906
2023-10-04,85.59214782714844
2023-10-05,92.4592056274414
2023-10-06,88.41085815429688
2023-10-09,87.68253326416016
2023-10-10,91.15390014648438
2023-10-11,86.86907196044922
2023-10-12,79.54801940917969
2023-10-13,78.67780303955078
2023-10-16,80.05879211425781
2023-10-17,82.20592498779297
2023-10-18,81.84649658203125
2023-10-19,82.75453186035156
2023-10-20,82.76397705078125
2023-10-23,82.45183563232422
2023-10-24,83.98416137695312
2023-10-25,84.00308227539062
2023-10-26,83.97470092773438
2023-10-27,84.06929779052734
2023-10-30,84.67464447021484
2023-10-31,84.93949127197266
2023-11-01,86.03670501708984
2023-11-02,88.91156005859375
2023-11-03,89.2720947265625
2023-11-06,89.35748291015625
2023-11-07,88.63640594482422
2023-11-08,89.53776550292969
2023-11-09,89.52828979492188
2023-11-10,89.25312805175781
2023-11-13,91.19815826416016
2023-11-14,90.9704360961914
2023-11-15,89.97420501708984
2023-11-16,90.79966735839844
2023-11-17,90.89453887939453
2023-11-20,92.34619140625
2023-11-21,93.11471557617188
2023-11-22,93.8263168334961
2023-11-24,94.12992858886719
2023-11-27,94.57586669921875
2023-11-28,93.39935302734375
2023-11-29,92.53594970703125
2023-11-30,94.9079360961914
2023-12-01,95.75235748291016
2023-12-04,97.2135009765625
2023-12-05,95.46773529052734
2023-12-06,95.82827758789062
2023-12-07,95.82827758789062
2023-12-08,95.79032897949219
2023-12-11,97.3558349609375
2023-12-12,98.23821258544922
2023-12-13,100.63866424560547
2023-12-14,99.02571868896484
2023-12-15,98.98775482177734
2023-12-18,101.75823974609375
2023-12-19,100.49634552001953
2023-12-20,98.11488342285156
2023-12-21,98.63671875
2023-12-22,99.33881378173828
2023-12-26,101.05614471435547
2023-12-27,102.00492095947266
2023-12-28,102.59317016601562
2023-12-29,102.55522918701172
2024-01-02,101.10356903076172
2024-01-03,99.55703735351562
2024-01-04,99.87014770507812
2024-01-05,100.59121704101562
2024-01-08,101.881591796875
2024-01-09,101.91004180908203
2024-01-10,101.69183349609375
2024-01-11,101.68233489990234
2024-01-12,101.66336822509766
2024-01-16,102.77345275878906
2024-01-17,104.3579330444336
2024-01-18,104.12073516845703
2024-01-19,103.6463394165039
2024-01-22,104.08279418945312
2024-01-23,103.94995880126953
2024-01-24,100.42992401123047
2024-01-25,99.66140747070312
2024-01-26,98.85493469238281
2024-01-29,99.55703735351562
2024-01-30,98.20974731445312
2024-01-31,97.19453430175781
2024-02-01,100.39373779296875
2024-02-02,101.02214813232422
2024-02-05,99.14642333984375
2024-02-06,96.22335052490234
2024-02-07,95.39498901367188
2024-02-08,96.05196380615234
2024-02-09,96.0043716430664
2024-02-12,96.29952239990234
2024-02-13,98.64179229736328
2024-02-14,97.92768859863281
2024-02-15,98.56562042236328
2024-02-16,96.3852310180664
2024-02-20,97.27071380615234
2024-02-21,96.96602630615234
2024-02-22,98.79413604736328
2024-02-23,97.75629425048828
2024-02-26,97.16596984863281
2024-02-27,95.99482727050781
2024-02-28,96.1471939086914
2024-02-29,97.31830596923828
2024-03-01,97.16596984863281
2024-03-04,97.34687805175781
2024-03-05,98.21332550048828
2024-03-06,97.53730010986328
2024-03-07,94.95700073242188
2024-03-08,96.34712982177734
2024-03-11,97.30878448486328
2024-03-12,98.16571807861328
2024-03-13,98.01337432861328
2024-03-14,96.48043060302734
2024-03-15,97.17548370361328
2024-03-18,97.93720245361328
2024-03-19,98.82270050048828
2024-03-20,98.24188995361328
2024-03-21,97.82294464111328
2024-03-22,98.23237609863281
2024-03-25,97.73725128173828
2024-03-26,100.54607391357422
2024-03-27,101.21257781982422
2024-03-28,101.43156433105469
2024-04-01,99.95574951171875
2024-04-02,98.84175109863281
2024-04-03,96.28048706054688
2024-04-04,77.62803649902344
2024-04-05,75.9617919921875
2024-04-08,74.0765609741211
2024-04-09,76.59021759033203
2024-04-10,76.0379638671875
2024-04-11,77.46617126464844
2024-04-12,75.95227813720703
2024-04-15,76.1236572265625
2024-04-16,78.13268280029297
2024-04-17,76.51403045654297
2024-04-18,76.44738006591797
2024-04-19,77.12339782714844
2024-04-22,78.18981170654297
2024-04-23,79.7132339477539
2024-04-24,80.47493743896484
2024-04-25,79.50375366210938
2024-04-26,79.8370132446289
2024-04-29,80.61775970458984
2024-04-30,79.35140991210938
2024-05-01,78.28501892089844
2024-05-02,80.79060363769531
2024-05-03,81.3644027709961
2024-05-06,80.72366333007812
2024-05-07,81.3835220336914
2024-05-08,79.52824401855469
2024-05-09,80.16898345947266
2024-05-10,81.44090270996094
2024-05-13,81.3835220336914
2024-05-14,81.84255981445312
2024-05-15,82.31116485595703
2024-05-16,83.16229248046875
2024-05-17,82.98058319091797
2024-05-20,82.88495635986328
2024-05-21,83.42050170898438
2024-05-22,84.89324188232422
2024-05-23,83.9082260131836
2024-05-24,85.31402587890625
2024-05-28,84.5394058227539
2024-05-29,81.63215637207031
2024-05-30,81.890380859375
2024-05-31,84.4342041015625
2024-06-03,83.53527069091797
2024-06-04,82.46417999267578
2024-06-05,81.58434295654297
2024-06-06,82.29203033447266
2024-06-07,82.09119415283203
2024-06-10,81.7564926147461
2024-06-11,83.12403106689453
2024-06-12,82.66500091552734
2024-06-13,82.40679168701172
2024-06-14,82.97101593017578
2024-06-17,83.30575561523438
2024-06-18,80.98186492919922
2024-06-20,78.88750457763672
2024-06-21,81.14444732666016
2024-06-24,81.24007415771484
2024-06-25,81.44090270996094
2024-06-26,80.39849853515625
2024-06-27,79.80558776855469
2024-06-28,80.4080581665039
2024-07-01,79.12659454345703
2024-07-02,79.12659454345703
2024-07-03,79.06920623779297
2024-07-05,78.80143737792969
2024-07-08,76.96529388427734
2024-07-09,73.50337219238281
2024-07-10,74.56489562988281
2024-07-11,75.48297882080078
2024-07-12,75.50210571289062
2024-07-15,73.54163360595703
2024-07-16,74.50752258300781
2024-07-17,75.54993438720703
2024-07-18,75.61685943603516
2024-07-19,74.09630584716797
2024-07-22,75.88462829589844
2024-07-23,75.1865234375
2024-07-24,53.956031799316406
2024-07-25,50.694950103759766
2024-07-26,54.23336410522461
2024-07-29,53.774330139160156
2024-07-30,56.9206428527832
2024-07-31,57.398807525634766
2024-08-01,56.719825744628906
2024-08-02,54.785858154296875
2024-08-05,54.247047424316406
2024-08-06,55.2092170715332
2024-08-07,55.9019775390625
2024-08-08,56.97960662841797
2024-08-09,57.86479568481445
2024-08-12,56.104034423828125
2024-08-13,56.893009185791016
2024-08-14,56.893009185791016
2024-08-15,58.77886199951172
2024-08-16,58.62491226196289
2024-08-19,60.549251556396484
2024-08-20,59.510108947753906
2024-08-21,59.846866607666016
2024-08-22,60.048919677734375
2024-08-23,60.31832504272461
2024-08-26,59.88535690307617
2024-08-27,59.88535690307617
2024-08-28,58.81734848022461
2024-08-29,58.98091506958008
2024-08-30,59.577457427978516
2024-09-03,59.38502883911133
2024-09-04,59.34653854370117
2024-09-05,59.741031646728516
2024-09-06,60.635841369628906
2024-09-09,60.78016662597656
2024-09-10,60.29907989501953
2024-09-11,60.2028694152832
2024-09-12,61.45368576049805
2024-09-13,61.742332458496094
2024-09-16,62.31001281738281
2024-09-17,63.20484161376953
2024-09-18,63.28180694580078
2024-09-19,63.12786102294922
2024-09-20,62.964298248291016
2024-09-23,62.44472122192383
2024-09-24,62.38698196411133
2024-09-25,62.47358703613281
2024-09-26,63.98418426513672
2024-09-27,64.27284240722656
2024-09-30,62.290767669677734
2024-10-01,62.454345703125
2024-10-02,64.06116485595703
2024-10-03,65.70646667480469
2024-10-04,66.24528503417969
2024-10-07,66.61091613769531
2024-10-08,68.41979217529297
2024-10-09,68.26583862304688
2024-10-10,68.28507995605469
2024-10-11,68.65071105957031
2024-10-14,69.56477355957031
2024-10-15,68.61222076416016
2024-10-16,67.11124420166016
2024-10-17,68.3139419555664
2024-10-18,75.26079559326172
2024-10-21,74.38522338867188
2024-10-22,74.33712768554688
2024-10-23,74.23128509521484
2024-10-24,74.45257568359375
2024-10-25,74.0099868774414
2024-10-28,74.71236419677734
2024-10-29,74.48145294189453
2024-10-30,74.32749938964844
2024-10-31,74.7508544921875
2024-11-01,74.51885223388672
2024-11-04,74.87651824951172
2024-11-05,76.52947998046875
2024-11-06,77.32213592529297
2024-11-07,77.6218032836914
2024-11-08,78.49176788330078
2024-11-11,78.28878021240234
2024-11-12,77.71846008300781
2024-11-13,77.39946746826172
2024-11-14,77.7281265258789
2024-11-15,72.95288848876953
2024-11-18,74.25785827636719
2024-11-19,72.56622314453125
2024-11-20,73.57154083251953
2024-11-21,74.19019317626953
2024-11-22,74.35452270507812
2024-11-25,74.21919250488281
2024-11-26,74.26753234863281
2024-11-27,74.15153503417969
2024-11-29,74.66385650634766
2024-12-02,75.7271499633789
2024-12-03,76.761474609375
2024-12-04,75.35018157958984
2024-12-05,75.09884643554688
2024-12-06,74.94418334960938
2024-12-09,75.40816497802734
2024-12-10,73.27188110351562
2024-12-11,72.45989990234375
2024-12-12,71.7542495727539
2024-12-13,76.62614440917969
2024-12-16,79.46808624267578
2024-12-17,79.57442474365234
2024-12-18,75.61116790771484
2024-12-19,60.41546630859375
2024-12-20,60.019142150878906
2024-12-23,61.768775939941406
2024-12-24,61.56577682495117
2024-12-26,63.102745056152344
2024-12-27,64.76538848876953
2024-12-30,62.80309295654297
2024-12-31,64.60105895996094
2025-01-02,63.837398529052734
2025-01-03,63.34440994262695
2025-01-06,60.94712829589844
2025-01-07,59.6228141784668
2025-01-08,58.859161376953125
2025-01-10,58.70450210571289
2025-01-13,58.820499420166016
2025-01-14,57.824851989746094
2025-01-15,57.05154037475586
2025-01-16,57.09986877441406
2025-01-17,58.07618713378906
2025-01-21,60.60879898071289
2025-01-22,58.8398323059082
2025-01-23,58.49183654785156
2025-01-24,58.56916809082031
2025-01-27,60.31880187988281
2025-01-28,58.31784439086914
2025-01-29,59.4584846496582
2025-01-30,59.574485778808594
2025-01-31,58.29080581665039
2025-02-03,58.63117218017578
2025-02-04,57.52254104614258
2025-02-05,57.425289154052734
2025-02-06,57.82400894165039
2025-02-07,57.28913879394531
2025-02-10,56.88070297241211
2025-02-11,57.11408996582031
2025-02-12,54.96490478515625
2025-02-13,55.69426345825195
2025-02-14,56.851524353027344
2025-02-18,56.10271072387695
2025-02-19,55.597015380859375
2025-02-20,55.246925354003906
2025-02-21,54.264713287353516
2025-02-24,50.851287841796875
2025-02-25,50.3455924987793
2025-02-26,50.48174285888672
2025-02-27,50.06357192993164
2025-02-28,50.442840576171875
2025-03-03,48.64374542236328
2025-03-04,48.53676986694336
2025-03-05,50.044124603271484
2025-03-06,50.27751922607422
2025-03-07,51.55147171020508
2025-03-10,51.02633285522461
2025-03-11,50.11219787597656
2025-03-12,49.898250579833984
2025-03-13,47.311439514160156
2025-03-14,49.548152923583984
2025-03-17,52.125240325927734
2025-03-18,51.425052642822266
2025-03-19,51.230552673339844
2025-03-20,51.29863357543945
2025-03-21,51.61955261230469
2025-03-24,52.446163177490234
2025-03-25,51.55147171020508
2025-03-26,52.23221969604492
2025-03-27,52.4169921875
2025-03-28,52.523963928222656
2025-03-31,51.83349609375
2025-04-01,51.843223571777344
2025-04-02,52.66011428833008
2025-04-03,57.93098068237305
2025-04-04,57.37666320800781
2025-04-07,54.98435592651367
2025-04-08,51.03605651855469
2025-04-09,53.739566802978516
2025-04-10,52.42671585083008
2025-04-11,53.23387908935547
2025-04-14,54.43975830078125
2025-04-15,53.12690353393555
2025-04-16,51.93074417114258
2025-04-17,52.086341857910156
2025-04-21,50.092742919921875
2025-04-22,51.02633285522461
2025-04-23,50.997154235839844
2025-04-24,51.15275573730469
2025-04-25,50.51091384887695
2025-04-28,50.326141357421875
2025-04-29,50.74431610107422
2025-04-30,51.35697937011719
2025-05-01,50.676239013671875
2025-05-02,50.44116973876953
2025-05-05,50.23548889160156
2025-05-06,50.157135009765625
2025-05-07,49.794742584228516
2025-05-08,50.40199279785156
2025-05-09,49.78494644165039
2025-05-12,50.186519622802734
2025-05-13,50.157135009765625
2025-05-14,50.353023529052734
2025-05-15,50.72521209716797
2025-05-16,52.742855072021484
2025-05-19,52.44902420043945
2025-05-20,52.8016242980957
2025-05-21,50.353023529052734
2025-05-22,49.97104263305664
2025-05-23,49.5204963684082
2025-05-27,52.09642791748047
2025-05-28,52.2629280090332
2025-05-29,53.124839782714844
2025-05-30,54.63317108154297
2025-06-02,53.712501525878906
2025-06-03,54.52543640136719
2025-06-04,54.084693908691406
2025-06-05,54.104278564453125
2025-06-06,54.53523254394531
2025-06-09,54.52543640136719
2025-06-10,54.486263275146484
2025-06-11,54.623382568359375
2025-06-12,55.122894287109375
2025-06-13,53.67332458496094
2025-06-16,54.15324783325195
2025-06-17,52.84080123901367
2025-06-18,52.12581253051758
2025-06-20,52.4294319152832
2025-06-23,52.97792434692383
2025-06-24,52.6840934753418
2025-06-25,51.92012405395508
2025-06-26,52.09642791748047
2025-06-27,52.30210876464844
2025-06-30,50.783973693847656
2025-07-01,51.29328155517578
2025-07-02,51.675262451171875
2025-07-03,51.39122772216797
2025-07-07,49.92206954956055
2025-07-08,51.26390075683594
2025-07-09,50.20610809326172
2025-07-10,50.323638916015625
2025-07-11,50.26487350463867
2025-07-14,50.02001190185547
2025-07-15,48.766326904296875
2025-07-16,48.972015380859375
2025-07-17,49.451942443847656
2025-07-18,47.99256896972656
2025-07-21,47.05231475830078
2025-07-22,48.15907287597656
2025-07-23,56.01418685913086
2025-07-24,57.404991149902344
2025-07-25,59.60873031616211
2025-07-28,58.0024528503418
2025-07-29,58.237518310546875
2025-07-30,57.493141174316406
2025-07-31,55.89665222167969
2025-08-01,55.19671630859375
2025-08-04,53.865840911865234
2025-08-05,52.40680694580078
2025-08-06,50.721038818359375
2025-08-07,51.38154220581055
2025-08-08,50.819618225097656
2025-08-11,50.91820526123047
2025-08-12,52.219505310058594
2025-08-13,53.954566955566406
2025-08-14,54.05315017700195
2025-08-15,53.382781982421875
2025-08-18,53.53065490722656
2025-08-19,54.3193244934082
2025-08-20,54.40804672241211
2025-08-21,53.88555908203125
2025-08-22,56.18254852294922
2025-08-25,55.18685531616211
2025-08-26,55.61076354980469
2025-08-27,55.85722351074219
2025-08-28,55.45302963256836
2025-08-29,56.71489334106445
2025-09-02,55.748779296875
2025-09-03,55.748779296875
2025-09-04,54.97983169555664
2025-09-05,57.1782341003418
2025-09-08,56.75432586669922
2025-09-09,56.310699462890625
2025-09-10,55.07841491699219
2025-09-11,56.310699462890625
2025-09-12,55.62062072753906
2025-09-15,55.2952995300293
2025-09-16,56.92192077636719
2025-09-17,54.861534118652344
2025-09-18,55.66991424560547
2025-09-19,54.87138748168945
2025-09-22,54.58549880981445
2025-09-23,53.55037307739258
2025-09-24,53.0081672668457
2025-09-25,52.081485748291016
2025-09-26,54.437625885009766
2025-09-29,54.88124465942383
2025-09-30,57.257102966308594
2025-10-01,61.13142013549805
2025-10-02,61.259578704833984
2025-10-03,62.008811950683594
2025-10-06,62.50172805786133
2025-10-07,62.413002014160156
2025-10-08,63.112937927246094
2025-10-09,63.66501235961914
2025-10-10,62.84676742553711
2025-10-13,62.90591812133789
2025-10-14,63.25096130371094
2025-10-15,63.07350540161133
2025-10-16,64.03961944580078
2025-10-17,64.08891296386719
2025-10-20,64.73956298828125
2025-10-21,63.73401641845703
2025-10-22,63.83259582519531
2025-10-23,64.2367935180664
2025-10-24,65.43949890136719
2025-10-27,65.62681579589844
2025-10-28,64.64098358154297
2025-10-29,62.28484344482422
2025-10-30,61.308868408203125
2025-10-31,61.21961212158203
2025-11-03,62.24109649658203
2025-11-04,61.49729537963867
2025-11-05,62.24109649658203
2025-11-06,61.37828826904297
2025-11-07,61.903907775878906
2025-11-10,59.860939025878906
2025-11-11,59.60308837890625
2025-11-12,57.97665023803711
2025-11-13,57.35186004638672
2025-11-14,56.53863525390625
2025-11-17,55.7849235534668
2025-11-18,55.71549987792969
2025-11-19,55.58657455444336
2025-11-20,55.13037872314453
2025-11-21,57.20309829711914
2025-11-24,56.05268859863281
2025-11-25,58.522098541259766
2025-11-26,59.11714172363281
2025-11-28,58.57168960571289
2025-12-01,59.00804901123047
2025-12-02,58.561771392822266
2025-12-03,59.9898681640625
2025-12-04,59.265899658203125
2025-12-05,59.206398010253906
2025-12-08,59.03779983520508
2025-12-09,57.74855041503906
2025-12-10,58.492347717285156
2025-12-11,58.988216400146484
2025-12-12,59.16672897338867
2025-12-15,58.968379974365234
2025-12-16,59.30556869506836
2025-12-17,58.968379974365234
2025-12-18,58.83945846557617
2025-12-19,43.576698303222656
2025-12-22,42.44612503051758
2025-12-23,41.45439529418945
2025-12-24,42.1287727355957
2025-12-26,41.8015022277832
2025-12-29,41.49406433105469
2025-12-30,41.60315704345703
2025-12-31,41.54365158081055
