Date,MCHP
2015-07-01,18.798011779785156
2015-07-02,18.753671646118164
2015-07-06,18.447362899780273
2015-07-07,18.40705680847168
2015-07-08,18.012075424194336
2015-07-09,17.806522369384766
2015-07-10,18.076560974121094
2015-07-13,18.116863250732422
2015-07-14,18.225683212280273
2015-07-15,18.124927520751953
2015-07-16,17.939517974853516
2015-07-17,17.871007919311523
2015-07-20,17.72993278503418
2015-07-21,17.65336036682129
2015-07-22,16.964149475097656
2015-07-23,17.197927474975586
2015-07-24,16.875484466552734
2015-07-27,16.839208602905273
2015-07-28,17.193889617919922
2015-07-29,17.23822593688965
2015-07-30,17.294652938842773
2015-07-31,17.26643943786621
2015-08-03,17.246288299560547
2015-08-04,17.246288299560547
2015-08-05,17.665454864501953
2015-08-06,17.423620223999023
2015-08-07,17.5566349029541
2015-08-10,17.903255462646484
2015-08-11,17.621116638183594
2015-08-12,17.67351531982422
2015-08-13,17.488107681274414
2015-08-14,17.44780921936035
2015-08-17,17.540512084960938
2015-08-18,17.30270767211914
2015-08-19,17.20195198059082
2015-08-20,16.738452911376953
2015-08-21,16.460355758666992
2015-08-24,16.1782169342041
2015-08-25,15.94847583770752
2015-08-26,16.561111450195312
2015-08-27,17.22210693359375
2015-08-28,17.427654266357422
2015-08-31,17.129405975341797
2015-09-01,16.258831024169922
2015-09-02,16.561111450195312
2015-09-03,16.823095321655273
2015-09-04,16.52484130859375
2015-09-08,18.080591201782227
2015-09-09,18.02695655822754
2015-09-10,17.957897186279297
2015-09-11,17.83193588256836
2015-09-14,17.84413719177246
2015-09-15,17.880691528320312
2015-09-16,17.84006690979004
2015-09-17,17.604419708251953
2015-09-18,17.389087677001953
2015-09-21,17.360654830932617
2015-09-22,17.059995651245117
2015-09-23,16.799972534179688
2015-09-24,16.771535873413086
2015-09-25,16.812170028686523
2015-09-28,16.600889205932617
2015-09-29,16.92998504638672
2015-09-30,17.506912231445312
2015-10-01,17.14125633239746
2015-10-02,17.624738693237305
2015-10-05,18.315425872802734
2015-10-06,18.42918586730957
2015-10-07,18.68109130859375
2015-10-08,18.953289031982422
2015-10-09,18.798912048339844
2015-10-12,18.802967071533203
2015-10-13,18.713581085205078
2015-10-14,19.22144317626953
2015-10-15,19.229568481445312
2015-10-16,19.071121215820312
2015-10-19,19.18894386291504
2015-10-20,19.258014678955078
2015-10-21,19.160499572753906
2015-10-22,19.8511905670166
2015-10-23,19.952756881713867
2015-10-26,19.708988189697266
2015-10-27,19.473342895507812
2015-10-28,19.729307174682617
2015-10-29,19.253950119018555
2015-10-30,19.619606018066406
2015-11-02,19.863380432128906
2015-11-03,19.83492660522461
2015-11-04,19.904008865356445
2015-11-05,19.465213775634766
2015-11-06,19.440839767456055
2015-11-09,19.428647994995117
2015-11-10,19.160499572753906
2015-11-11,19.136127471923828
2015-11-12,18.839534759521484
2015-11-13,18.542945861816406
2015-11-16,18.668895721435547
2015-11-17,18.72171401977539
2015-11-18,19.23723793029785
2015-11-19,19.31913948059082
2015-11-20,19.401037216186523
2015-11-23,19.081640243530273
2015-11-24,19.339614868164062
2015-11-25,19.306854248046875
2015-11-27,19.527973175048828
2015-11-30,19.76956558227539
2015-12-01,19.855554580688477
2015-12-02,19.106212615966797
2015-12-03,19.01203727722168
2015-12-04,19.396942138671875
2015-12-07,19.114398956298828
2015-12-08,18.921947479248047
2015-12-09,18.63530921936035
2015-12-10,18.569793701171875
2015-12-11,18.279062271118164
2015-12-14,18.26679039001465
2015-12-15,18.864622116088867
2015-12-16,19.290470123291016
2015-12-17,19.016128540039062
2015-12-18,18.872806549072266
2015-12-21,19.184011459350586
2015-12-22,19.315038681030273
2015-12-23,19.37236976623535
2015-12-24,19.351890563964844
2015-12-28,19.462453842163086
2015-12-29,19.70404624938965
2015-12-30,19.548442840576172
2015-12-31,19.05707550048828
2016-01-04,18.827774047851562
2016-01-05,18.68854331970215
2016-01-06,18.39781951904297
2016-01-07,17.468297958374023
2016-01-08,17.005598068237305
2016-01-11,16.993303298950195
2016-01-12,17.13662338256836
2016-01-13,16.91550636291504
2016-01-14,17.214420318603516
2016-01-15,16.59201431274414
2016-01-19,17.075204849243164
2016-01-20,17.54610252380371
2016-01-21,17.85730743408203
2016-01-22,17.664844512939453
2016-01-25,17.689416885375977
2016-01-26,18.119373321533203
2016-01-27,17.742650985717773
2016-01-28,17.673044204711914
2016-01-29,18.348684310913086
2016-02-01,18.19307518005371
2016-02-02,17.681232452392578
2016-02-03,17.329084396362305
2016-02-04,17.501062393188477
2016-02-05,17.28813362121582
2016-02-08,16.878662109375
2016-02-09,16.895036697387695
2016-02-10,16.489652633666992
2016-02-11,16.235774993896484
2016-02-12,16.546979904174805
2016-02-16,17.046539306640625
2016-02-17,17.468297958374023
2016-02-18,17.335742950439453
2016-02-19,17.496795654296875
2016-02-22,17.785858154296875
2016-02-23,17.451366424560547
2016-02-24,18.037757873535156
2016-02-25,18.09144401550293
2016-02-26,18.533309936523438
2016-02-29,18.372255325317383
2016-03-01,18.6737060546875
2016-03-02,18.888446807861328
2016-03-03,19.045372009277344
2016-03-04,19.33856201171875
2016-03-07,19.706090927124023
2016-03-08,19.27249526977539
2016-03-09,19.619369506835938
2016-03-10,19.45005989074707
2016-03-11,20.0736141204834
2016-03-14,19.863006591796875
2016-03-15,19.8588809967041
2016-03-16,19.834104537963867
2016-03-17,19.999284744262695
2016-03-18,20.28009033203125
2016-03-21,20.131433486938477
2016-03-22,19.949737548828125
2016-03-23,19.80519676208496
2016-03-24,19.87127113342285
2016-03-28,19.825847625732422
2016-03-29,20.15620994567871
2016-03-30,20.168601989746094
2016-03-31,19.904314041137695
2016-04-01,19.937339782714844
2016-04-04,19.9786376953125
2016-04-05,20.09014129638672
2016-04-06,20.086008071899414
2016-04-07,19.772167205810547
2016-04-08,20.007545471191406
2016-04-11,19.986906051635742
2016-04-12,19.945598602294922
2016-04-13,20.325519561767578
2016-04-14,20.346162796020508
2016-04-15,20.135562896728516
2016-04-18,20.19337272644043
2016-04-19,20.036455154418945
2016-04-20,20.47831916809082
2016-04-21,20.4122371673584
2016-04-22,20.52786636352539
2016-04-25,20.47005271911621
2016-04-26,20.68065643310547
2016-04-27,20.788026809692383
2016-04-28,20.445280075073242
2016-04-29,20.06536102294922
2016-05-02,20.379201889038086
2016-05-03,20.152084350585938
2016-05-04,19.995155334472656
2016-05-05,19.747385025024414
2016-05-06,19.801071166992188
2016-05-09,19.644147872924805
2016-05-10,19.962125778198242
2016-05-11,19.9538631439209
2016-05-12,19.545040130615234
2016-05-13,19.474838256835938
2016-05-16,19.801071166992188
2016-05-17,19.73086929321289
2016-05-18,19.957988739013672
2016-05-19,19.820697784423828
2016-05-20,20.31163215637207
2016-05-23,20.32828140258789
2016-05-24,20.785932540893555
2016-05-25,20.873300552368164
2016-05-26,21.07716941833496
2016-05-27,21.214466094970703
2016-05-31,21.501541137695312
2016-06-01,21.514026641845703
2016-06-02,21.518190383911133
2016-06-03,21.555631637573242
2016-06-06,21.534826278686523
2016-06-07,21.9716796875
2016-06-08,22.046567916870117
2016-06-09,21.955036163330078
2016-06-10,21.738689422607422
2016-06-13,21.59723472595215
2016-06-14,21.717893600463867
2016-06-15,21.676284790039062
2016-06-16,21.655487060546875
2016-06-17,21.305999755859375
2016-06-20,21.580595016479492
2016-06-21,21.59723472595215
2016-06-22,21.46409797668457
2016-06-23,21.98416519165039
2016-06-24,20.99812126159668
2016-06-27,20.02456283569336
2016-06-28,20.536304473876953
2016-06-29,20.677764892578125
2016-06-30,21.118770599365234
2016-07-01,20.977317810058594
2016-07-05,20.736005783081055
2016-07-06,20.590391159057617
2016-07-07,20.968997955322266
2016-07-08,21.580595016479492
2016-07-11,21.78028678894043
2016-07-12,22.092330932617188
2016-07-13,22.15474510192871
2016-07-14,22.304523468017578
2016-07-15,22.371091842651367
2016-07-18,22.483430862426758
2016-07-19,22.34612274169922
2016-07-20,22.60824203491211
2016-07-21,22.38357162475586
2016-07-22,22.537511825561523
2016-07-25,22.57911491394043
2016-07-26,23.85639762878418
2016-07-27,23.748220443725586
2016-07-28,23.585962295532227
2016-07-29,23.14910888671875
2016-08-01,23.219833374023438
2016-08-02,22.874513626098633
2016-08-03,23.020130157470703
2016-08-04,23.194873809814453
2016-08-05,23.531879425048828
2016-08-08,23.56100082397461
2016-08-09,25.22520637512207
2016-08-10,25.108705520629883
2016-08-11,25.283451080322266
2016-08-12,25.175273895263672
2016-08-15,25.46651840209961
2016-08-16,25.308422088623047
2016-08-17,25.35834503173828
2016-08-18,25.626192092895508
2016-08-19,25.655492782592773
2016-08-22,25.64293670654297
2016-08-23,25.697345733642578
2016-08-24,25.538311004638672
2016-08-25,25.584339141845703
2016-08-26,25.772674560546875
2016-08-29,25.781047821044922
2016-08-30,25.709896087646484
2016-08-31,25.91079330444336
2016-09-01,26.283273696899414
2016-09-02,26.23723793029785
2016-09-06,26.061458587646484
2016-09-07,25.437856674194336
2016-09-08,25.38764190673828
2016-09-09,24.491994857788086
2016-09-12,25.05281639099121
2016-09-13,24.74729347229004
2016-09-14,24.864482879638672
2016-09-15,25.29555892944336
2016-09-16,25.24114990234375
2016-09-19,25.35834503173828
2016-09-20,25.195110321044922
2016-09-21,25.580156326293945
2016-09-22,25.60527229309082
2016-09-23,25.3792667388916
2016-09-26,25.308116912841797
2016-09-27,25.663856506347656
2016-09-28,25.801977157592773
2016-09-29,25.935903549194336
2016-09-30,26.007047653198242
2016-10-03,25.873125076293945
2016-10-04,25.663856506347656
2016-10-05,25.998687744140625
2016-10-06,26.191207885742188
2016-10-07,25.973567962646484
2016-10-10,25.65967559814453
2016-10-11,24.981670379638672
2016-10-12,24.692886352539062
2016-10-13,24.44595718383789
2016-10-14,24.692886352539062
2016-10-17,24.56732940673828
2016-10-18,24.63429832458496
2016-10-19,25.11559295654297
2016-10-20,24.99004554748535
2016-10-21,24.90215301513672
2016-10-24,25.3792667388916
2016-10-25,25.492271423339844
2016-10-26,25.341602325439453
2016-10-27,25.2620849609375
2016-10-28,25.236967086791992
2016-10-31,25.341602325439453
2016-11-01,25.18674659729004
2016-11-02,25.05281639099121
2016-11-03,24.95655632019043
2016-11-04,25.20348358154297
2016-11-07,26.04471778869629
2016-11-08,26.768766403198242
2016-11-09,26.915245056152344
2016-11-10,26.132606506347656
2016-11-11,26.429765701293945
2016-11-14,26.588796615600586
2016-11-15,27.283552169799805
2016-11-16,27.476062774658203
2016-11-17,27.543825149536133
2016-11-18,27.17348289489746
2016-11-21,27.438613891601562
2016-11-22,27.594331741333008
2016-11-23,27.821575164794922
2016-11-25,27.808950424194336
2016-11-28,27.73320198059082
2016-11-29,27.787919998168945
2016-11-30,27.851032257080078
2016-12-01,25.767887115478516
2016-12-02,26.112977981567383
2016-12-05,26.60956573486328
2016-12-06,26.71898651123047
2016-12-07,27.14402961730957
2016-12-08,27.43440818786621
2016-12-09,27.156654357910156
2016-12-12,26.769493103027344
2016-12-13,27.396530151367188
2016-12-14,27.375490188598633
2016-12-15,27.703744888305664
2016-12-16,27.156654357910156
2016-12-19,27.35865592956543
2016-12-20,27.480697631835938
2016-12-21,27.42598533630371
2016-12-22,27.514366149902344
2016-12-23,27.52277946472168
2016-12-27,27.52277946472168
2016-12-28,27.2155704498291
2016-12-29,27.253448486328125
2016-12-30,26.996740341186523
2017-01-03,26.8704891204834
2017-01-04,26.857864379882812
2017-01-05,26.34022331237793
2017-01-06,26.798940658569336
2017-01-09,27.110363006591797
2017-01-10,27.29132843017578
2017-01-11,27.9772891998291
2017-01-12,27.9772891998291
2017-01-13,27.918371200561523
2017-01-17,27.333406448364258
2017-01-18,27.985700607299805
2017-01-19,27.644826889038086
2017-01-20,28.16666603088379
2017-01-23,28.208751678466797
2017-01-24,28.574874877929688
2017-01-25,28.962045669555664
2017-01-26,28.46125602722168
2017-01-27,28.936792373657227
2017-01-30,29.063051223754883
2017-01-31,28.343414306640625
2017-02-01,28.789514541625977
2017-02-02,28.945209503173828
2017-02-03,29.21875762939453
2017-02-06,29.109344482421875
2017-02-07,29.298723220825195
2017-02-08,31.057825088500977
2017-02-09,29.85000991821289
2017-02-10,29.83739471435547
2017-02-13,29.736392974853516
2017-02-14,29.786890029907227
2017-02-15,30.258230209350586
2017-02-16,30.33054542541504
2017-02-17,30.317869186401367
2017-02-21,30.65624237060547
2017-02-22,30.893091201782227
2017-02-23,30.753509521484375
2017-02-24,30.804271697998047
2017-02-27,30.931150436401367
2017-02-28,30.67315101623535
2017-03-01,31.146869659423828
2017-03-02,30.880407333374023
2017-03-03,31.003067016601562
2017-03-06,31.265295028686523
2017-03-07,31.23145294189453
2017-03-08,31.100337982177734
2017-03-09,31.07919692993164
2017-03-10,31.277978897094727
2017-03-13,31.510622024536133
2017-03-14,31.294906616210938
2017-03-15,31.519073486328125
2017-03-16,31.349878311157227
2017-03-17,31.417570114135742
2017-03-20,31.447175979614258
2017-03-21,30.597013473510742
2017-03-22,31.087657928466797
2017-03-23,30.77043342590332
2017-03-24,30.93961524963379
2017-03-27,30.800033569335938
2017-03-28,31.087657928466797
2017-03-29,31.163782119750977
2017-03-30,31.248390197753906
2017-03-31,31.206083297729492
2017-04-03,30.96500015258789
2017-04-04,31.066513061523438
2017-04-05,30.884639739990234
2017-04-06,31.096101760864258
2017-04-07,31.324512481689453
2017-04-10,31.049585342407227
2017-04-11,30.73236846923828
2017-04-12,30.51664924621582
2017-04-13,30.55472183227539
2017-04-17,30.884639739990234
2017-04-18,31.354124069213867
2017-04-19,31.662883758544922
2017-04-20,31.988563537597656
2017-04-21,31.48101234436035
2017-04-24,32.1239128112793
2017-04-25,32.453819274902344
2017-04-26,32.208499908447266
2017-04-27,32.462284088134766
2017-04-28,31.967411041259766
2017-05-01,32.21274185180664
2017-05-02,32.01393508911133
2017-05-03,31.827836990356445
2017-05-04,31.72632598876953
2017-05-05,31.793994903564453
2017-05-08,31.916658401489258
2017-05-09,32.33537292480469
2017-05-10,33.206687927246094
2017-05-11,33.43086242675781
2017-05-12,33.413944244384766
2017-05-15,33.89188766479492
2017-05-16,34.526329040527344
2017-05-17,33.13478088378906
2017-05-18,33.55774688720703
2017-05-19,34.068485260009766
2017-05-22,34.46363830566406
2017-05-23,34.56559753417969
2017-05-24,34.69733810424805
2017-05-25,34.74406814575195
2017-05-26,34.714324951171875
2017-05-30,35.058494567871094
2017-05-31,35.394168853759766
2017-06-01,35.44940948486328
2017-06-02,35.8360595703125
2017-06-05,35.908294677734375
2017-06-06,36.19723892211914
2017-06-07,36.66887664794922
2017-06-08,36.90681457519531
2017-06-09,35.47064971923828
2017-06-12,35.30068588256836
2017-06-13,35.491886138916016
2017-06-14,34.96926498413086
2017-06-15,34.659088134765625
2017-06-16,34.514625549316406
2017-06-19,35.10099411010742
2017-06-20,34.14071273803711
2017-06-21,34.344669342041016
2017-06-22,34.021732330322266
2017-06-23,34.667579650878906
2017-06-26,34.11947250366211
2017-06-27,33.443878173828125
2017-06-28,33.919761657714844
2017-06-29,32.87875747680664
2017-06-30,32.79377746582031
2017-07-03,32.2116584777832
2017-07-05,33.11670684814453
2017-07-06,32.768280029296875
2017-07-07,33.2951545715332
2017-07-10,33.465110778808594
2017-07-11,33.613826751708984
2017-07-12,34.05997848510742
2017-07-13,33.775306701660156
2017-07-14,34.34891128540039
2017-07-17,34.42964172363281
2017-07-18,34.659088134765625
2017-07-19,34.973506927490234
2017-07-20,35.283687591552734
2017-07-21,34.36589813232422
2017-07-24,34.22570037841797
2017-07-25,34.39139175415039
2017-07-26,35.134986877441406
2017-07-27,34.387149810791016
2017-07-28,34.289424896240234
2017-07-31,34.00899887084961
2017-08-01,34.13221740722656
2017-08-02,33.91550064086914
2017-08-03,34.280921936035156
2017-08-04,35.47489929199219
2017-08-07,36.10799789428711
2017-08-08,35.95503616333008
2017-08-09,35.521629333496094
2017-08-10,34.51887130737305
2017-08-11,34.931026458740234
2017-08-14,35.700096130371094
2017-08-15,35.814815521240234
2017-08-16,35.759578704833984
2017-08-17,34.842952728271484
2017-08-18,34.81307601928711
2017-08-21,34.791748046875
2017-08-22,35.2952880859375
2017-08-23,35.376373291015625
2017-08-24,35.28675079345703
2017-08-25,35.26115417480469
2017-08-28,35.743370056152344
2017-08-29,35.77322769165039
2017-08-30,36.56270217895508
2017-08-31,37.04063034057617
2017-09-01,37.48870086669922
2017-09-05,36.90834426879883
2017-09-06,36.75046920776367
2017-09-07,37.29240036010742
2017-09-08,36.94248962402344
2017-09-11,37.71487808227539
2017-09-12,37.744754791259766
2017-09-13,37.69780349731445
2017-09-14,38.08186721801758
2017-09-15,38.24403381347656
2017-09-18,38.837196350097656
2017-09-19,38.82439041137695
2017-09-20,37.68927764892578
2017-09-21,37.71487808227539
2017-09-22,38.2739143371582
2017-09-25,37.582584381103516
2017-09-26,37.45030212402344
2017-09-27,37.945316314697266
2017-09-28,38.0391960144043
2017-09-29,38.312320709228516
2017-10-02,38.64090347290039
2017-10-03,38.71344757080078
2017-10-04,39.088966369628906
2017-10-05,38.96094512939453
2017-10-06,39.067630767822266
2017-10-09,39.04202651977539
2017-10-10,39.22551727294922
2017-10-11,39.22978973388672
2017-10-12,39.16577911376953
2017-10-13,39.1572380065918
2017-10-16,39.212711334228516
2017-10-17,39.131649017333984
2017-10-18,39.31086730957031
2017-10-19,39.707740783691406
2017-10-20,39.57117462158203
2017-10-23,39.51997756958008
2017-10-24,39.81869125366211
2017-10-25,39.396217346191406
2017-10-26,39.737606048583984
2017-10-27,40.42039108276367
2017-10-30,40.62948226928711
2017-10-31,40.45451354980469
2017-11-01,39.682132720947266
2017-11-02,39.882694244384766
2017-11-03,39.968040466308594
2017-11-06,40.693485260009766
2017-11-07,39.020694732666016
2017-11-08,39.60530471801758
2017-11-09,38.75185012817383
2017-11-10,39.071895599365234
2017-11-13,38.841461181640625
2017-11-14,38.837196350097656
2017-11-15,38.23124313354492
2017-11-16,38.73904800415039
2017-11-17,38.96094512939453
2017-11-20,39.155033111572266
2017-11-21,39.36067581176758
2017-11-22,38.73086929321289
2017-11-24,38.9750862121582
2017-11-27,38.10107421875
2017-11-28,38.80799102783203
2017-11-29,37.094234466552734
2017-11-30,37.2698974609375
2017-12-01,37.27418518066406
2017-12-04,36.97428512573242
2017-12-05,36.93570327758789
2017-12-06,36.97856521606445
2017-12-07,37.44126510620117
2017-12-08,37.449851989746094
2017-12-11,37.44126510620117
2017-12-12,36.777191162109375
2017-12-13,37.01712417602539
2017-12-14,36.6186637878418
2017-12-15,37.16707992553711
2017-12-18,38.118221282958984
2017-12-19,38.38384246826172
2017-12-20,38.65376281738281
2017-12-21,38.32815170288086
2017-12-22,38.09678649902344
2017-12-26,37.972530364990234
2017-12-27,37.87399673461914
2017-12-28,37.96397399902344
2017-12-29,37.65121078491211
2018-01-02,38.73516845703125
2018-01-03,39.317832946777344
2018-01-04,39.412086486816406
2018-01-05,39.52777099609375
2018-01-08,39.6820068359375
2018-01-09,39.6348991394043
2018-01-10,38.96652603149414
2018-01-11,39.46351623535156
2018-01-12,40.03333282470703
2018-01-16,39.986209869384766
2018-01-17,41.138702392578125
2018-01-18,41.68282699584961
2018-01-19,41.751380920410156
2018-01-22,42.28263473510742
2018-01-23,42.20980453491211
2018-01-24,40.85593032836914
2018-01-25,39.622032165527344
2018-01-26,41.52001953125
2018-01-29,41.50715637207031
2018-01-30,40.69741439819336
2018-01-31,40.79595184326172
2018-02-01,40.50461196899414
2018-02-02,39.97762680053711
2018-02-05,38.34528350830078
2018-02-06,39.38209533691406
2018-02-07,35.521873474121094
2018-02-08,34.232261657714844
2018-02-09,34.720680236816406
2018-02-12,35.56899642944336
2018-02-13,34.62214660644531
2018-02-14,35.22196578979492
2018-02-15,35.341922760009766
2018-02-16,35.73609161376953
2018-02-20,36.5162467956543
2018-02-21,36.21072006225586
2018-02-22,36.111751556396484
2018-02-23,36.64533233642578
2018-02-26,37.170318603515625
2018-02-27,38.10410690307617
2018-02-28,38.26760482788086
2018-03-01,38.30633544921875
2018-03-02,39.283145904541016
2018-03-05,40.65154266357422
2018-03-06,41.5551872253418
2018-03-07,41.1248779296875
2018-03-08,41.02591323852539
2018-03-09,42.58794403076172
2018-03-12,43.134437561035156
2018-03-13,42.183441162109375
2018-03-14,41.847801208496094
2018-03-15,41.96828842163086
2018-03-16,42.24800109863281
2018-03-19,41.7273063659668
2018-03-20,42.40290832519531
2018-03-21,42.691219329833984
2018-03-22,41.54658126831055
2018-03-23,40.45357894897461
2018-03-26,42.166229248046875
2018-03-27,40.62141799926758
2018-03-28,39.227203369140625
2018-03-29,39.31327438354492
2018-04-02,37.70820617675781
2018-04-03,38.31064224243164
2018-04-04,38.80550765991211
2018-04-05,38.564517974853516
2018-04-06,37.12297821044922
2018-04-09,37.09286117553711
2018-04-10,38.18154525756836
2018-04-11,38.08256912231445
2018-04-12,38.32354736328125
2018-04-13,37.57910919189453
2018-04-16,37.10577392578125
2018-04-17,38.327857971191406
2018-04-18,37.8674201965332
2018-04-19,36.636722564697266
2018-04-20,36.86909484863281
2018-04-23,36.31829071044922
2018-04-24,35.47488784790039
2018-04-25,35.7072639465332
2018-04-26,36.5334587097168
2018-04-27,36.4301872253418
2018-04-30,35.9998664855957
2018-05-01,36.58509063720703
2018-05-02,36.4818229675293
2018-05-03,37.05412673950195
2018-05-04,37.65656661987305
2018-05-07,38.18585205078125
2018-05-08,39.007747650146484
2018-05-09,39.52840805053711
2018-05-10,40.087825775146484
2018-05-11,39.99747085571289
2018-05-14,40.21692657470703
2018-05-15,40.17388916015625
2018-05-16,40.23844528198242
2018-05-17,40.178199768066406
2018-05-18,40.089195251464844
2018-05-21,40.525508880615234
2018-05-22,40.750152587890625
2018-05-23,40.64215850830078
2018-05-24,40.97479248046875
2018-05-25,41.38951110839844
2018-05-29,41.13895034790039
2018-05-30,42.12390899658203
2018-05-31,42.06774139404297
2018-06-01,43.653175354003906
2018-06-04,43.80868148803711
2018-06-05,44.12404251098633
2018-06-06,44.62948226928711
2018-06-07,44.158607482910156
2018-06-08,44.128360748291016
2018-06-11,44.23636245727539
2018-06-12,44.36164855957031
2018-06-13,44.09812927246094
2018-06-14,44.30979919433594
2018-06-15,44.054927825927734
2018-06-18,43.90803909301758
2018-06-19,43.372371673583984
2018-06-20,43.73093795776367
2018-06-21,42.63798141479492
2018-06-22,41.869014739990234
2018-06-25,40.2792854309082
2018-06-26,40.236083984375
2018-06-27,39.00920867919922
2018-06-28,39.069698333740234
2018-06-29,39.290008544921875
2018-07-02,39.514644622802734
2018-07-03,38.92280197143555
2018-07-05,39.79976272583008
2018-07-06,40.35271453857422
2018-07-09,40.339759826660156
2018-07-10,40.86678695678711
2018-07-11,39.747928619384766
2018-07-12,40.72855758666992
2018-07-13,40.620548248291016
2018-07-16,40.65511703491211
2018-07-17,41.06119155883789
2018-07-18,41.367916107177734
2018-07-19,40.95319366455078
2018-07-20,40.767433166503906
2018-07-23,40.693992614746094
2018-07-24,40.28792953491211
2018-07-25,40.14535903930664
2018-07-26,40.897037506103516
2018-07-27,41.17351150512695
2018-07-30,40.266319274902344
2018-07-31,40.361366271972656
2018-08-01,40.43047332763672
2018-08-02,40.871116638183594
2018-08-03,41.0784797668457
2018-08-06,41.298789978027344
2018-08-07,42.015907287597656
2018-08-08,42.231903076171875
2018-08-09,42.37013244628906
2018-08-10,37.76075744628906
2018-08-13,37.59658432006836
2018-08-14,36.322208404541016
2018-08-15,35.570518493652344
2018-08-16,35.33293151855469
2018-08-17,35.859954833984375
2018-08-20,35.79661560058594
2018-08-21,36.890037536621094
2018-08-22,37.063602447509766
2018-08-23,37.17207717895508
2018-08-24,37.7404899597168
2018-08-27,38.343597412109375
2018-08-28,37.96611022949219
2018-08-29,37.671051025390625
2018-08-30,37.120018005371094
2018-08-31,37.328277587890625
2018-09-04,37.354305267333984
2018-09-05,36.942100524902344
2018-09-06,36.404083251953125
2018-09-07,36.035247802734375
2018-09-10,36.45612716674805
2018-09-11,36.11335372924805
2018-09-12,36.21750259399414
2018-09-13,36.34766387939453
2018-09-14,36.273902893066406
2018-09-17,35.09370422363281
2018-09-18,34.88108444213867
2018-09-19,35.30632019042969
2018-09-20,36.178443908691406
2018-09-21,35.90509033203125
2018-09-24,35.70983123779297
2018-09-25,34.17816925048828
2018-09-26,34.18685531616211
2018-09-27,34.10874938964844
2018-09-28,34.238914489746094
2018-10-01,33.47960662841797
2018-10-02,33.69220733642578
2018-10-03,32.594444274902344
2018-10-04,30.99335479736328
2018-10-05,30.06047821044922
2018-10-08,29.374921798706055
2018-10-09,29.23607063293457
2018-10-10,28.82820701599121
2018-10-11,29.374921798706055
2018-10-12,29.617904663085938
2018-10-15,29.60055160522461
2018-10-16,30.004072189331055
2018-10-17,29.960681915283203
2018-10-18,29.309837341308594
2018-10-19,29.084203720092773
2018-10-22,28.997426986694336
2018-10-23,29.166648864746094
2018-10-24,26.59796714782715
2018-10-25,27.122983932495117
2018-10-26,27.06224250793457
2018-10-29,27.02753257751465
2018-10-30,28.138307571411133
2018-10-31,28.54183578491211
2018-11-01,30.533430099487305
2018-11-02,30.260074615478516
2018-11-05,30.082176208496094
2018-11-06,30.38590431213379
2018-11-07,30.503063201904297
2018-11-08,32.303741455078125
2018-11-09,31.297088623046875
2018-11-12,30.225358963012695
2018-11-13,30.74603271484375
2018-11-14,31.249361038208008
2018-11-15,32.69424819946289
2018-11-16,32.80705642700195
2018-11-19,32.0564079284668
2018-11-20,31.831851959228516
2018-11-21,31.831851959228516
2018-11-23,32.41178512573242
2018-11-26,33.026634216308594
2018-11-27,32.14144515991211
2018-11-28,33.09203338623047
2018-11-29,32.4510383605957
2018-11-30,32.703948974609375
2018-12-03,33.90746307373047
2018-12-04,32.477203369140625
2018-12-06,32.006263732910156
2018-12-07,30.637065887451172
2018-12-10,31.352190017700195
2018-12-11,31.483001708984375
2018-12-12,32.08475875854492
2018-12-13,31.58330726623535
2018-12-14,31.238813400268555
2018-12-17,31.051311492919922
2018-12-18,31.45683479309082
2018-12-19,29.91757583618164
2018-12-20,29.9611759185791
2018-12-21,29.6472225189209
2018-12-24,28.661741256713867
2018-12-26,30.689388275146484
2018-12-27,31.17340850830078
2018-12-28,31.238813400268555
2018-12-31,31.36091423034668
2019-01-02,31.11235237121582
2019-01-03,28.91901969909668
2019-01-04,30.09199333190918
2019-01-07,30.972814559936523
2019-01-08,31.81439971923828
2019-01-09,33.07460021972656
2019-01-10,33.41035461425781
2019-01-11,33.63273620605469
2019-01-14,32.3725471496582
2019-01-15,32.70831298828125
2019-01-16,32.73883056640625
2019-01-17,33.205413818359375
2019-01-18,33.855125427246094
2019-01-22,32.782432556152344
2019-01-23,32.42488098144531
2019-01-24,34.20396423339844
2019-01-25,35.15892791748047
2019-01-28,34.993221282958984
2019-01-29,34.661834716796875
2019-01-30,35.097877502441406
2019-01-31,35.04555892944336
2019-02-01,35.69963455200195
2019-02-04,36.00922775268555
2019-02-05,36.297019958496094
2019-02-06,38.9438591003418
2019-02-07,38.40315246582031
2019-02-08,38.1153678894043
2019-02-11,38.79124069213867
2019-02-12,39.90317153930664
2019-02-13,39.76365280151367
2019-02-14,39.50637435913086
2019-02-15,39.724395751953125
2019-02-19,39.545616149902344
2019-02-20,39.25009536743164
2019-02-21,38.96551513671875
2019-02-22,38.9830207824707
2019-02-25,39.32014083862305
2019-02-26,38.99177932739258
2019-02-27,38.12052536010742
2019-02-28,38.032962799072266
2019-03-01,38.807899475097656
2019-03-04,38.777259826660156
2019-03-05,38.208091735839844
2019-03-06,37.86221694946289
2019-03-07,36.973445892333984
2019-03-08,37.23614501953125
2019-03-11,38.0023193359375
2019-03-12,37.783416748046875
2019-03-13,37.24051284790039
2019-03-14,36.77642822265625
2019-03-15,37.69585037231445
2019-03-18,37.35873031616211
2019-03-19,37.69585037231445
2019-03-20,36.899017333984375
2019-03-21,38.25624465942383
2019-03-22,37.39813232421875
2019-03-25,36.6976318359375
2019-03-26,36.88589096069336
2019-03-27,35.62499237060547
2019-03-28,35.5286750793457
2019-03-29,36.321109771728516
2019-04-01,38.29127883911133
2019-04-02,38.405113220214844
2019-04-03,39.53466796875
2019-04-04,39.959354400634766
2019-04-05,40.6817512512207
2019-04-08,41.180850982666016
2019-04-09,40.67298889160156
2019-04-10,41.2640380859375
2019-04-11,41.141448974609375
2019-04-12,41.75001907348633
2019-04-15,41.85508728027344
2019-04-16,42.80514907836914
2019-04-17,43.46186447143555
2019-04-18,43.2166862487793
2019-04-22,42.730712890625
2019-04-23,42.97589874267578
2019-04-24,43.27360534667969
2019-04-25,42.67817306518555
2019-04-26,43.08534240722656
2019-04-29,43.2210807800293
2019-04-30,43.733314514160156
2019-05-01,43.32614517211914
2019-05-02,43.834007263183594
2019-05-03,44.10984420776367
2019-05-06,42.45928192138672
2019-05-07,41.22026062011719
2019-05-08,40.077552795410156
2019-05-09,39.131874084472656
2019-05-10,39.070587158203125
2019-05-13,36.605682373046875
2019-05-14,37.065391540527344
2019-05-15,37.56450653076172
2019-05-16,37.249271392822266
2019-05-17,36.452457427978516
2019-05-20,34.9775390625
2019-05-21,36.037330627441406
2019-05-22,35.98455810546875
2019-05-23,35.879024505615234
2019-05-24,35.3645133972168
2019-05-28,34.7884521484375
2019-05-29,35.42169189453125
2019-05-30,35.769081115722656
2019-05-31,35.19301223754883
2019-06-03,35.069889068603516
2019-06-04,37.05315017700195
2019-06-05,36.20444107055664
2019-06-06,36.556236267089844
2019-06-07,36.793697357177734
2019-06-10,37.7083740234375
2019-06-11,37.528076171875
2019-06-12,36.85526657104492
2019-06-13,36.9827880859375
2019-06-14,36.58262252807617
2019-06-17,35.72071075439453
2019-06-18,37.37855911254883
2019-06-19,37.26862716674805
2019-06-20,37.633609771728516
2019-06-21,37.42253494262695
2019-06-24,37.43572235107422
2019-06-25,36.912437438964844
2019-06-26,38.33281326293945
2019-06-27,38.31961441040039
2019-06-28,38.126129150390625
2019-07-01,40.19294738769531
2019-07-02,39.46296691894531
2019-07-03,39.47615432739258
2019-07-05,39.23870086669922
2019-07-08,38.667015075683594
2019-07-09,39.23429870605469
2019-07-10,39.295860290527344
2019-07-11,39.45857238769531
2019-07-12,40.32927322387695
2019-07-15,40.72063446044922
2019-07-16,39.90711212158203
2019-07-17,39.91151428222656
2019-07-18,40.852577209472656
2019-07-19,40.59312057495117
2019-07-22,41.142799377441406
2019-07-23,42.02669143676758
2019-07-24,43.9044189453125
2019-07-25,43.117271423339844
2019-07-26,43.143672943115234
2019-07-29,43.262393951416016
2019-07-30,42.65113830566406
2019-07-31,41.52098846435547
2019-08-01,40.2808952331543
2019-08-02,38.72418212890625
2019-08-05,36.7717170715332
2019-08-06,37.404945373535156
2019-08-07,38.88250732421875
2019-08-08,39.92910385131836
2019-08-09,38.6318359375
2019-08-12,38.38998031616211
2019-08-13,39.7443962097168
2019-08-14,38.218475341796875
2019-08-15,38.18769836425781
2019-08-16,38.864906311035156
2019-08-19,39.59928512573242
2019-08-20,39.24870300292969
2019-08-21,39.30609893798828
2019-08-22,39.553367614746094
2019-08-23,37.34566116333008
2019-08-26,37.41189956665039
2019-08-27,37.24409866333008
2019-08-28,37.47811508178711
2019-08-29,38.22432327270508
2019-08-30,38.11835861206055
2019-09-03,37.48252868652344
2019-09-04,38.202239990234375
2019-09-05,39.22221374511719
2019-09-06,39.96842956542969
2019-09-09,40.56449890136719
2019-09-10,40.87358093261719
2019-09-11,42.1319580078125
2019-09-12,42.1540641784668
2019-09-13,41.9465217590332
2019-09-16,41.703670501708984
2019-09-17,41.39901351928711
2019-09-18,41.31511306762695
2019-09-19,40.83824920654297
2019-09-20,39.9375114440918
2019-09-23,40.58657455444336
2019-09-24,40.02140426635742
2019-09-25,41.06786346435547
2019-09-26,40.785274505615234
2019-09-27,40.30839920043945
2019-09-30,41.02369689941406
2019-10-01,41.02812576293945
2019-10-02,39.97725296020508
2019-10-03,40.48942947387695
2019-10-04,41.390174865722656
2019-10-07,40.772029876708984
2019-10-08,39.42531967163086
2019-10-09,40.26425552368164
2019-10-10,40.80293655395508
2019-10-11,42.17612838745117
2019-10-14,42.24678421020508
2019-10-15,42.74571990966797
2019-10-16,42.42339324951172
2019-10-17,42.251190185546875
2019-10-18,41.95094299316406
2019-10-21,43.174015045166016
2019-10-22,42.55143356323242
2019-10-23,41.059017181396484
2019-10-24,41.580039978027344
2019-10-25,41.46083450317383
2019-10-28,42.20703887939453
2019-10-29,41.86264419555664
2019-10-30,42.123146057128906
2019-10-31,41.633026123046875
2019-11-01,42.82518005371094
2019-11-04,44.05710220336914
2019-11-05,44.16305923461914
2019-11-06,42.22028350830078
2019-11-07,42.1054801940918
2019-11-08,42.480796813964844
2019-11-11,41.756656646728516
2019-11-12,41.36368179321289
2019-11-13,41.544708251953125
2019-11-14,41.33720016479492
2019-11-15,41.7698974609375
2019-11-18,40.81175994873047
2019-11-19,40.90449905395508
2019-11-20,40.40666580200195
2019-11-21,40.34016799926758
2019-11-22,40.632755279541016
2019-11-25,41.50160598754883
2019-11-26,42.277374267578125
2019-11-27,42.379337310791016
2019-11-29,41.909454345703125
2019-12-02,41.763153076171875
2019-12-03,40.72583770751953
2019-12-04,42.79603958129883
2019-12-05,42.87139892578125
2019-12-06,43.7801628112793
2019-12-09,43.895416259765625
2019-12-10,43.64717483520508
2019-12-11,44.04170608520508
2019-12-12,45.730682373046875
2019-12-13,45.25634002685547
2019-12-16,45.77500915527344
2019-12-17,45.42481231689453
2019-12-18,45.17212677001953
2019-12-19,45.3804817199707
2019-12-20,46.40005874633789
2019-12-23,46.5374755859375
2019-12-24,46.56852340698242
2019-12-26,46.95861053466797
2019-12-27,46.759132385253906
2019-12-30,46.54190444946289
2019-12-31,46.422218322753906
2020-01-02,47.69892120361328
2020-01-03,46.652748107910156
2020-01-06,45.98335266113281
2020-01-07,49.0687141418457
2020-01-08,48.44809341430664
2020-01-09,48.90469741821289
2020-01-10,49.13077163696289
2020-01-13,49.29922866821289
2020-01-14,48.8160400390625
2020-01-15,47.6900634765625
2020-01-16,48.23974609375
2020-01-17,48.50129318237305
2020-01-21,48.425933837890625
2020-01-22,48.47468948364258
2020-01-23,48.87810134887695
2020-01-24,47.53047561645508
2020-01-27,45.65088653564453
2020-01-28,46.191707611083984
2020-01-29,45.42036437988281
2020-01-30,45.02141189575195
2020-01-31,43.21274185180664
2020-02-03,43.243778228759766
2020-02-04,45.08789825439453
2020-02-05,48.102325439453125
2020-02-06,48.089027404785156
2020-02-07,47.08274841308594
2020-02-10,47.94272994995117
2020-02-11,48.25748062133789
2020-02-12,48.629844665527344
2020-02-13,48.92685317993164
2020-02-14,48.479122161865234
2020-02-18,47.415218353271484
2020-02-19,48.68304443359375
2020-02-20,48.0945930480957
2020-02-21,46.73800277709961
2020-02-24,44.536319732666016
2020-02-25,43.22419357299805
2020-02-26,42.15227127075195
2020-02-27,39.97726821899414
2020-02-28,40.34644317626953
2020-03-02,42.35242462158203
2020-03-03,39.76822280883789
2020-03-04,41.48064041137695
2020-03-05,39.44353103637695
2020-03-06,38.67850112915039
2020-03-09,34.67544174194336
2020-03-10,36.24107360839844
2020-03-11,32.647212982177734
2020-03-12,27.718997955322266
2020-03-13,31.12160301208496
2020-03-16,24.805654525756836
2020-03-17,27.79905891418457
2020-03-18,25.775285720825195
2020-03-19,26.93617820739746
2020-03-20,26.526975631713867
2020-03-23,29.137861251831055
2020-03-24,33.679115295410156
2020-03-25,33.32773971557617
2020-03-26,33.1453742980957
2020-03-27,30.33432960510254
2020-03-30,30.685707092285156
2020-03-31,30.156421661376953
2020-04-01,27.92804527282715
2020-04-02,28.902122497558594
2020-04-03,28.484027862548828
2020-04-06,32.90519714355469
2020-04-07,32.620521545410156
2020-04-08,35.369300842285156
2020-04-09,34.89338302612305
2020-04-13,35.38709259033203
2020-04-14,36.445682525634766
2020-04-15,34.94675064086914
2020-04-16,34.497520446777344
2020-04-17,35.7340202331543
2020-04-20,34.56423568725586
2020-04-21,33.29215621948242
2020-04-22,35.15135955810547
2020-04-23,35.04905319213867
2020-04-24,36.47682571411133
2020-04-27,37.677730560302734
2020-04-28,38.851959228515625
2020-04-29,41.040306091308594
2020-04-30,39.0209846496582
2020-05-01,36.25886154174805
2020-05-04,36.481258392333984
2020-05-05,37.126197814941406
2020-05-06,37.255184173583984
2020-05-07,38.029117584228516
2020-05-08,39.89720916748047
2020-05-11,39.27451705932617
2020-05-12,38.24705505371094
2020-05-13,37.33970260620117
2020-05-14,38.162540435791016
2020-05-15,37.16176986694336
2020-05-18,39.59475326538086
2020-05-19,39.203346252441406
2020-05-20,40.77912521362305
2020-05-21,39.139915466308594
2020-05-22,39.2203254699707
2020-05-26,41.918087005615234
2020-05-27,43.21337127685547
2020-05-28,42.6237907409668
2020-05-29,42.88731384277344
2020-06-01,42.76225280761719
2020-06-02,43.253570556640625
2020-06-03,48.59102249145508
2020-06-04,47.72453308105469
2020-06-05,49.1314697265625
2020-06-08,48.44810485839844
2020-06-09,47.224281311035156
2020-06-10,46.6078987121582
2020-06-11,43.52602005004883
2020-06-12,44.499717712402344
2020-06-15,45.223297119140625
2020-06-16,46.35331726074219
2020-06-17,46.715091705322266
2020-06-18,46.58110427856445
2020-06-19,46.20591735839844
2020-06-22,46.322052001953125
2020-06-23,46.4873046875
2020-06-24,45.147361755371094
2020-06-25,45.54935073852539
2020-06-26,44.68730163574219
2020-06-29,45.812870025634766
2020-06-30,47.03668975830078
2020-07-01,46.05852127075195
2020-07-02,46.72404479980469
2020-07-06,48.12651824951172
2020-07-07,46.893760681152344
2020-07-08,46.44264602661133
2020-07-09,48.03718948364258
2020-07-10,47.617332458496094
2020-07-13,46.70616912841797
2020-07-14,48.04610824584961
2020-07-15,48.1845817565918
2020-07-16,47.18408203125
2020-07-17,47.197486877441406
2020-07-20,48.095252990722656
2020-07-21,47.65306854248047
2020-07-22,46.67043685913086
2020-07-23,45.34835433959961
2020-07-24,44.75878143310547
2020-07-27,46.04512023925781
2020-07-28,44.897239685058594
2020-07-29,45.86647033691406
2020-07-30,45.669944763183594
2020-07-31,45.437686920166016
2020-08-03,46.84016036987305
2020-08-04,47.93445587158203
2020-08-05,43.99500274658203
2020-08-06,44.303199768066406
2020-08-07,44.20494079589844
2020-08-10,44.78110885620117
2020-08-11,44.95083999633789
2020-08-12,45.59846878051758
2020-08-13,44.924034118652344
2020-08-14,44.754302978515625
2020-08-17,46.16572570800781
2020-08-18,47.94784927368164
2020-08-19,48.291778564453125
2020-08-20,47.02253723144531
2020-08-21,48.37154769897461
2020-08-24,48.14298629760742
2020-08-25,48.85109329223633
2020-08-26,48.237098693847656
2020-08-27,48.13849639892578
2020-08-28,49.532325744628906
2020-08-31,49.16482162475586
2020-09-01,50.35249328613281
2020-09-02,51.40121841430664
2020-09-03,48.8555793762207
2020-09-04,48.470149993896484
2020-09-08,46.108272552490234
2020-09-09,45.467376708984375
2020-09-10,45.08642578125
2020-09-11,45.13124465942383
2020-09-14,45.8079833984375
2020-09-15,46.439903259277344
2020-09-16,46.417503356933594
2020-09-17,46.39509201049805
2020-09-18,45.444969177246094
2020-09-21,44.145259857177734
2020-09-22,44.4589729309082
2020-09-23,43.76430892944336
2020-09-24,43.80912399291992
2020-09-25,44.39175033569336
2020-09-28,46.193416595458984
2020-09-29,46.0455207824707
2020-09-30,46.05447769165039
2020-10-01,47.9771614074707
2020-10-02,46.50265884399414
2020-10-05,48.09367752075195
2020-10-06,47.726165771484375
2020-10-07,48.75697326660156
2020-10-08,50.00738525390625
2020-10-09,51.0830078125
2020-10-12,51.15023422241211
2020-10-13,50.00738525390625
2020-10-14,49.63539505004883
2020-10-15,49.89982223510742
2020-10-16,49.662288665771484
2020-10-19,50.043243408203125
2020-10-20,49.85054016113281
2020-10-21,49.5143928527832
2020-10-22,50.428672790527344
2020-10-23,50.428672790527344
2020-10-26,49.17827224731445
2020-10-27,48.380516052246094
2020-10-28,45.95588684082031
2020-10-29,47.66343307495117
2020-10-30,47.0942497253418
2020-11-02,47.107696533203125
2020-11-03,48.83765411376953
2020-11-04,50.78720474243164
2020-11-05,53.05498123168945
2020-11-06,56.14739227294922
2020-11-09,56.69864273071289
2020-11-10,54.64152908325195
2020-11-11,56.58211898803711
2020-11-12,55.33171081542969
2020-11-13,56.537296295166016
2020-11-16,58.10591506958008
2020-11-17,57.08407974243164
2020-11-18,55.95466613769531
2020-11-19,57.316226959228516
2020-11-20,58.87601089477539
2020-11-23,59.1636848449707
2020-11-24,60.03571319580078
2020-11-25,59.29853057861328
2020-11-27,59.78849411010742
2020-11-30,60.40880584716797
2020-12-01,61.56853103637695
2020-12-02,61.75282669067383
2020-12-03,62.2607536315918
2020-12-04,64.83644104003906
2020-12-07,65.17355346679688
2020-12-08,65.06566619873047
2020-12-09,62.840633392333984
2020-12-10,62.890071868896484
2020-12-11,63.204734802246094
2020-12-14,63.60478210449219
2020-12-15,63.45194625854492
2020-12-16,62.40010070800781
2020-12-17,62.80466079711914
2020-12-18,62.03600311279297
2020-12-21,62.03150939941406
2020-12-22,61.559532165527344
2020-12-23,61.13251495361328
2020-12-24,61.47863006591797
2020-12-28,61.24489212036133
2020-12-29,60.754920959472656
2020-12-30,61.48759841918945
2020-12-31,62.08095169067383
2021-01-04,61.66291809082031
2021-01-05,63.01593780517578
2021-01-06,64.22511291503906
2021-01-07,66.84121704101562
2021-01-08,66.2568588256836
2021-01-11,66.44115447998047
2021-01-12,67.11991882324219
2021-01-13,67.74021911621094
2021-01-14,68.8999252319336
2021-01-15,66.77826690673828
2021-01-19,68.8864517211914
2021-01-20,68.49539947509766
2021-01-21,68.4684066772461
2021-01-22,67.48400115966797
2021-01-25,67.05696868896484
2021-01-26,65.16905975341797
2021-01-27,59.80196762084961
2021-01-28,62.32367706298828
2021-01-29,61.18195343017578
2021-02-01,63.94189453125
2021-02-02,64.69256591796875
2021-02-03,62.87207794189453
2021-02-04,64.61166381835938
2021-02-05,65.37581634521484
2021-02-08,68.53582763671875
2021-02-09,68.34703063964844
2021-02-10,68.1627426147461
2021-02-11,70.85526275634766
2021-02-12,71.71833801269531
2021-02-16,72.92748260498047
2021-02-17,73.29158782958984
2021-02-18,70.36531829833984
2021-02-19,73.15918731689453
2021-02-22,69.9327163696289
2021-02-23,69.8155517578125
2021-02-24,70.86101531982422
2021-02-25,66.56652069091797
2021-02-26,68.77910614013672
2021-03-01,71.2440414428711
2021-03-02,68.53575897216797
2021-03-03,66.85945129394531
2021-03-04,63.12825393676758
2021-03-05,65.53910064697266
2021-03-08,61.623165130615234
2021-03-09,65.54811096191406
2021-03-10,63.68251419067383
2021-03-11,66.78734588623047
2021-03-12,66.44487762451172
2021-03-15,67.39569091796875
2021-03-16,67.54888916015625
2021-03-17,69.31535339355469
2021-03-18,65.56163787841797
2021-03-19,67.62100219726562
2021-03-22,69.78401184082031
2021-03-23,67.5849380493164
2021-03-24,66.13392639160156
2021-03-25,66.31417846679688
2021-03-26,70.03633880615234
2021-03-29,67.97698211669922
2021-03-30,67.64353942871094
2021-03-31,69.94623565673828
2021-04-01,72.17682647705078
2021-04-05,73.8216323852539
2021-04-06,72.43370819091797
2021-04-07,71.96955108642578
2021-04-08,72.90684509277344
2021-04-09,72.87981414794922
2021-04-12,71.54595947265625
2021-04-13,70.91056823730469
2021-04-14,70.44193267822266
2021-04-15,72.28948974609375
2021-04-16,71.32962799072266
2021-04-19,69.40998840332031
2021-04-20,67.47230529785156
2021-04-21,69.68936157226562
2021-04-22,68.21131134033203
2021-04-23,70.46894836425781
2021-04-26,71.72171020507812
2021-04-27,70.96914672851562
2021-04-28,69.67584228515625
2021-04-29,70.25717163085938
2021-04-30,67.72463989257812
2021-05-03,66.75128936767578
2021-05-04,65.2867431640625
2021-05-05,65.62924194335938
2021-05-06,66.02125549316406
2021-05-07,67.48128509521484
2021-05-10,64.57927703857422
2021-05-11,65.57064819335938
2021-05-12,62.70016098022461
2021-05-13,64.04301452636719
2021-05-14,65.55261993408203
2021-05-17,64.67388916015625
2021-05-18,64.18272399902344
2021-05-19,66.23757934570312
2021-05-20,68.30408477783203
2021-05-21,67.69856262207031
2021-05-24,69.63719177246094
2021-05-25,69.9309310913086
2021-05-26,70.28791809082031
2021-05-27,70.38282775878906
2021-05-28,70.92509460449219
2021-06-01,70.18850708007812
2021-06-02,70.26533508300781
2021-06-03,68.55716705322266
2021-06-04,70.21562194824219
2021-06-07,69.39768981933594
2021-06-08,68.9638671875
2021-06-09,68.60236358642578
2021-06-10,69.33893585205078
2021-06-11,69.63267517089844
2021-06-14,70.38732147216797
2021-06-15,69.56941223144531
2021-06-16,68.86443328857422
2021-06-17,67.88836669921875
2021-06-18,65.80511474609375
2021-06-21,66.76765441894531
2021-06-22,65.922607421875
2021-06-23,66.1847152709961
2021-06-24,67.38674926757812
2021-06-25,67.22857666015625
2021-06-28,68.83280944824219
2021-06-29,69.05876159667969
2021-06-30,67.66692352294922
2021-07-01,66.74506378173828
2021-07-02,66.99359893798828
2021-07-06,66.03557586669922
2021-07-07,64.85161590576172
2021-07-08,63.72640609741211
2021-07-09,65.08208465576172
2021-07-12,66.06269073486328
2021-07-13,65.04141235351562
2021-07-14,64.86516571044922
2021-07-15,62.113121032714844
2021-07-16,60.44562530517578
2021-07-19,59.64125061035156
2021-07-20,61.92333221435547
2021-07-21,63.563697814941406
2021-07-22,62.53339767456055
2021-07-23,62.91297912597656
2021-07-26,62.989803314208984
2021-07-27,61.43527603149414
2021-07-28,62.30744552612305
2021-07-29,63.73090362548828
2021-07-30,64.67536926269531
2021-08-02,65.52042388916016
2021-08-03,66.3473892211914
2021-08-04,66.65919494628906
2021-08-05,67.68498992919922
2021-08-06,67.66241455078125
2021-08-09,67.5584716796875
2021-08-10,68.0103530883789
2021-08-11,67.99681091308594
2021-08-12,68.30408477783203
2021-08-13,68.493896484375
2021-08-16,67.96967315673828
2021-08-17,65.83674621582031
2021-08-18,64.92391967773438
2021-08-19,65.38488006591797
2021-08-20,65.6523208618164
2021-08-23,67.0302734375
2021-08-24,67.10733795166016
2021-08-25,68.64846801757812
2021-08-26,70.68367004394531
2021-08-27,72.24295806884766
2021-08-30,72.07522583007812
2021-08-31,71.32733154296875
2021-09-01,70.5340805053711
2021-09-02,70.833251953125
2021-09-03,71.08708190917969
2021-09-07,70.7244873046875
2021-09-08,69.9357681274414
2021-09-09,70.697265625
2021-09-10,71.38169860839844
2021-09-13,72.84125518798828
2021-09-14,72.81861114501953
2021-09-15,73.51664733886719
2021-09-16,73.93365478515625
2021-09-17,73.02257537841797
2021-09-20,70.94203186035156
2021-09-21,71.29559326171875
2021-09-22,73.19935607910156
2021-09-23,74.86740112304688
2021-09-24,74.92632293701172
2021-09-27,75.2798843383789
2021-09-28,71.77154541015625
2021-09-29,69.38278198242188
2021-09-30,69.57315063476562
2021-10-01,69.21961975097656
2021-10-04,66.45915222167969
2021-10-05,67.09373474121094
2021-10-06,66.97135925292969
2021-10-07,67.6512680053711
2021-10-08,66.24158477783203
2021-10-11,65.23078918457031
2021-10-12,63.9072265625
2021-10-13,63.68510818481445
2021-10-14,65.70671844482422
2021-10-15,65.97868347167969
2021-10-18,66.91244506835938
2021-10-19,67.85523223876953
2021-10-20,67.8824462890625
2021-10-21,68.90682983398438
2021-10-22,68.17254638671875
2021-10-25,68.7164535522461
2021-10-26,66.8943099975586
2021-10-27,65.60699462890625
2021-10-28,67.4744873046875
2021-10-29,67.16626739501953
2021-11-01,69.71366119384766
2021-11-02,71.41797637939453
2021-11-03,72.31546020507812
2021-11-04,75.17108917236328
2021-11-05,77.74569702148438
2021-11-08,76.30427551269531
2021-11-09,75.17108917236328
2021-11-10,73.39423370361328
2021-11-11,75.69691467285156
2021-11-12,75.56090545654297
2021-11-15,75.43401336669922
2021-11-16,76.38584899902344
2021-11-17,75.11671447753906
2021-11-18,75.73670196533203
2021-11-19,75.16397094726562
2021-11-22,75.17308807373047
2021-11-23,75.73670196533203
2021-11-24,76.28217315673828
2021-11-26,72.7912368774414
2021-11-29,76.72762298583984
2021-11-30,75.8458023071289
2021-12-01,76.79126739501953
2021-12-02,76.5821762084961
2021-12-03,77.51853942871094
2021-12-06,76.31851959228516
2021-12-07,80.8094711303711
2021-12-08,79.40035247802734
2021-12-09,78.7549057006836
2021-12-10,79.20944213867188
2021-12-13,77.41856384277344
2021-12-14,77.1730728149414
2021-12-15,79.94581604003906
2021-12-16,76.8458023071289
2021-12-17,76.6912612915039
2021-12-20,75.09125518798828
2021-12-21,77.5821533203125
2021-12-22,78.5185317993164
2021-12-23,79.02762603759766
2021-12-27,81.22763061523438
2021-12-28,80.02763366699219
2021-12-29,80.2185287475586
2021-12-30,79.16399383544922
2021-12-31,79.14579772949219
2022-01-03,80.00035095214844
2022-01-04,79.5185317993164
2022-01-05,76.83671569824219
2022-01-06,77.5457992553711
2022-01-07,74.48216247558594
2022-01-10,75.3912582397461
2022-01-11,76.91852569580078
2022-01-12,77.48217010498047
2022-01-13,76.08216094970703
2022-01-14,76.62761688232422
2022-01-18,72.1185073852539
2022-01-19,69.69123840332031
2022-01-20,67.24577331542969
2022-01-21,66.66395568847656
2022-01-24,68.04576873779297
2022-01-25,65.94576263427734
2022-01-26,67.6275863647461
2022-01-27,64.58212280273438
2022-01-28,65.65483856201172
2022-01-31,70.43667602539062
2022-02-01,71.17305755615234
2022-02-02,71.8548812866211
2022-02-03,67.42756652832031
2022-02-04,66.52754974365234
2022-02-07,66.95486450195312
2022-02-08,68.58212280273438
2022-02-09,71.30032348632812
2022-02-10,68.11849212646484
2022-02-11,64.84574890136719
2022-02-14,64.71847534179688
2022-02-15,68.1639633178711
2022-02-16,68.63668060302734
2022-02-17,64.7002944946289
2022-02-18,65.4876480102539
2022-02-22,65.49676513671875
2022-02-23,64.13737487792969
2022-02-24,65.01322174072266
2022-02-25,65.8251953125
2022-02-28,64.16474151611328
2022-03-01,61.94775390625
2022-03-02,63.62648010253906
2022-03-03,62.98784255981445
2022-03-04,61.82004928588867
2022-03-07,59.429710388183594
2022-03-08,62.522552490234375
2022-03-09,64.66651916503906
2022-03-10,63.72681427001953
2022-03-11,62.98784255981445
2022-03-14,62.1576042175293
2022-03-15,65.3416748046875
2022-03-16,68.19729614257812
2022-03-17,68.80855560302734
2022-03-18,70.51463317871094
2022-03-21,69.85774993896484
2022-03-22,69.69352722167969
2022-03-23,67.30319213867188
2022-03-24,70.87042999267578
2022-03-25,70.39602661132812
2022-03-28,70.66059875488281
2022-03-29,72.78633880615234
2022-03-30,69.69352722167969
2022-03-31,68.55309295654297
2022-04-01,67.48567962646484
2022-04-04,67.8597183227539
2022-04-05,63.945796966552734
2022-04-06,62.294464111328125
2022-04-07,62.21234893798828
2022-04-08,60.50628662109375
2022-04-11,60.040985107421875
2022-04-12,59.73078536987305
2022-04-13,60.907711029052734
2022-04-14,59.502708435058594
2022-04-18,61.34562301635742
2022-04-19,62.86012268066406
2022-04-20,63.088191986083984
2022-04-21,61.69231414794922
2022-04-22,60.278194427490234
2022-04-25,62.130245208740234
2022-04-26,59.45709228515625
2022-04-27,58.745460510253906
2022-04-28,62.20322799682617
2022-04-29,59.48444747924805
2022-05-02,61.91127014160156
2022-05-03,62.21234893798828
2022-05-04,64.50231170654297
2022-05-05,62.130245208740234
2022-05-06,61.637569427490234
2022-05-09,58.672481536865234
2022-05-10,62.26708984375
2022-05-11,58.90055465698242
2022-05-12,59.69429016113281
2022-05-13,61.15403747558594
2022-05-16,60.150455474853516
2022-05-17,63.13380813598633
2022-05-18,60.34205627441406
2022-05-19,60.475826263427734
2022-05-20,61.08047866821289
2022-05-23,61.38282012939453
2022-05-24,61.47443389892578
2022-05-25,62.35393524169922
2022-05-26,64.18627166748047
2022-05-27,66.68739318847656
2022-05-31,66.55911254882812
2022-06-01,65.19406127929688
2022-06-02,67.17296600341797
2022-06-03,65.26734161376953
2022-06-06,64.3420181274414
2022-06-07,64.7542724609375
2022-06-08,63.13267517089844
2022-06-09,61.04383850097656
2022-06-10,58.771759033203125
2022-06-13,54.95136642456055
2022-06-14,55.84003829956055
2022-06-15,56.38973617553711
2022-06-16,52.340301513671875
2022-06-17,52.77089309692383
2022-06-21,54.37417984008789
2022-06-22,54.016876220703125
2022-06-23,53.05490493774414
2022-06-24,55.50105667114258
2022-06-27,55.58351135253906
2022-06-28,54.465797424316406
2022-06-29,53.18316650390625
2022-06-30,53.21065902709961
2022-07-01,51.451629638671875
2022-07-05,51.43329620361328
2022-07-06,51.44246292114258
2022-07-07,53.824485778808594
2022-07-08,54.465797424316406
2022-07-11,53.93442153930664
2022-07-12,54.23675537109375
2022-07-13,54.365020751953125
2022-07-14,55.82170867919922
2022-07-15,57.1501579284668
2022-07-18,56.57297134399414
2022-07-19,59.1107292175293
2022-07-20,60.054386138916016
2022-07-21,60.64988327026367
2022-07-22,59.293975830078125
2022-07-25,59.18402862548828
2022-07-26,58.167091369628906
2022-07-27,61.08047866821289
2022-07-28,61.72179412841797
2022-07-29,63.08686065673828
2022-08-01,63.36173629760742
2022-08-02,63.462501525878906
2022-08-03,67.08135223388672
2022-08-04,66.659912109375
2022-08-05,65.46890258789062
2022-08-08,64.95584869384766
2022-08-09,62.29895782470703
2022-08-10,64.76346588134766
2022-08-11,65.38642883300781
2022-08-12,67.53025817871094
2022-08-15,68.0524673461914
2022-08-16,67.8783950805664
2022-08-17,65.67960357666016
2022-08-18,66.8765640258789
2022-08-19,65.17450714111328
2022-08-22,62.64445495605469
2022-08-23,63.59206771850586
2022-08-24,63.040061950683594
2022-08-25,64.93531036376953
2022-08-26,60.68479537963867
2022-08-29,59.53477478027344
2022-08-30,59.884376525878906
2022-08-31,60.031585693359375
2022-09-01,59.737178802490234
2022-09-02,59.3415641784668
2022-09-06,58.651546478271484
2022-09-07,59.82917785644531
2022-09-08,60.482398986816406
2022-09-09,61.60482406616211
2022-09-12,62.02804183959961
2022-09-13,58.10873794555664
2022-09-14,60.4363899230957
2022-09-15,59.43356704711914
2022-09-16,60.44559860229492
2022-09-19,61.54042434692383
2022-09-20,60.141990661621094
2022-09-21,59.55317306518555
2022-09-22,58.24673843383789
2022-09-23,57.20709991455078
2022-09-26,56.54468536376953
2022-09-27,57.51071548461914
2022-09-28,58.78955078125
2022-09-29,57.03230285644531
2022-09-30,56.14907455444336
2022-10-03,58.56874084472656
2022-10-04,61.36561965942383
2022-10-05,62.000431060791016
2022-10-06,61.75202178955078
2022-10-07,58.71595001220703
2022-10-10,56.33308792114258
2022-10-11,54.78744888305664
2022-10-12,53.214202880859375
2022-10-13,54.68623733520508
2022-10-14,52.72659683227539
2022-10-17,54.22623062133789
2022-10-18,54.52983856201172
2022-10-19,54.575843811035156
2022-10-20,54.5206298828125
2022-10-21,56.90349578857422
2022-10-24,57.437110900878906
2022-10-25,59.32316207885742
2022-10-26,57.565914154052734
2022-10-27,56.34229278564453
2022-10-28,57.961524963378906
2022-10-31,56.80229568481445
2022-11-01,57.37271499633789
2022-11-02,55.7902717590332
2022-11-03,54.70463943481445
2022-11-04,58.752742767333984
2022-11-07,60.2891960144043
2022-11-08,62.34082794189453
2022-11-09,61.181610107421875
2022-11-10,68.0082015991211
2022-11-11,69.76542663574219
2022-11-14,68.9006118774414
2022-11-15,70.78666687011719
2022-11-16,67.75057983398438
2022-11-17,67.88860321044922
2022-11-18,68.23818969726562
2022-11-21,66.76701354980469
2022-11-22,69.47465515136719
2022-11-23,70.80538177490234
2022-11-25,69.92745971679688
2022-11-28,68.69840240478516
2022-11-29,68.58751678466797
2022-11-30,73.18032836914062
2022-12-01,72.37637329101562
2022-12-02,71.4430160522461
2022-12-05,70.76841735839844
2022-12-06,69.43769073486328
2022-12-07,69.5208740234375
2022-12-08,70.99019622802734
2022-12-09,70.12152099609375
2022-12-12,71.46150207519531
2022-12-13,71.53543853759766
2022-12-14,70.3340835571289
2022-12-15,67.19210815429688
2022-12-16,67.1551513671875
2022-12-19,66.05545806884766
2022-12-20,65.81517028808594
2022-12-21,67.42312622070312
2022-12-22,64.60458374023438
2022-12-23,64.62306213378906
2022-12-27,63.7913818359375
2022-12-28,62.71941375732422
2022-12-29,65.10360717773438
2022-12-30,64.91878509521484
2023-01-03,63.85606384277344
2023-01-04,65.4178237915039
2023-01-05,63.85606384277344
2023-01-06,67.24755096435547
2023-01-09,68.19938659667969
2023-01-10,69.72415924072266
2023-01-11,69.67794799804688
2023-01-12,69.53010559082031
2023-01-13,69.23438262939453
2023-01-17,68.8370132446289
2023-01-18,68.29178619384766
2023-01-19,66.30496215820312
2023-01-20,68.01456451416016
2023-01-23,70.51890563964844
2023-01-24,69.97368621826172
2023-01-25,70.35255432128906
2023-01-26,72.32091522216797
2023-01-27,71.78492736816406
2023-01-30,69.93672180175781
2023-01-31,71.7294921875
2023-02-01,75.00084686279297
2023-02-02,78.1150894165039
2023-02-03,78.86361694335938
2023-02-06,78.05965423583984
2023-02-07,79.9540786743164
2023-02-08,78.35536193847656
2023-02-09,78.44778442382812
2023-02-10,76.33155059814453
2023-02-13,77.93026733398438
2023-02-14,78.43852996826172
2023-02-15,79.390380859375
2023-02-16,78.21675109863281
2023-02-17,77.27757263183594
2023-02-21,74.87396240234375
2023-02-22,74.0387191772461
2023-02-23,75.35653686523438
2023-02-24,73.94593048095703
2023-02-27,74.81827545166016
2023-02-28,75.19876861572266
2023-03-01,74.96675872802734
2023-03-02,75.21733093261719
2023-03-03,76.65579223632812
2023-03-06,76.07112884521484
2023-03-07,76.20104217529297
2023-03-08,78.43760681152344
2023-03-09,77.26829528808594
2023-03-10,75.69992065429688
2023-03-13,75.43077850341797
2023-03-14,77.2497329711914
2023-03-15,74.71620178222656
2023-03-16,76.33097839355469
2023-03-17,74.90180969238281
2023-03-20,76.36811065673828
2023-03-21,76.36811065673828
2023-03-22,74.7718734741211
2023-03-23,76.37738037109375
2023-03-24,73.71390533447266
2023-03-27,71.96919250488281
2023-03-28,72.25688934326172
2023-03-29,75.05027770996094
2023-03-30,76.82283782958984
2023-03-31,77.75086975097656
2023-04-03,76.75786590576172
2023-04-04,75.76486206054688
2023-04-05,73.79744720458984
2023-04-06,73.03646087646484
2023-04-10,74.75332641601562
2023-04-11,74.75332641601562
2023-04-12,73.52830505371094
2023-04-13,74.36353302001953
2023-04-14,73.80670166015625
2023-04-17,74.74403381347656
2023-04-18,74.95748138427734
2023-04-19,73.66749572753906
2023-04-20,71.92280578613281
2023-04-21,71.27317810058594
2023-04-24,71.7093505859375
2023-04-25,69.01805114746094
2023-04-26,68.77677154541016
2023-04-27,66.63301086425781
2023-04-28,67.73735809326172
2023-05-01,69.95537567138672
2023-05-02,70.64212799072266
2023-05-03,70.76275634765625
2023-05-04,70.55859375
2023-05-05,69.7697525024414
2023-05-08,68.92523956298828
2023-05-09,67.47750854492188
2023-05-10,68.83243560791016
2023-05-11,67.8858413696289
2023-05-12,68.49833679199219
2023-05-15,69.95537567138672
2023-05-16,68.72108459472656
2023-05-17,71.08757019042969
2023-05-18,72.66523742675781
2023-05-19,72.62140655517578
2023-05-22,73.85242462158203
2023-05-23,72.38825988769531
2023-05-24,68.6578598022461
2023-05-25,69.14280700683594
2023-05-26,73.04106903076172
2023-05-30,71.6701431274414
2023-05-31,70.18732452392578
2023-06-01,71.49295806884766
2023-06-02,71.99655151367188
2023-06-05,70.1966323852539
2023-06-06,72.2763442993164
2023-06-07,75.5311050415039
2023-06-08,75.30728149414062
2023-06-09,74.67311096191406
2023-06-12,77.33101654052734
2023-06-13,79.93296813964844
2023-06-14,80.80029296875
2023-06-15,79.61588287353516
2023-06-16,79.72779083251953
2023-06-20,78.70194244384766
2023-06-21,77.36831665039062
2023-06-22,77.51754760742188
2023-06-23,76.44505310058594
2023-06-26,77.25640869140625
2023-06-27,80.93085479736328
2023-06-28,80.09151458740234
2023-06-29,81.11737823486328
2023-06-30,83.55145263671875
2023-07-03,84.57730865478516
2023-07-05,82.46964263916016
2023-07-06,81.03343963623047
2023-07-07,80.78164672851562
2023-07-10,82.89862060546875
2023-07-11,82.43231964111328
2023-07-12,84.59595489501953
2023-07-13,86.13475036621094
2023-07-14,83.67268371582031
2023-07-17,85.96688079833984
2023-07-18,87.04869079589844
2023-07-19,85.54721069335938
2023-07-20,82.29244232177734
2023-07-21,83.67268371582031
2023-07-24,82.87998962402344
2023-07-25,84.7171859741211
2023-07-26,82.37637329101562
2023-07-27,84.33483123779297
2023-07-28,86.82486724853516
2023-07-31,87.6082534790039
2023-08-01,87.05802154541016
2023-08-02,84.18561553955078
2023-08-03,83.48616027832031
2023-08-04,77.83462524414062
2023-08-07,79.09363555908203
2023-08-08,78.83248901367188
2023-08-09,78.3941879272461
2023-08-10,77.69474029541016
2023-08-11,76.25853729248047
2023-08-14,77.44293212890625
2023-08-15,75.43785095214844
2023-08-16,74.3933334350586
2023-08-17,73.76850128173828
2023-08-18,74.05760955810547
2023-08-21,75.48250579833984
2023-08-22,75.21066284179688
2023-08-23,75.54812622070312
2023-08-24,72.89518737792969
2023-08-25,74.40444946289062
2023-08-28,75.26689910888672
2023-08-29,76.841796875
2023-08-30,76.86054229736328
2023-08-31,76.71992492675781
2023-09-01,77.14176177978516
2023-09-05,76.4574203491211
2023-09-06,75.98872375488281
2023-09-07,74.1513442993164
2023-09-08,73.85136413574219
2023-09-11,74.48882293701172
2023-09-12,73.4670181274414
2023-09-13,73.74825286865234
2023-09-14,75.02314758300781
2023-09-15,72.7733154296875
2023-09-18,73.07328033447266
2023-09-19,72.91392517089844
2023-09-20,71.92024230957031
2023-09-21,71.32965087890625
2023-09-22,72.2577133178711
2023-09-25,72.58582305908203
2023-09-26,71.29216003417969
2023-09-27,71.71399688720703
2023-09-28,73.69200134277344
2023-09-29,73.16703796386719
2023-10-02,73.4670181274414
2023-10-03,71.94837188720703
2023-10-04,72.90454864501953
2023-10-05,72.51082611083984
2023-10-06,74.56382751464844
2023-10-09,74.46070098876953
2023-10-10,75.72623443603516
2023-10-11,76.14807891845703
2023-10-12,75.47312927246094
2023-10-13,72.61394500732422
2023-10-16,74.01074981689453
2023-10-17,73.97322845458984
2023-10-18,73.11078643798828
2023-10-19,71.9858627319336
2023-10-20,70.64533233642578
2023-10-23,69.73600769042969
2023-10-24,71.27340698242188
2023-10-25,66.91432189941406
2023-10-26,68.2080078125
2023-10-27,67.73926544189453
2023-10-30,66.23936462402344
2023-10-31,66.82996368408203
2023-11-01,66.5956039428711
2023-11-02,68.99543762207031
2023-11-03,71.64839172363281
2023-11-06,70.42034149169922
2023-11-07,70.59844970703125
2023-11-08,70.64533233642578
2023-11-09,69.08917999267578
2023-11-10,72.70768737792969
2023-11-13,71.82650756835938
2023-11-14,76.19496154785156
2023-11-15,77.33863067626953
2023-11-16,77.01991271972656
2023-11-17,78.30419921875
2023-11-20,79.41036987304688
2023-11-21,77.75094604492188
2023-11-22,77.70382690429688
2023-11-24,78.45767974853516
2023-11-27,77.0442123413086
2023-11-28,77.10073852539062
2023-11-29,78.19384002685547
2023-11-30,78.62730407714844
2023-12-01,79.77693939208984
2023-12-04,79.61672973632812
2023-12-05,78.73094940185547
2023-12-06,78.79692840576172
2023-12-07,80.86061096191406
2023-12-08,81.11502838134766
2023-12-11,83.78179931640625
2023-12-12,84.08333587646484
2023-12-13,84.67700958251953
2023-12-14,87.59821319580078
2023-12-15,86.88204193115234
2023-12-18,86.04337310791016
2023-12-19,86.11876678466797
2023-12-20,83.44256591796875
2023-12-21,84.69584655761719
2023-12-22,84.98797607421875
2023-12-26,86.04337310791016
2023-12-27,85.86434173583984
2023-12-28,85.6004638671875
2023-12-29,84.97855377197266
2024-01-02,81.56734466552734
2024-01-03,79.69212341308594
2024-01-04,78.5896224975586
2024-01-05,79.14559173583984
2024-01-08,80.7004165649414
2024-01-09,80.4177017211914
2024-01-10,80.5119400024414
2024-01-11,80.7569351196289
2024-01-12,80.4836654663086
2024-01-16,80.24811553955078
2024-01-17,78.53307342529297
2024-01-18,81.1904067993164
2024-01-19,84.28123474121094
2024-01-22,85.5062484741211
2024-01-23,86.68415069580078
2024-01-24,85.33663940429688
2024-01-25,84.47911071777344
2024-01-26,81.90658569335938
2024-01-29,82.1987075805664
2024-01-30,81.001953125
2024-01-31,80.26693725585938
2024-02-01,80.70984649658203
2024-02-02,79.42827606201172
2024-02-05,80.53079986572266
2024-02-06,78.4482650756836
2024-02-07,78.50480651855469
2024-02-08,79.48480224609375
2024-02-09,80.5119400024414
2024-02-12,79.1078872680664
2024-02-13,76.01705932617188
2024-02-14,75.93226623535156
2024-02-15,77.75094604492188
2024-02-16,76.90284729003906
2024-02-20,77.64728546142578
2024-02-21,78.66498565673828
2024-02-22,79.4892578125
2024-02-23,78.4849853515625
2024-02-26,78.54183959960938
2024-02-27,78.57972717285156
2024-02-28,77.85968780517578
2024-02-29,79.71663665771484
2024-03-01,82.42630004882812
2024-03-04,82.35049438476562
2024-03-05,81.1377944946289
2024-03-06,83.19369506835938
2024-03-07,88.4329833984375
2024-03-08,84.1695556640625
2024-03-11,85.80860137939453
2024-03-12,87.13501739501953
2024-03-13,85.78018188476562
2024-03-14,84.30220794677734
2024-03-15,83.98007202148438
2024-03-18,83.44951629638672
2024-03-19,82.69156646728516
2024-03-20,83.69584655761719
2024-03-21,84.19798278808594
2024-03-22,83.41161346435547
2024-03-25,83.0421142578125
2024-03-26,81.70623779296875
2024-03-27,84.50116729736328
2024-03-28,84.99381256103516
2024-04-01,85.02224731445312
2024-04-02,83.35476684570312
2024-04-03,83.50635528564453
2024-04-04,81.72518920898438
2024-04-05,82.96632385253906
2024-04-08,84.46326446533203
2024-04-09,86.85078430175781
2024-04-10,83.45897674560547
2024-04-11,84.58643341064453
2024-04-12,81.1377944946289
2024-04-15,81.19461822509766
2024-04-16,81.41252899169922
2024-04-17,80.5977554321289
2024-04-18,79.78296661376953
2024-04-19,77.3859634399414
2024-04-22,79.13870239257812
2024-04-23,81.65886688232422
2024-04-24,85.91283416748047
2024-04-25,87.36239624023438
2024-04-26,88.6793212890625
2024-04-29,88.2813949584961
2024-04-30,87.14447784423828
2024-05-01,84.12218475341797
2024-05-02,84.75696563720703
2024-05-03,86.55708312988281
2024-05-06,88.83091735839844
2024-05-07,87.22028350830078
2024-05-08,87.1539535522461
2024-05-09,86.67076873779297
2024-05-10,86.68971252441406
2024-05-13,87.67504119873047
2024-05-14,88.92565155029297
2024-05-15,90.34678649902344
2024-05-16,89.2856674194336
2024-05-17,89.3709487915039
2024-05-20,91.38896179199219
2024-05-21,91.17193603515625
2024-05-22,94.70343780517578
2024-05-23,93.41839599609375
2024-05-24,93.50406646728516
2024-05-28,94.065673828125
2024-05-29,90.96251678466797
2024-05-30,91.69547271728516
2024-05-31,92.55217742919922
2024-06-03,91.0196304321289
2024-06-04,89.47756958007812
2024-06-05,89.76313018798828
2024-06-06,88.86836242675781
2024-06-07,88.38289642333984
2024-06-10,89.76313018798828
2024-06-11,89.03018188476562
2024-06-12,89.97254943847656
2024-06-13,88.34481048583984
2024-06-14,86.95506286621094
2024-06-17,86.64093017578125
2024-06-18,88.95403289794922
2024-06-20,84.7371597290039
2024-06-21,87.17399597167969
2024-06-24,84.88946533203125
2024-06-25,84.86091613769531
2024-06-26,85.71761322021484
2024-06-27,85.12744140625
2024-06-28,87.09783935546875
2024-07-01,87.18350219726562
2024-07-02,87.63091278076172
2024-07-03,89.07777404785156
2024-07-05,87.7070541381836
2024-07-08,88.7731704711914
2024-07-09,87.89743041992188
2024-07-10,91.36231231689453
2024-07-11,87.65945434570312
2024-07-12,88.15444946289062
2024-07-15,87.65945434570312
2024-07-16,90.24859619140625
2024-07-17,87.11688232421875
2024-07-18,87.11688232421875
2024-07-19,84.49919128417969
2024-07-22,88.6399154663086
2024-07-23,85.39395904541016
2024-07-24,82.405029296875
2024-07-25,80.93912506103516
2024-07-26,82.65251922607422
2024-07-29,83.72815704345703
2024-07-30,82.37647247314453
2024-07-31,84.50871276855469
2024-08-01,80.31088256835938
2024-08-02,71.80099487304688
2024-08-05,70.3065185546875
2024-08-06,71.07754516601562
2024-08-07,68.5360107421875
2024-08-08,73.56198120117188
2024-08-09,72.42923736572266
2024-08-12,72.74335479736328
2024-08-13,75.3324966430664
2024-08-14,74.34253692626953
2024-08-15,77.38858795166016
2024-08-16,76.9602279663086
2024-08-19,78.08345031738281
2024-08-20,76.41765594482422
2024-08-21,78.825927734375
2024-08-22,76.3603515625
2024-08-23,78.28418731689453
2024-08-26,76.85806274414062
2024-08-27,77.47062683105469
2024-08-28,75.99663543701172
2024-08-29,77.50891876220703
2024-08-30,78.6383285522461
2024-09-03,73.12522888183594
2024-09-04,73.59423065185547
2024-09-05,73.46022033691406
2024-09-06,70.91423034667969
2024-09-09,72.17766571044922
2024-09-10,71.96710205078125
2024-09-11,74.13021850585938
2024-09-12,72.81893920898438
2024-09-13,74.29293060302734
2024-09-16,73.69951629638672
2024-09-17,73.69951629638672
2024-09-18,73.0869369506836
2024-09-19,75.4510726928711
2024-09-20,73.70907592773438
2024-09-23,73.7569351196289
2024-09-24,74.17807006835938
2024-09-25,72.84765625
2024-09-26,76.86763763427734
2024-09-27,77.13563537597656
2024-09-30,76.84848022460938
2024-10-01,74.16851043701172
2024-10-02,74.8672103881836
2024-10-03,74.01536560058594
2024-10-04,74.35035705566406
2024-10-07,73.1730728149414
2024-10-08,73.99622344970703
2024-10-09,74.83850860595703
2024-10-10,74.02493286132812
2024-10-11,74.63751220703125
2024-10-14,75.60420989990234
2024-10-15,72.00537872314453
2024-10-16,72.6370849609375
2024-10-17,73.29752349853516
2024-10-18,74.02493286132812
2024-10-21,71.95751953125
2024-10-22,72.1968002319336
2024-10-23,72.04366302490234
2024-10-24,72.60838317871094
2024-10-25,73.01995086669922
2024-10-28,73.89093780517578
2024-10-29,75.6616439819336
2024-10-30,72.34038543701172
2024-10-31,70.22510528564453
2024-11-01,71.60337829589844
2024-11-04,71.27796173095703
2024-11-05,71.87138366699219
2024-11-06,70.58880615234375
2024-11-07,71.15351104736328
2024-11-08,69.74653625488281
2024-11-11,66.88468933105469
2024-11-12,64.41529083251953
2024-11-13,63.735713958740234
2024-11-14,62.78814697265625
2024-11-15,60.16559600830078
2024-11-18,62.453155517578125
2024-11-19,62.09900665283203
2024-11-20,62.32872772216797
2024-11-21,63.65915298461914
2024-11-22,64.2711181640625
2024-11-25,67.31649780273438
2024-11-26,65.9287338256836
2024-11-27,65.40830993652344
2024-11-29,65.69743347167969
2024-12-02,67.75981903076172
2024-12-03,63.01826095581055
2024-12-04,59.404273986816406
2024-12-05,56.13723373413086
2024-12-06,57.13951873779297
2024-12-09,59.62593460083008
2024-12-10,59.67412185668945
2024-12-11,59.28863525390625
2024-12-12,59.26935958862305
2024-12-13,57.75630187988281
2024-12-16,56.9371337890625
2024-12-17,56.17578887939453
2024-12-18,54.1037712097168
2024-12-19,53.95921325683594
2024-12-20,53.496620178222656
2024-12-23,55.77102279663086
2024-12-24,56.43599319458008
2024-12-26,56.34926223754883
2024-12-27,56.22397232055664
2024-12-30,55.04822540283203
2024-12-31,55.26988220214844
2025-01-02,54.81692886352539
2025-01-03,55.57827377319336
2025-01-06,56.17578887939453
2025-01-07,55.385528564453125
2025-01-08,54.33506393432617
2025-01-10,53.18822479248047
2025-01-13,53.88211441040039
2025-01-14,54.81692886352539
2025-01-15,54.93257522583008
2025-01-16,54.151954650878906
2025-01-17,55.86739730834961
2025-01-21,56.3878059387207
2025-01-22,56.35889434814453
2025-01-23,57.409358978271484
2025-01-24,54.34470748901367
2025-01-27,55.154232025146484
2025-01-28,54.238685607910156
2025-01-29,53.99775314331055
2025-01-30,53.1593132019043
2025-01-31,52.33050537109375
2025-02-03,50.364498138427734
2025-02-04,50.692169189453125
2025-02-05,51.55952453613281
2025-02-06,51.18367004394531
2025-02-07,50.0079231262207
2025-02-10,50.16211700439453
2025-02-11,50.672889709472656
2025-02-12,51.89682388305664
2025-02-13,52.291954040527344
2025-02-14,53.737548828125
2025-02-18,55.761383056640625
2025-02-19,61.2835578918457
2025-02-20,61.967803955078125
2025-02-21,58.85495376586914
2025-02-24,59.06371307373047
2025-02-25,58.422874450683594
2025-02-26,58.03449249267578
2025-02-27,55.4614372253418
2025-02-28,57.15091323852539
2025-03-03,56.267337799072266
2025-03-04,56.451820373535156
2025-03-05,57.90826416015625
2025-03-06,56.56834030151367
2025-03-07,58.03449249267578
2025-03-10,51.89799880981445
2025-03-11,50.723140716552734
2025-03-12,50.39300537109375
2025-03-13,50.383296966552734
2025-03-14,51.94654846191406
2025-03-17,53.65544509887695
2025-03-18,52.626224517822266
2025-03-19,52.98548126220703
2025-03-20,49.51913833618164
2025-03-21,50.21823501586914
2025-03-24,52.325225830078125
2025-03-25,50.83965301513672
2025-03-26,50.65517044067383
2025-03-27,49.31523895263672
2025-03-28,47.285926818847656
2025-03-31,47.00434112548828
2025-04-01,47.09173583984375
2025-04-02,47.50925064086914
2025-04-03,39.52792739868164
2025-04-04,35.168304443359375
2025-04-07,36.98400115966797
2025-04-08,34.31385040283203
2025-04-09,43.59626388549805
2025-04-10,37.6830940246582
2025-04-11,37.58599853515625
2025-04-14,37.751060485839844
2025-04-15,37.60541915893555
2025-04-16,36.84806823730469
2025-04-17,37.44035339355469
2025-04-21,38.285091400146484
2025-04-22,39.1201171875
2025-04-23,40.712501525878906
2025-04-24,45.751800537109375
2025-04-25,45.528480529785156
2025-04-28,45.64499282836914
2025-04-29,44.58664321899414
2025-04-30,44.742000579833984
2025-05-01,44.64490509033203
2025-05-02,46.518863677978516
2025-05-05,46.392635345458984
2025-05-06,45.86832046508789
2025-05-07,46.683929443359375
2025-05-08,47.71315002441406
2025-05-09,53.72341537475586
2025-05-12,59.189937591552734
2025-05-13,60.49102783203125
2025-05-14,58.888938903808594
2025-05-15,59.034584045410156
2025-05-16,59.43267822265625
2025-05-19,58.81126403808594
2025-05-20,59.034584045410156
2025-05-21,57.52959060668945
2025-05-22,56.80062484741211
2025-05-23,54.98065185546875
2025-05-27,57.41706848144531
2025-05-28,56.22332000732422
2025-05-29,56.859336853027344
2025-05-30,56.79084014892578
2025-06-02,58.708656311035156
2025-06-03,62.466007232666016
2025-06-04,63.278141021728516
2025-06-05,62.9846076965332
2025-06-06,63.84566116333008
2025-06-09,66.58540344238281
2025-06-10,68.09225463867188
2025-06-11,68.10204315185547
2025-06-12,66.46798706054688
2025-06-13,64.31533813476562
2025-06-16,66.7223892211914
2025-06-17,66.233154296875
2025-06-18,66.55604553222656
2025-06-20,67.485595703125
2025-06-23,67.10399627685547
2025-06-24,68.9141845703125
2025-06-25,70.05899047851562
2025-06-26,69.25665283203125
2025-06-27,68.97288513183594
2025-06-30,68.85546875
2025-07-01,70.13727569580078
2025-07-02,71.5854263305664
2025-07-03,71.4875717163086
2025-07-07,69.94158172607422
2025-07-08,72.95529174804688
2025-07-09,73.07270050048828
2025-07-10,73.46409606933594
2025-07-11,72.95529174804688
2025-07-14,72.45626831054688
2025-07-15,71.5364990234375
2025-07-16,72.82808685302734
2025-07-17,72.70088195800781
2025-07-18,73.1705551147461
2025-07-21,72.26057434082031
2025-07-22,73.64022827148438
2025-07-23,68.7380599975586
2025-07-24,66.35055541992188
2025-07-25,67.7204360961914
2025-07-28,69.01202392578125
2025-07-29,69.15879821777344
2025-07-30,68.7771987915039
2025-07-31,66.13529205322266
2025-08-01,64.93177032470703
2025-08-04,65.15682220458984
2025-08-05,65.68519592285156
2025-08-06,64.74586486816406
2025-08-07,64.79478454589844
2025-08-08,60.53841018676758
2025-08-11,59.63821029663086
2025-08-12,63.1118049621582
2025-08-13,64.33489990234375
2025-08-14,64.56974029541016
2025-08-15,64.29576110839844
2025-08-18,64.14898681640625
2025-08-19,63.317291259765625
2025-08-20,65.32316589355469
2025-08-21,64.6773681640625
2025-08-22,68.120849609375
2025-08-25,67.53955078125
2025-08-26,66.62326049804688
2025-08-27,65.66755676269531
2025-08-28,64.28819274902344
2025-08-29,64.04187774658203
2025-09-02,62.66250991821289
2025-09-03,62.34722900390625
2025-09-04,63.48027801513672
2025-09-05,64.94831848144531
2025-09-08,64.33745574951172
2025-09-09,63.805416107177734
2025-09-10,63.78570556640625
2025-09-11,64.06157684326172
2025-09-12,63.74629211425781
2025-09-15,62.23884963989258
2025-09-16,63.49998474121094
2025-09-17,64.81037902832031
2025-09-18,65.28330993652344
2025-09-19,64.18966674804688
2025-09-22,64.43598175048828
2025-09-23,63.75615310668945
2025-09-24,64.87934875488281
2025-09-25,63.88422775268555
2025-09-26,63.47042465209961
2025-09-29,63.12558364868164
2025-09-30,63.273372650146484
2025-10-01,63.16499710083008
2025-10-02,65.15522003173828
2025-10-03,65.55917358398438
2025-10-06,65.60843658447266
2025-10-07,64.0024642944336
2025-10-08,65.9335708618164
2025-10-09,64.88919830322266
2025-10-10,59.519535064697266
2025-10-13,63.44086837768555
2025-10-14,63.64777374267578
2025-10-15,64.248779296875
2025-10-16,64.38671875
2025-10-17,64.17981719970703
2025-10-20,66.08135986328125
2025-10-21,66.52472686767578
2025-10-22,63.54924392700195
2025-10-23,64.13054656982422
2025-10-24,62.23884963989258
2025-10-27,63.5985107421875
2025-10-28,62.70192337036133
2025-10-29,61.61813735961914
2025-10-30,61.155067443847656
2025-10-31,61.49990463256836
2025-11-03,61.490055084228516
2025-11-04,58.622947692871094
2025-11-05,59.903785705566406
2025-11-06,58.475154876708984
2025-11-07,55.450408935546875
2025-11-10,54.59323501586914
2025-11-11,53.90355682373047
2025-11-12,54.80999755859375
2025-11-13,54.00208282470703
2025-11-14,52.69168472290039
2025-11-17,50.937923431396484
2025-11-18,50.12015914916992
2025-11-19,50.05118942260742
2025-11-20,48.297428131103516
2025-11-21,50.14971923828125
2025-11-24,50.95000457763672
2025-11-25,51.526611328125
2025-11-26,52.26227569580078
2025-11-28,53.26636505126953
2025-12-01,53.11724090576172
2025-12-02,56.3780403137207
2025-12-03,63.23765182495117
2025-12-04,64.34115600585938
2025-12-05,65.42477416992188
2025-12-08,66.95575714111328
2025-12-09,66.45868682861328
2025-12-10,67.5025405883789
2025-12-11,68.6855697631836
2025-12-12,66.78675842285156
2025-12-15,66.78675842285156
2025-12-16,65.51425170898438
2025-12-17,63.61542892456055
2025-12-18,63.68501663208008
2025-12-19,64.53004455566406
2025-12-22,65.85225677490234
2025-12-23,64.96746826171875
2025-12-24,64.97740936279297
2025-12-26,64.55986785888672
2025-12-29,64.27156829833984
2025-12-30,64.3013916015625
2025-12-31,63.34701156616211
