Date,META
2015-07-01,86.23329162597656
2015-07-02,86.61032104492188
2015-07-06,86.8683090209961
2015-07-07,86.54087829589844
2015-07-08,84.98309326171875
2015-07-09,85.21129608154297
2015-07-10,87.26518249511719
2015-07-13,89.3984375
2015-07-14,88.98171997070312
2015-07-15,89.06109619140625
2015-07-16,90.1426010131836
2015-07-17,94.23052215576172
2015-07-20,97.14765167236328
2015-07-21,97.62389373779297
2015-07-22,96.28441619873047
2015-07-23,94.69688415527344
2015-07-24,96.19511413574219
2015-07-27,93.43675231933594
2015-07-28,94.54803466796875
2015-07-29,96.23480224609375
2015-07-30,94.46864318847656
2015-07-31,93.27800750732422
2015-08-03,93.406982421875
2015-08-04,93.32759857177734
2015-08-05,95.68909454345703
2015-08-06,94.3793716430664
2015-08-07,93.56574249267578
2015-08-10,93.41691589355469
2015-08-11,92.89104461669922
2015-08-12,93.45661163330078
2015-08-13,92.70252990722656
2015-08-14,93.68480682373047
2015-08-17,93.1986312866211
2015-08-18,94.4289779663086
2015-08-19,94.56787872314453
2015-08-20,89.8548583984375
2015-08-21,85.38990783691406
2015-08-24,81.45082092285156
2015-08-25,82.3537368774414
2015-08-26,86.5111083984375
2015-08-27,89.03133392333984
2015-08-28,90.3013687133789
2015-08-31,88.7336654663086
2015-09-01,86.55079650878906
2015-09-02,89.19007873535156
2015-09-03,87.463623046875
2015-09-04,87.5727767944336
2015-09-08,88.8328857421875
2015-09-09,89.73580169677734
2015-09-10,91.2638168334961
2015-09-11,91.33326721191406
2015-09-14,91.59123992919922
2015-09-15,92.17665100097656
2015-09-16,92.72235870361328
2015-09-17,93.60541534423828
2015-09-18,93.66496276855469
2015-09-21,94.80599975585938
2015-09-22,92.2361831665039
2015-09-23,93.23831176757812
2015-09-24,93.67489624023438
2015-09-25,92.04764556884766
2015-09-28,88.515380859375
2015-09-29,85.99515533447266
2015-09-30,89.20000457763672
2015-10-01,90.24181365966797
2015-10-02,91.35311126708984
2015-10-05,93.27800750732422
2015-10-06,92.07743835449219
2015-10-07,91.6805419921875
2015-10-08,91.74999237060547
2015-10-09,92.51400756835938
2015-10-12,93.52603912353516
2015-10-13,93.38715362548828
2015-10-14,93.3375244140625
2015-10-15,95.21280670166016
2015-10-16,96.78052520751953
2015-10-19,97.7032699584961
2015-10-20,96.24472045898438
2015-10-21,96.35386657714844
2015-10-22,98.89392852783203
2015-10-23,101.39432525634766
2015-10-26,102.96199035644531
2015-10-27,102.89254760742188
2015-10-28,103.38865661621094
2015-10-29,104.06336212158203
2015-10-30,101.17603302001953
2015-11-02,102.5055923461914
2015-11-03,101.78126525878906
2015-11-04,103.13068389892578
2015-11-05,107.91316986083984
2015-11-06,106.26608276367188
2015-11-09,105.66083526611328
2015-11-10,107.06977844238281
2015-11-11,108.16120147705078
2015-11-12,107.17891693115234
2015-11-13,103.14059448242188
2015-11-16,103.22990417480469
2015-11-17,104.31141662597656
2015-11-18,106.93085479736328
2015-11-19,105.4326400756836
2015-11-20,106.48435974121094
2015-11-23,106.11721801757812
2015-11-24,104.91667938232422
2015-11-25,104.5892562866211
2015-11-27,104.62892150878906
2015-11-30,103.4283447265625
2015-12-01,106.2859115600586
2015-12-02,105.24410247802734
2015-12-03,103.56725311279297
2015-12-04,105.35325622558594
2015-12-07,104.78768920898438
2015-12-08,105.66083526611328
2015-12-09,103.7855453491211
2015-12-10,104.59916687011719
2015-12-11,101.32485961914062
2015-12-14,103.84508514404297
2015-12-15,103.7359390258789
2015-12-16,105.9584732055664
2015-12-17,105.39292907714844
2015-12-18,103.22990417480469
2015-12-21,103.95421600341797
2015-12-22,104.68846893310547
2015-12-23,103.8153076171875
2015-12-24,104.2022705078125
2015-12-28,105.10519409179688
2015-12-29,106.42484283447266
2015-12-30,105.39292907714844
2015-12-31,103.84508514404297
2016-01-04,101.42408752441406
2016-01-05,101.93010711669922
2016-01-06,102.16824340820312
2016-01-07,97.15756225585938
2016-01-08,96.57215881347656
2016-01-11,96.7507553100586
2016-01-12,98.59626770019531
2016-01-13,94.69688415527344
2016-01-14,97.60404968261719
2016-01-15,94.23052215576172
2016-01-19,94.51826477050781
2016-01-20,93.61534881591797
2016-01-21,93.42683410644531
2016-01-22,97.17742156982422
2016-01-25,96.25464630126953
2016-01-26,96.58206939697266
2016-01-27,93.7145767211914
2016-01-28,108.26042938232422
2016-01-29,111.33629608154297
2016-02-01,114.19385528564453
2016-02-02,113.71759796142578
2016-02-03,111.81256103515625
2016-02-04,109.62968444824219
2016-02-05,103.25967407226562
2016-02-08,98.97330474853516
2016-02-09,98.76493835449219
2016-02-10,100.21356964111328
2016-02-11,101.11650085449219
2016-02-12,101.21570587158203
2016-02-16,100.81883239746094
2016-02-17,104.38086700439453
2016-02-18,102.66434478759766
2016-02-19,103.75579071044922
2016-02-22,106.32560729980469
2016-02-23,104.63883972167969
2016-02-24,106.04778289794922
2016-02-25,107.22853088378906
2016-02-26,107.07969665527344
2016-02-29,106.08747863769531
2016-03-01,108.96489715576172
2016-03-02,109.0938949584961
2016-03-03,108.72676086425781
2016-03-04,107.5460433959961
2016-03-07,104.90675354003906
2016-03-08,105.10519409179688
2016-03-09,106.67289733886719
2016-03-10,106.48435974121094
2016-03-11,108.55809783935547
2016-03-14,109.03435516357422
2016-03-15,109.80826568603516
2016-03-16,111.30653381347656
2016-03-17,110.15555572509766
2016-03-18,110.58220672607422
2016-03-21,110.97908782958984
2016-03-22,111.37598419189453
2016-03-23,111.6637191772461
2016-03-24,112.16976165771484
2016-03-28,112.80476379394531
2016-03-29,115.2356948852539
2016-03-30,113.8069076538086
2016-03-31,113.21157836914062
2016-04-01,115.15630340576172
2016-04-04,111.67365264892578
2016-04-05,111.3462142944336
2016-04-06,112.8246078491211
2016-04-07,112.7551498413086
2016-04-08,109.76860046386719
2016-04-11,108.14136505126953
2016-04-12,109.7487564086914
2016-04-13,109.64952850341797
2016-04-14,109.97694396972656
2016-04-15,108.78630065917969
2016-04-18,109.59001159667969
2016-04-19,111.4156723022461
2016-04-20,111.54466247558594
2016-04-21,112.55671691894531
2016-04-22,109.69914245605469
2016-04-25,109.24271392822266
2016-04-26,107.91316986083984
2016-04-27,108.0421371459961
2016-04-28,115.82110595703125
2016-04-29,116.66448211669922
2016-05-02,117.64677429199219
2016-05-03,116.51563262939453
2016-05-04,117.1407470703125
2016-05-05,116.89268493652344
2016-05-06,118.55960083007812
2016-05-09,118.31153869628906
2016-05-10,119.56175231933594
2016-05-11,118.5893783569336
2016-05-12,119.34345245361328
2016-05-13,118.87710571289062
2016-05-16,117.7459945678711
2016-05-17,116.43626403808594
2016-05-18,116.73394012451172
2016-05-19,115.90047454833984
2016-05-20,116.43626403808594
2016-05-23,115.06702423095703
2016-05-24,116.7835464477539
2016-05-25,116.97207641601562
2016-05-26,118.53975677490234
2016-05-27,118.4504623413086
2016-05-31,117.8849105834961
2016-06-01,117.85514068603516
2016-06-02,118.00397491455078
2016-06-03,117.54756164550781
2016-06-06,117.86506652832031
2016-06-07,116.84307861328125
2016-06-08,117.46817779541016
2016-06-09,117.6368408203125
2016-06-10,115.71195220947266
2016-06-13,113.062744140625
2016-06-14,114.04502868652344
2016-06-15,113.70767974853516
2016-06-16,113.49932098388672
2016-06-17,112.13998413085938
2016-06-20,112.48725891113281
2016-06-21,113.48939514160156
2016-06-22,113.02306365966797
2016-06-23,114.18394470214844
2016-06-24,111.2072982788086
2016-06-27,108.12152862548828
2016-06-28,111.82247924804688
2016-06-29,113.27111053466797
2016-06-30,113.39017486572266
2016-07-01,113.3008804321289
2016-07-05,113.31079864501953
2016-07-06,115.79132843017578
2016-07-07,114.94794464111328
2016-07-08,116.32711791992188
2016-07-11,116.95222473144531
2016-07-12,117.01174926757812
2016-07-13,115.87071228027344
2016-07-14,116.37674713134766
2016-07-15,115.95008087158203
2016-07-18,118.44054412841797
2016-07-19,119.6708755493164
2016-07-20,120.97068786621094
2016-07-21,119.6708755493164
2016-07-22,120.057861328125
2016-07-25,120.68293762207031
2016-07-26,120.276123046875
2016-07-27,122.37962341308594
2016-07-28,124.02670288085938
2016-07-29,122.97496032714844
2016-08-01,123.34207153320312
2016-08-02,122.1315689086914
2016-08-03,121.55609130859375
2016-08-04,123.39168548583984
2016-08-05,124.17552947998047
2016-08-08,124.28468322753906
2016-08-09,124.08622741699219
2016-08-10,123.90763092041016
2016-08-11,123.92747497558594
2016-08-12,123.90763092041016
2016-08-15,122.93525695800781
2016-08-16,122.3399429321289
2016-08-17,123.40161895751953
2016-08-18,122.9451904296875
2016-08-19,122.597900390625
2016-08-22,123.18331909179688
2016-08-23,123.40161895751953
2016-08-24,122.51853942871094
2016-08-25,122.92533874511719
2016-08-26,123.98701477050781
2016-08-29,125.5547103881836
2016-08-30,124.86016082763672
2016-08-31,125.13800048828125
2016-09-01,125.18757629394531
2016-09-02,125.52494812011719
2016-09-06,128.7198944091797
2016-09-07,130.0295867919922
2016-09-08,129.2556915283203
2016-09-09,126.1103515625
2016-09-12,127.68795013427734
2016-09-13,126.21949768066406
2016-09-14,126.77513122558594
2016-09-15,127.35062408447266
2016-09-16,128.0650177001953
2016-09-19,127.64825439453125
2016-09-20,127.63837432861328
2016-09-21,128.92822265625
2016-09-22,129.067138671875
2016-09-23,126.9636459350586
2016-09-26,126.31871795654297
2016-09-27,127.68795013427734
2016-09-28,128.2237548828125
2016-09-29,127.0926284790039
2016-09-30,127.27124786376953
2016-10-03,127.76734924316406
2016-10-04,127.19186401367188
2016-10-05,127.46967315673828
2016-10-06,127.7375717163086
2016-10-07,127.98564910888672
2016-10-10,129.22589111328125
2016-10-11,127.87649536132812
2016-10-12,128.045166015625
2016-10-13,126.82473754882812
2016-10-14,126.88427734375
2016-10-17,126.54692077636719
2016-10-18,127.56893157958984
2016-10-19,129.096923828125
2016-10-20,128.9877471923828
2016-10-21,131.04165649414062
2016-10-24,132.2422332763672
2016-10-25,131.2599639892578
2016-10-26,130.01968383789062
2016-10-27,128.68019104003906
2016-10-28,130.26773071289062
2016-10-31,129.97006225585938
2016-11-01,128.4916534423828
2016-11-02,126.17981719970703
2016-11-03,119.06563568115234
2016-11-04,119.8097915649414
2016-11-07,121.19889831542969
2016-11-08,123.25277709960938
2016-11-09,122.22087097167969
2016-11-10,119.85940551757812
2016-11-11,118.09325408935547
2016-11-14,114.18394470214844
2016-11-15,116.28743743896484
2016-11-16,115.43412017822266
2016-11-17,116.87284851074219
2016-11-18,116.10883331298828
2016-11-21,120.82184600830078
2016-11-22,120.52417755126953
2016-11-23,119.89910125732422
2016-11-25,119.44266510009766
2016-11-28,119.47244262695312
2016-11-29,119.92887115478516
2016-11-30,117.49794006347656
2016-12-01,114.20378112792969
2016-12-02,114.50144958496094
2016-12-05,116.51563262939453
2016-12-06,116.3965835571289
2016-12-07,117.0315933227539
2016-12-08,117.984130859375
2016-12-09,118.74813842773438
2016-12-12,116.85298919677734
2016-12-13,119.37321472167969
2016-12-14,119.27398681640625
2016-12-15,119.63119506835938
2016-12-16,118.9366455078125
2016-12-19,118.31153869628906
2016-12-20,118.16271209716797
2016-12-21,118.11310577392578
2016-12-22,116.48587036132812
2016-12-23,116.35687255859375
2016-12-27,117.09113311767578
2016-12-28,116.0096206665039
2016-12-29,115.44403839111328
2016-12-30,114.15418243408203
2017-01-03,115.95008087158203
2017-01-04,117.76583099365234
2017-01-05,119.73042297363281
2017-01-06,122.44908142089844
2017-01-09,123.92747497558594
2017-01-10,123.38175964355469
2017-01-11,125.10820007324219
2017-01-12,125.63409423828125
2017-01-13,127.3406982421875
2017-01-17,126.87435913085938
2017-01-18,126.92396545410156
2017-01-19,126.55684661865234
2017-01-20,126.05082702636719
2017-01-23,127.92607879638672
2017-01-24,128.3626708984375
2017-01-25,130.45623779296875
2017-01-26,131.74610900878906
2017-01-27,131.1508026123047
2017-01-30,129.96014404296875
2017-01-31,129.30528259277344
2017-02-01,132.192626953125
2017-02-02,129.82122802734375
2017-02-03,129.96014404296875
2017-02-06,131.03172302246094
2017-02-07,130.81344604492188
2017-02-08,133.1550750732422
2017-02-09,133.09552001953125
2017-02-10,133.14512634277344
2017-02-13,133.0062255859375
2017-02-14,132.8077850341797
2017-02-15,132.40098571777344
2017-02-16,132.79788208007812
2017-02-17,132.4902801513672
2017-02-21,132.67881774902344
2017-02-22,135.06011962890625
2017-02-23,134.30604553222656
2017-02-24,134.3854217529297
2017-02-27,135.34788513183594
2017-02-28,134.48464965820312
2017-03-01,136.35000610351562
2017-03-02,135.6951141357422
2017-03-03,136.1019287109375
2017-03-06,136.35000610351562
2017-03-07,136.23094177246094
2017-03-08,136.64767456054688
2017-03-09,137.16360473632812
2017-03-10,137.70932006835938
2017-03-13,138.5130615234375
2017-03-14,138.23519897460938
2017-03-15,138.632080078125
2017-03-16,138.90000915527344
2017-03-17,138.75115966796875
2017-03-20,138.85037231445312
2017-03-21,137.43153381347656
2017-03-22,138.50308227539062
2017-03-23,138.4435577392578
2017-03-24,139.24725341796875
2017-03-27,139.22743225097656
2017-03-28,140.65621948242188
2017-03-29,141.53927612304688
2017-03-30,141.30113220214844
2017-03-31,140.9439697265625
2017-04-03,141.17214965820312
2017-04-04,140.62644958496094
2017-04-05,140.74551391601562
2017-04-06,140.07083129882812
2017-04-07,139.68380737304688
2017-04-10,139.94180297851562
2017-04-11,138.83053588867188
2017-04-12,138.4932098388672
2017-04-13,138.30467224121094
2017-04-17,140.31886291503906
2017-04-18,139.86244201660156
2017-04-19,141.1622314453125
2017-04-20,142.6802978515625
2017-04-21,142.56124877929688
2017-04-24,144.33731079101562
2017-04-25,145.34939575195312
2017-04-26,145.4188232421875
2017-04-27,146.54995727539062
2017-04-28,149.0801239013672
2017-05-01,151.2729034423828
2017-05-02,151.5904083251953
2017-05-03,150.6180419921875
2017-05-04,149.6754150390625
2017-05-05,149.07017517089844
2017-05-08,149.88377380371094
2017-05-09,149.30831909179688
2017-05-10,149.11978149414062
2017-05-11,148.87171936035156
2017-05-12,149.15943908691406
2017-05-15,149.0205841064453
2017-05-16,148.61373901367188
2017-05-17,143.72213745117188
2017-05-18,146.51025390625
2017-05-19,146.9071502685547
2017-05-22,147.0857391357422
2017-05-23,146.9170684814453
2017-05-24,148.87171936035156
2017-05-25,150.77679443359375
2017-05-26,150.94546508789062
2017-05-30,151.19351196289062
2017-05-31,150.2806854248047
2017-06-01,150.35012817382812
2017-06-02,152.41392517089844
2017-06-05,152.43377685546875
2017-06-06,151.6201629638672
2017-06-07,151.92776489257812
2017-06-08,153.50540161132812
2017-06-09,148.43516540527344
2017-06-12,147.28419494628906
2017-06-13,149.50674438476562
2017-06-14,149.0801239013672
2017-06-15,148.6336212158203
2017-06-16,149.46707153320312
2017-06-19,151.67970275878906
2017-06-20,151.0645294189453
2017-06-21,152.71160888671875
2017-06-22,152.20555114746094
2017-06-23,153.86256408691406
2017-06-26,152.39407348632812
2017-06-27,149.4075164794922
2017-06-28,152.04681396484375
2017-06-29,149.8639373779297
2017-06-30,149.80441284179688
2017-07-03,147.27426147460938
2017-07-05,149.16940307617188
2017-07-06,147.66123962402344
2017-07-07,150.26084899902344
2017-07-10,152.30479431152344
2017-07-11,154.06101989746094
2017-07-12,157.66273498535156
2017-07-13,158.0199432373047
2017-07-14,158.7244110107422
2017-07-17,158.4862518310547
2017-07-18,161.5919189453125
2017-07-19,162.86192321777344
2017-07-20,163.24891662597656
2017-07-21,163.14968872070312
2017-07-24,164.7074737548828
2017-07-25,163.99305725097656
2017-07-26,164.32049560546875
2017-07-27,169.1129150390625
2017-07-28,171.10720825195312
2017-07-31,167.93215942382812
2017-08-01,168.5373992919922
2017-08-02,167.9817657470703
2017-08-03,167.2772674560547
2017-08-04,168.2992706298828
2017-08-07,170.64089965820312
2017-08-08,169.896728515625
2017-08-09,169.84713745117188
2017-08-10,166.09657287597656
2017-08-11,166.77127075195312
2017-08-14,169.42047119140625
2017-08-15,169.6685333251953
2017-08-16,168.6763153076172
2017-08-17,165.61038208007812
2017-08-18,166.1064910888672
2017-08-21,166.4735870361328
2017-08-22,168.31912231445312
2017-08-23,167.3963623046875
2017-08-24,166.43392944335938
2017-08-25,165.0249786376953
2017-08-28,165.9378204345703
2017-08-29,166.74151611328125
2017-08-30,168.59693908691406
2017-08-31,170.63096618652344
2017-09-01,170.68057250976562
2017-09-05,169.3907012939453
2017-09-06,170.75003051757812
2017-09-07,171.86134338378906
2017-09-08,169.61891174316406
2017-09-11,172.1589813232422
2017-09-12,171.61328125
2017-09-13,171.7025909423828
2017-09-14,169.6288604736328
2017-09-15,170.30352783203125
2017-09-18,168.68624877929688
2017-09-19,171.17666625976562
2017-09-20,170.82943725585938
2017-09-21,169.77767944335938
2017-09-22,169.2121124267578
2017-09-25,161.60182189941406
2017-09-26,162.931396484375
2017-09-27,166.37435913085938
2017-09-28,167.41619873046875
2017-09-29,169.53953552246094
2017-10-02,168.1504364013672
2017-10-03,168.6366424560547
2017-10-04,167.10861206054688
2017-10-05,169.9066925048828
2017-10-06,170.88894653320312
2017-10-09,171.15682983398438
2017-10-10,170.25390625
2017-10-11,171.39500427246094
2017-10-12,171.20648193359375
2017-10-13,172.38720703125
2017-10-16,173.16110229492188
2017-10-17,174.73873901367188
2017-10-18,174.65936279296875
2017-10-19,173.20082092285156
2017-10-20,173.6175537109375
2017-10-23,169.93643188476562
2017-10-24,170.46229553222656
2017-10-25,169.27166748046875
2017-10-26,169.30140686035156
2017-10-27,176.49497985839844
2017-10-30,178.46945190429688
2017-10-31,178.657958984375
2017-11-01,181.2377471923828
2017-11-02,177.52687072753906
2017-11-03,177.52687072753906
2017-11-06,178.76712036132812
2017-11-07,178.84652709960938
2017-11-08,178.161865234375
2017-11-09,177.90391540527344
2017-11-10,177.0704345703125
2017-11-13,177.37803649902344
2017-11-14,176.68348693847656
2017-11-15,176.56439208984375
2017-11-16,178.19166564941406
2017-11-17,177.60626220703125
2017-11-20,177.34828186035156
2017-11-21,180.4439697265625
2017-11-22,179.46165466308594
2017-11-24,181.35679626464844
2017-11-27,181.60487365722656
2017-11-28,180.99960327148438
2017-11-29,173.76638793945312
2017-11-30,175.80039978027344
2017-12-01,173.7366180419922
2017-12-04,170.13487243652344
2017-12-05,171.4842987060547
2017-12-06,174.6891326904297
2017-12-07,178.7373504638672
2017-12-08,177.60626220703125
2017-12-11,177.6459197998047
2017-12-12,175.58212280273438
2017-12-13,176.9116973876953
2017-12-14,177.00099182128906
2017-12-15,178.7770538330078
2017-12-18,179.41207885742188
2017-12-19,178.1122589111328
2017-12-20,176.5048828125
2017-12-21,176.06829833984375
2017-12-22,175.82025146484375
2017-12-26,174.6196746826172
2017-12-27,176.23699951171875
2017-12-28,176.53465270996094
2017-12-29,175.08602905273438
2018-01-02,180.0073699951172
2018-01-03,183.23208618164062
2018-01-04,182.89471435546875
2018-01-05,185.39512634277344
2018-01-08,186.81396484375
2018-01-09,186.4071807861328
2018-01-10,186.3773956298828
2018-01-11,186.30795288085938
2018-01-12,177.97335815429688
2018-01-16,177.00099182128906
2018-01-17,176.2171630859375
2018-01-18,178.40000915527344
2018-01-19,179.87840270996094
2018-01-22,183.92662048339844
2018-01-23,187.87567138671875
2018-01-24,185.09744262695312
2018-01-25,186.02020263671875
2018-01-26,188.5205841064453
2018-01-29,184.5319061279297
2018-01-30,185.66302490234375
2018-01-31,185.43479919433594
2018-02-01,191.58651733398438
2018-02-02,188.79840087890625
2018-02-05,179.8486328125
2018-02-06,183.86709594726562
2018-02-07,178.7770538330078
2018-02-08,170.24403381347656
2018-02-09,174.73873901367188
2018-02-12,175.03639221191406
2018-02-13,171.8018035888672
2018-02-14,178.1221923828125
2018-02-15,178.5587615966797
2018-02-16,175.97900390625
2018-02-20,174.63951110839844
2018-02-21,176.5247344970703
2018-02-22,177.5963134765625
2018-02-23,181.86282348632812
2018-02-26,183.49008178710938
2018-02-27,180.04708862304688
2018-02-28,176.93154907226562
2018-03-01,174.570068359375
2018-03-02,175.2447509765625
2018-03-05,178.9953155517578
2018-03-06,178.38015747070312
2018-03-07,182.2795867919922
2018-03-08,180.9202423095703
2018-03-09,183.78773498535156
2018-03-12,183.32139587402344
2018-03-13,180.4638214111328
2018-03-14,182.75584411621094
2018-03-15,182.42840576171875
2018-03-16,183.64881896972656
2018-03-19,171.2163848876953
2018-03-20,166.84072875976562
2018-03-21,168.07106018066406
2018-03-22,163.60610961914062
2018-03-23,158.14892578125
2018-03-26,158.813720703125
2018-03-27,151.03477478027344
2018-03-28,151.8384552001953
2018-03-29,158.54583740234375
2018-04-02,154.18008422851562
2018-04-03,154.89447021484375
2018-04-04,153.892333984375
2018-04-05,158.09933471679688
2018-04-06,155.97596740722656
2018-04-09,156.7003173828125
2018-04-10,163.75491333007812
2018-04-11,165.0249786376953
2018-04-12,162.59402465820312
2018-04-13,163.23898315429688
2018-04-16,163.54656982421875
2018-04-17,167.34677124023438
2018-04-18,165.0646514892578
2018-04-19,166.79112243652344
2018-04-20,164.98526000976562
2018-04-23,164.5487060546875
2018-04-24,158.4465789794922
2018-04-25,158.4465789794922
2018-04-26,172.80392456054688
2018-04-27,172.23834228515625
2018-04-30,170.66073608398438
2018-05-01,172.50625610351562
2018-05-02,174.6990509033203
2018-05-03,172.6649932861328
2018-05-04,175.23484802246094
2018-05-07,176.58424377441406
2018-05-08,177.52687072753906
2018-05-09,181.2377471923828
2018-05-10,184.0854034423828
2018-05-11,185.53404235839844
2018-05-14,185.18673706054688
2018-05-15,182.8848419189453
2018-05-16,181.77352905273438
2018-05-17,182.3291778564453
2018-05-18,181.25758361816406
2018-05-21,183.05348205566406
2018-05-22,182.36886596679688
2018-05-23,185.44471740722656
2018-05-24,184.48226928710938
2018-05-25,183.4801483154297
2018-05-29,184.29376220703125
2018-05-30,186.208740234375
2018-05-31,190.28671264648438
2018-06-01,192.47952270507812
2018-06-04,191.77503967285156
2018-06-05,191.4376983642578
2018-06-06,189.8501434326172
2018-06-07,186.71473693847656
2018-06-08,187.62759399414062
2018-06-11,190.04859924316406
2018-06-12,190.9019012451172
2018-06-13,190.91180419921875
2018-06-14,195.27755737304688
2018-06-15,194.32504272460938
2018-06-18,196.76588439941406
2018-06-19,195.95228576660156
2018-06-20,200.42713928222656
2018-06-21,199.93106079101562
2018-06-22,200.169189453125
2018-06-25,194.82115173339844
2018-06-26,197.45050048828125
2018-06-27,194.31512451171875
2018-06-28,194.70205688476562
2018-06-29,192.8069610595703
2018-07-02,195.8232879638672
2018-07-03,191.2293243408203
2018-07-05,196.90480041503906
2018-07-06,201.64756774902344
2018-07-09,203.1458282470703
2018-07-10,201.95513916015625
2018-07-11,200.96292114257812
2018-07-12,205.30882263183594
2018-07-13,205.7057342529297
2018-07-16,205.61643981933594
2018-07-17,208.3549346923828
2018-07-18,207.7298583984375
2018-07-19,206.46974182128906
2018-07-20,208.3053436279297
2018-07-23,209.26779174804688
2018-07-24,212.99847412109375
2018-07-25,215.8064727783203
2018-07-26,174.8875732421875
2018-07-27,173.5282440185547
2018-07-30,169.72805786132812
2018-07-31,171.23622131347656
2018-08-01,170.31346130371094
2018-08-02,174.99671936035156
2018-08-03,176.39572143554688
2018-08-06,184.24417114257812
2018-08-07,182.37876892089844
2018-08-08,183.7381134033203
2018-08-09,181.6643829345703
2018-08-10,178.85641479492188
2018-08-13,178.6480712890625
2018-08-14,179.69981384277344
2018-08-15,178.1321258544922
2018-08-16,173.3397216796875
2018-08-17,172.4467315673828
2018-08-20,171.15682983398438
2018-08-21,171.27590942382812
2018-08-22,172.2879638671875
2018-08-23,171.5537109375
2018-08-24,173.2901153564453
2018-08-27,176.0782470703125
2018-08-28,174.8875732421875
2018-08-29,174.53036499023438
2018-08-30,176.25682067871094
2018-08-31,174.3616943359375
2018-09-04,169.82728576660156
2018-09-05,165.87828063964844
2018-09-06,161.2644805908203
2018-09-07,161.7705078125
2018-09-10,162.90164184570312
2018-09-11,164.64791870117188
2018-09-12,160.73863220214844
2018-09-13,160.10360717773438
2018-09-14,161.05613708496094
2018-09-17,159.32965087890625
2018-09-18,159.05184936523438
2018-09-19,161.7903594970703
2018-09-20,164.72731018066406
2018-09-21,161.66139221191406
2018-09-24,164.12208557128906
2018-09-25,163.62596130371094
2018-09-26,165.65008544921875
2018-09-27,167.5253448486328
2018-09-28,163.179443359375
2018-10-01,161.17518615722656
2018-10-02,158.08937072753906
2018-10-03,161.16526794433594
2018-10-04,157.61309814453125
2018-10-05,156.10498046875
2018-10-08,156.02560424804688
2018-10-09,156.67051696777344
2018-10-10,150.20127868652344
2018-10-11,152.1559600830078
2018-10-12,152.54293823242188
2018-10-15,152.3246307373047
2018-10-16,157.54367065429688
2018-10-17,158.17869567871094
2018-10-18,153.71372985839844
2018-10-19,152.85052490234375
2018-10-22,153.57481384277344
2018-10-23,153.1878662109375
2018-10-24,144.9028778076172
2018-10-25,149.7746124267578
2018-10-26,144.2380828857422
2018-10-29,140.98361206054688
2018-10-30,145.08148193359375
2018-10-31,150.60809326171875
2018-11-01,150.56842041015625
2018-11-02,149.17930603027344
2018-11-05,147.52230834960938
2018-11-06,148.7725067138672
2018-11-07,150.35012817382812
2018-11-08,146.7186279296875
2018-11-09,143.831298828125
2018-11-12,140.44784545898438
2018-11-13,141.0531005859375
2018-11-14,143.09706115722656
2018-11-15,142.7299346923828
2018-11-16,138.4435577392578
2018-11-19,130.5257110595703
2018-11-20,131.39883422851562
2018-11-21,133.77024841308594
2018-11-23,130.7042999267578
2018-11-26,135.31809997558594
2018-11-27,133.9488525390625
2018-11-28,135.6951141357422
2018-11-29,137.6001739501953
2018-11-30,139.51516723632812
2018-12-03,139.99142456054688
2018-12-04,136.85604858398438
2018-12-06,138.5428009033203
2018-12-07,136.35000610351562
2018-12-10,140.74551391601562
2018-12-11,140.97372436523438
2018-12-12,143.37484741210938
2018-12-13,143.8809051513672
2018-12-14,142.9383087158203
2018-12-17,139.0984344482422
2018-12-18,142.54141235351562
2018-12-19,132.20254516601562
2018-12-20,132.3612823486328
2018-12-21,123.97710418701172
2018-12-24,123.0940170288086
2018-12-26,133.13522338867188
2018-12-27,133.47259521484375
2018-12-28,132.16285705566406
2018-12-31,130.06930541992188
2019-01-02,134.62353515625
2019-01-03,130.7142333984375
2019-01-04,136.87586975097656
2019-01-07,136.97508239746094
2019-01-08,141.4202117919922
2019-01-09,143.10696411132812
2019-01-10,143.07720947265625
2019-01-11,142.6802978515625
2019-01-14,144.25791931152344
2019-01-15,147.7902069091797
2019-01-16,146.39117431640625
2019-01-17,147.14527893066406
2019-01-18,148.87171936035156
2019-01-22,146.42095947265625
2019-01-23,143.17640686035156
2019-01-24,144.69451904296875
2019-01-25,147.84974670410156
2019-01-28,146.32174682617188
2019-01-29,143.06727600097656
2019-01-30,149.248779296875
2019-01-31,165.39210510253906
2019-02-01,164.4197235107422
2019-02-04,167.93215942382812
2019-02-05,169.82728576660156
2019-02-06,169.16250610351562
2019-02-07,165.08450317382812
2019-02-08,166.027099609375
2019-02-11,164.49911499023438
2019-02-12,163.75491333007812
2019-02-13,162.79248046875
2019-02-14,162.67343139648438
2019-02-15,161.23472595214844
2019-02-19,161.02635192871094
2019-02-20,161.29425048828125
2019-02-21,158.7938690185547
2019-02-22,160.62945556640625
2019-02-25,163.33819580078125
2019-02-26,162.85202026367188
2019-02-27,161.5423126220703
2019-02-28,160.19290161132812
2019-03-01,161.01641845703125
2019-03-04,166.06678771972656
2019-03-05,169.926513671875
2019-03-06,171.1667938232422
2019-03-07,167.81309509277344
2019-03-08,168.27944946289062
2019-03-11,170.7301788330078
2019-03-12,170.58135986328125
2019-03-13,172.0200958251953
2019-03-14,168.84500122070312
2019-03-15,164.68763732910156
2019-03-18,159.2205352783203
2019-03-19,160.3119354248047
2019-03-20,164.1518096923828
2019-03-21,164.78684997558594
2019-03-22,163.06039428710938
2019-03-25,164.99522399902344
2019-03-26,166.37435913085938
2019-03-27,164.57847595214844
2019-03-28,164.260986328125
2019-03-29,165.39210510253906
2019-04-01,167.3864288330078
2019-04-02,172.84361267089844
2019-04-03,172.18875122070312
2019-04-04,174.64944458007812
2019-04-05,174.35179138183594
2019-04-08,173.56793212890625
2019-04-09,176.19729614257812
2019-04-10,176.43544006347656
2019-04-11,176.12783813476562
2019-04-12,177.70547485351562
2019-04-15,178.2511749267578
2019-04-16,177.4772491455078
2019-04-17,177.387939453125
2019-04-18,176.89186096191406
2019-04-22,180.0272216796875
2019-04-23,182.3489990234375
2019-04-24,181.15834045410156
2019-04-25,191.75521850585938
2019-04-26,189.99899291992188
2019-04-29,193.2633819580078
2019-04-30,191.89410400390625
2019-05-01,191.5269775390625
2019-05-02,191.0308837890625
2019-05-03,193.947998046875
2019-05-06,192.3704071044922
2019-05-07,188.29237365722656
2019-05-08,188.0641632080078
2019-05-09,187.1811065673828
2019-05-10,186.87350463867188
2019-05-13,180.12644958496094
2019-05-14,179.32278442382812
2019-05-15,184.81964111328125
2019-05-16,185.53404235839844
2019-05-17,183.85719299316406
2019-05-20,181.29727172851562
2019-05-21,183.38092041015625
2019-05-22,183.87704467773438
2019-05-23,179.46165466308594
2019-05-24,179.65017700195312
2019-05-28,182.8748779296875
2019-05-29,180.77142333984375
2019-05-30,181.5850067138672
2019-05-31,176.08815002441406
2019-06-03,162.87185668945312
2019-06-04,166.19578552246094
2019-06-05,166.86056518554688
2019-06-06,167.01930236816406
2019-06-07,172.000244140625
2019-06-10,173.4587860107422
2019-06-11,176.71324157714844
2019-06-12,173.6770782470703
2019-06-13,176.08815002441406
2019-06-14,179.91807556152344
2019-06-17,187.53831481933594
2019-06-18,187.00253295898438
2019-06-19,186.02020263671875
2019-06-20,188.0542449951172
2019-06-21,189.65170288085938
2019-06-24,191.100341796875
2019-06-25,187.36961364746094
2019-06-26,186.19882202148438
2019-06-27,188.0244903564453
2019-06-28,191.4972381591797
2019-07-01,191.4972381591797
2019-07-02,193.48167419433594
2019-07-03,195.66452026367188
2019-07-05,194.87074279785156
2019-07-08,194.23574829101562
2019-07-09,197.6588897705078
2019-07-10,201.15147399902344
2019-07-11,199.66311645507812
2019-07-12,203.27479553222656
2019-07-15,202.32228088378906
2019-07-16,202.2528076171875
2019-07-17,200.22872924804688
2019-07-18,199.21665954589844
2019-07-19,196.81549072265625
2019-07-22,200.74464416503906
2019-07-23,200.78436279296875
2019-07-24,203.06643676757812
2019-07-25,199.14720153808594
2019-07-26,198.19468688964844
2019-07-29,194.4143524169922
2019-07-30,195.50576782226562
2019-07-31,192.71763610839844
2019-08-01,191.2293243408203
2019-08-02,187.54820251464844
2019-08-05,180.31497192382812
2019-08-06,183.07333374023438
2019-08-07,183.70834350585938
2019-08-08,188.6793212890625
2019-08-09,186.38734436035156
2019-08-12,183.92662048339844
2019-08-13,186.982666015625
2019-08-14,178.31069946289062
2019-08-15,181.16831970214844
2019-08-16,182.26963806152344
2019-08-19,184.7204132080078
2019-08-20,182.37876892089844
2019-08-21,182.12081909179688
2019-08-22,180.62254333496094
2019-08-23,176.36598205566406
2019-08-26,178.9556427001953
2019-08-27,179.88833618164062
2019-08-28,180.34474182128906
2019-08-29,184.12510681152344
2019-08-30,184.22430419921875
2019-09-03,180.9698486328125
2019-09-04,185.68287658691406
2019-09-05,189.41357421875
2019-09-06,186.03013610839844
2019-09-09,187.2902374267578
2019-09-10,184.7204132080078
2019-09-11,187.02232360839844
2019-09-12,186.01028442382812
2019-09-13,185.7324676513672
2019-09-16,184.77001953125
2019-09-17,186.61553955078125
2019-09-18,186.675048828125
2019-09-19,188.6594696044922
2019-09-20,188.4511260986328
2019-09-23,185.36538696289062
2019-09-24,179.86846923828125
2019-09-25,181.37664794921875
2019-09-26,178.70758056640625
2019-09-27,175.72103881835938
2019-09-30,176.6934051513672
2019-10-01,174.4410858154297
2019-10-02,173.24050903320312
2019-10-03,177.98330688476562
2019-10-04,179.04493713378906
2019-10-07,178.28091430664062
2019-10-08,176.36598205566406
2019-10-09,178.4496307373047
2019-10-10,178.62820434570312
2019-10-11,182.75584411621094
2019-10-14,181.8529052734375
2019-10-15,187.41921997070312
2019-10-16,188.0740966796875
2019-10-17,188.9075469970703
2019-10-18,184.40289306640625
2019-10-21,188.28245544433594
2019-10-22,180.9202423095703
2019-10-23,184.70053100585938
2019-10-24,184.9287872314453
2019-10-25,186.42701721191406
2019-10-28,187.92526245117188
2019-10-29,187.8359832763672
2019-10-30,186.78421020507812
2019-10-31,190.1577606201172
2019-11-01,192.11239624023438
2019-11-04,193.20387268066406
2019-11-05,192.8069610595703
2019-11-06,190.0585174560547
2019-11-07,188.93728637695312
2019-11-08,189.35403442382812
2019-11-11,188.1336212158203
2019-11-12,192.95578002929688
2019-11-13,191.68572998046875
2019-11-14,191.64605712890625
2019-11-15,193.5808868408203
2019-11-18,195.8629608154297
2019-11-19,197.76800537109375
2019-11-20,195.97210693359375
2019-11-21,196.3888397216797
2019-11-22,197.2719268798828
2019-11-25,198.23435974121094
2019-11-26,197.4207305908203
2019-11-27,200.42713928222656
2019-11-29,200.06997680664062
2019-12-02,198.14505004882812
2019-12-03,197.2719268798828
2019-12-04,197.1627960205078
2019-12-05,197.80770874023438
2019-12-06,199.48455810546875
2019-12-09,199.77227783203125
2019-12-10,199.30593872070312
2019-12-11,200.6851348876953
2019-12-12,195.21803283691406
2019-12-13,192.5985870361328
2019-12-16,196.37890625
2019-12-17,196.84524536132812
2019-12-18,200.9232635498047
2019-12-19,204.4555206298828
2019-12-20,204.6936798095703
2019-12-23,204.57456970214844
2019-12-24,203.52284240722656
2019-12-26,206.1720733642578
2019-12-27,206.4796600341797
2019-12-30,202.81838989257812
2019-12-31,203.65184020996094
2020-01-02,208.1465606689453
2020-01-03,207.04522705078125
2020-01-06,210.94464111328125
2020-01-07,211.40101623535156
2020-01-08,213.54421997070312
2020-01-09,216.60023498535156
2020-01-10,216.3621063232422
2020-01-13,220.18212890625
2020-01-14,217.3543243408203
2020-01-15,219.42803955078125
2020-01-16,220.043212890625
2020-01-17,220.41030883789062
2020-01-21,219.7157745361328
2020-01-22,219.59669494628906
2020-01-23,218.0488739013672
2020-01-24,216.24305725097656
2020-01-27,213.19692993164062
2020-01-28,216.0941925048828
2020-01-29,221.49183654785156
2020-01-30,207.8985137939453
2020-01-31,200.33786010742188
2020-02-03,202.60009765625
2020-02-04,208.19619750976562
2020-02-05,208.47401428222656
2020-02-06,209.20823669433594
2020-02-07,210.6767120361328
2020-02-10,211.40101623535156
2020-02-11,205.57675170898438
2020-02-12,209.1189422607422
2020-02-13,211.4804229736328
2020-02-14,212.51229858398438
2020-02-18,216.1041259765625
2020-02-19,215.7965545654297
2020-02-20,212.9091796875
2020-02-21,208.54345703125
2020-02-24,199.15711975097656
2020-02-25,195.23788452148438
2020-02-26,195.66452026367188
2020-02-27,188.27255249023438
2020-02-28,190.9713592529297
2020-03-02,194.91043090820312
2020-03-03,184.44259643554688
2020-03-04,190.2668914794922
2020-03-05,183.72821044921875
2020-03-06,179.6799774169922
2020-03-09,168.1802215576172
2020-03-10,176.8025665283203
2020-03-11,168.91445922851562
2020-03-12,153.26722717285156
2020-03-13,168.9541473388672
2020-03-16,144.87310791015625
2020-03-17,148.2565460205078
2020-03-18,145.8157196044922
2020-03-19,151.9376678466797
2020-03-20,148.56414794921875
2020-03-23,146.9468536376953
2020-03-24,159.72654724121094
2020-03-25,154.99371337890625
2020-03-26,162.0681915283203
2020-03-27,155.5691680908203
2020-03-30,164.65785217285156
2020-03-31,165.50123596191406
2020-04-01,158.3572998046875
2020-04-02,156.95826721191406
2020-04-03,152.97952270507812
2020-04-06,164.260986328125
2020-04-07,167.51541137695312
2020-04-08,172.92298889160156
2020-04-09,173.825927734375
2020-04-13,173.4290313720703
2020-04-14,176.78269958496094
2020-04-15,175.592041015625
2020-04-16,174.87762451171875
2020-04-17,177.84439086914062
2020-04-20,176.8521728515625
2020-04-21,169.47007751464844
2020-04-22,180.86070251464844
2020-04-23,183.68849182128906
2020-04-24,188.59005737304688
2020-04-27,186.04006958007812
2020-04-28,181.48580932617188
2020-04-29,192.67796325683594
2020-04-30,203.1160430908203
2020-05-01,200.69505310058594
2020-05-04,203.66177368164062
2020-05-05,205.45770263671875
2020-05-06,206.8467559814453
2020-05-07,209.61502075195312
2020-05-08,210.69654846191406
2020-05-11,211.52008056640625
2020-05-12,208.46409606933594
2020-05-13,203.5030059814453
2020-05-14,205.19972229003906
2020-05-15,209.23802185058594
2020-05-18,211.53001403808594
2020-05-19,215.19129943847656
2020-05-20,228.1793670654297
2020-05-21,229.58831787109375
2020-05-22,233.08090209960938
2020-05-26,230.39198303222656
2020-05-27,227.3558349609375
2020-05-28,223.7044677734375
2020-05-29,223.33737182617188
2020-06-01,230.1042938232422
2020-06-02,230.90794372558594
2020-06-03,228.36788940429688
2020-06-04,224.5280303955078
2020-06-05,228.97312927246094
2020-06-08,229.5982208251953
2020-06-09,236.81163024902344
2020-06-10,234.88671875
2020-06-11,222.68251037597656
2020-06-12,226.80018615722656
2020-06-15,230.68966674804688
2020-06-16,233.8151397705078
2020-06-17,233.69607543945312
2020-06-18,234.10289001464844
2020-06-19,236.93067932128906
2020-06-22,237.35731506347656
2020-06-23,240.35382080078125
2020-06-24,232.1978302001953
2020-06-25,233.8448944091797
2020-06-26,214.39752197265625
2020-06-29,218.92201232910156
2020-06-30,225.30197143554688
2020-07-01,235.70033264160156
2020-07-02,231.60250854492188
2020-07-06,238.40908813476562
2020-07-07,238.98458862304688
2020-07-08,241.6833953857422
2020-07-09,242.5962371826172
2020-07-10,243.16180419921875
2020-07-13,237.13906860351562
2020-07-14,237.8633575439453
2020-07-15,238.40908813476562
2020-07-16,239.0540313720703
2020-07-17,240.1454620361328
2020-07-20,243.50904846191406
2020-07-21,239.86764526367188
2020-07-22,238.0022735595703
2020-07-23,230.7888946533203
2020-07-24,228.91363525390625
2020-07-27,231.68190002441406
2020-07-28,228.3282012939453
2020-07-29,231.4735107421875
2020-07-30,232.67410278320312
2020-07-31,251.69480895996094
2020-08-03,249.99813842773438
2020-08-04,247.88475036621094
2020-08-05,247.18023681640625
2020-08-06,263.2143859863281
2020-08-07,266.349853515625
2020-08-10,260.9521484375
2020-08-11,254.1356964111328
2020-08-12,257.8664245605469
2020-08-13,259.265380859375
2020-08-14,259.2058410644531
2020-08-17,259.1264953613281
2020-08-18,260.29736328125
2020-08-19,260.54541015625
2020-08-20,266.91546630859375
2020-08-21,264.93096923828125
2020-08-24,269.27685546875
2020-08-25,278.6334533691406
2020-08-26,301.54364013671875
2020-08-27,290.9368591308594
2020-08-28,291.3734436035156
2020-08-31,290.9170837402344
2020-09-01,293.1396179199219
2020-09-02,300.1446228027344
2020-09-03,288.8532409667969
2020-09-04,280.528564453125
2020-09-08,269.0486145019531
2020-09-09,271.5887756347656
2020-09-10,266.0025329589844
2020-09-11,264.5340576171875
2020-09-14,264.07763671875
2020-09-15,270.298828125
2020-09-16,261.46807861328125
2020-09-17,252.8358612060547
2020-09-18,250.56370544433594
2020-09-21,246.2178192138672
2020-09-22,252.76641845703125
2020-09-23,247.08103942871094
2020-09-24,247.58706665039062
2020-09-25,252.8358612060547
2020-09-28,254.8203125
2020-09-29,259.7516174316406
2020-09-30,259.8607177734375
2020-10-01,264.5539245605469
2020-10-02,257.916015625
2020-10-05,262.58935546875
2020-10-06,256.64599609375
2020-10-07,256.11016845703125
2020-10-08,261.7062683105469
2020-10-09,262.390869140625
2020-10-12,273.6029052734375
2020-10-13,273.9898681640625
2020-10-14,269.70355224609375
2020-10-15,264.64324951171875
2020-10-16,263.8593444824219
2020-10-19,259.3646545410156
2020-10-20,265.4766540527344
2020-10-21,276.5597229003906
2020-10-22,275.9544372558594
2020-10-23,282.572509765625
2020-10-26,274.95233154296875
2020-10-27,281.0841979980469
2020-10-28,265.5857849121094
2020-10-29,278.6433410644531
2020-10-30,261.0613098144531
2020-11-02,259.324951171875
2020-11-03,263.2342834472656
2020-11-04,285.142333984375
2020-11-05,292.3855285644531
2020-11-06,291.1253662109375
2020-11-09,276.599365234375
2020-11-10,270.3087463378906
2020-11-11,274.32720947265625
2020-11-12,272.9381408691406
2020-11-13,274.7935791015625
2020-11-16,276.78790283203125
2020-11-17,272.8587646484375
2020-11-18,269.8523254394531
2020-11-19,270.8147888183594
2020-11-20,267.5999755859375
2020-11-23,266.3398742675781
2020-11-24,274.7637939453125
2020-11-25,273.44415283203125
2020-11-27,275.6468505859375
2020-11-30,274.8133850097656
2020-12-01,284.31878662109375
2020-12-02,285.28125
2020-12-03,279.6554260253906
2020-12-04,277.52215576171875
2020-12-07,283.3563537597656
2020-12-08,281.19329833984375
2020-12-09,275.75604248046875
2020-12-10,274.9621887207031
2020-12-11,271.4200134277344
2020-12-14,272.0550842285156
2020-12-15,273.4044494628906
2020-12-16,273.5235595703125
2020-12-17,272.34283447265625
2020-12-18,274.247802734375
2020-12-21,270.6659851074219
2020-12-22,265.0103454589844
2020-12-23,266.02239990234375
2020-12-24,265.3179626464844
2020-12-28,274.8431396484375
2020-12-29,274.6248779296875
2020-12-30,269.75311279296875
2020-12-31,271.0331115722656
2021-01-04,266.8459167480469
2021-01-05,268.8600769042969
2021-01-06,261.2597351074219
2021-01-07,266.6474304199219
2021-01-08,265.4866027832031
2021-01-11,254.84014892578125
2021-01-12,249.1348876953125
2021-01-13,249.68063354492188
2021-01-14,243.7273712158203
2021-01-15,249.40283203125
2021-01-19,259.0669860839844
2021-01-20,265.39727783203125
2021-01-21,270.745361328125
2021-01-22,272.3626403808594
2021-01-25,275.8453369140625
2021-01-26,279.8538513183594
2021-01-27,270.0210266113281
2021-01-28,262.9366149902344
2021-01-29,256.3185119628906
2021-02-01,259.96990966796875
2021-02-02,265.00042724609375
2021-02-03,264.5737609863281
2021-02-04,264.41497802734375
2021-02-05,266.012451171875
2021-02-08,264.5043029785156
2021-02-09,267.3519592285156
2021-02-10,269.75311279296875
2021-02-11,268.2846374511719
2021-02-12,268.393798828125
2021-02-16,271.8367614746094
2021-02-17,271.43988037109375
2021-02-18,267.29241943359375
2021-02-19,259.52337646484375
2021-02-22,258.3029479980469
2021-02-23,263.7899475097656
2021-02-24,262.251953125
2021-02-25,252.70689392089844
2021-02-26,255.6140594482422
2021-03-01,262.8472900390625
2021-03-02,256.9833068847656
2021-03-03,253.42129516601562
2021-03-04,255.63397216796875
2021-03-05,262.2221984863281
2021-03-08,253.3220672607422
2021-03-09,263.6708679199219
2021-03-10,262.83740234375
2021-03-11,271.7475280761719
2021-03-12,266.3101501464844
2021-03-15,271.6184997558594
2021-03-16,277.10540771484375
2021-03-17,281.7986145019531
2021-03-18,276.4505615234375
2021-03-19,287.8510437011719
2021-03-22,291.2544250488281
2021-03-23,288.3670654296875
2021-03-24,279.9431457519531
2021-03-25,276.5696105957031
2021-03-26,280.8163146972656
2021-03-29,288.5555725097656
2021-03-30,285.75750732421875
2021-03-31,292.2366943359375
2021-04-01,296.3345031738281
2021-04-05,306.50469970703125
2021-04-06,303.8753356933594
2021-04-07,310.65216064453125
2021-04-08,310.58270263671875
2021-04-09,310.0270690917969
2021-04-12,309.1142578125
2021-04-13,307.3480529785156
2021-04-14,300.4621276855469
2021-04-15,305.4232177734375
2021-04-16,303.7959899902344
2021-04-19,299.8866882324219
2021-04-20,300.2934875488281
2021-04-21,299.12261962890625
2021-04-22,294.2111511230469
2021-04-23,298.7853088378906
2021-04-26,300.680419921875
2021-04-27,301.2063293457031
2021-04-28,304.7088317871094
2021-04-29,326.9443359375
2021-04-30,322.5487976074219
2021-05-03,320.0682678222656
2021-05-04,315.8811340332031
2021-05-05,312.567138671875
2021-05-06,317.52813720703125
2021-05-07,316.5955505371094
2021-05-10,303.5875549316406
2021-05-11,304.14324951171875
2021-05-12,300.1942443847656
2021-05-13,302.88311767578125
2021-05-14,313.47998046875
2021-05-17,313.0036926269531
2021-05-18,307.5465087890625
2021-05-19,311.1482238769531
2021-05-20,316.12921142578125
2021-05-21,313.7677001953125
2021-05-24,322.102294921875
2021-05-25,325.23773193359375
2021-05-26,325.10870361328125
2021-05-27,330.1590881347656
2021-05-28,326.17041015625
2021-06-01,326.5672302246094
2021-06-02,326.5871276855469
2021-06-03,323.5013427734375
2021-06-04,327.7777404785156
2021-06-07,333.959228515625
2021-06-08,331.0818786621094
2021-06-09,327.67852783203125
2021-06-10,329.871337890625
2021-06-11,328.6806945800781
2021-06-14,334.1477966308594
2021-06-15,334.1279296875
2021-06-16,328.5020751953125
2021-06-17,333.88983154296875
2021-06-18,327.0931396484375
2021-06-21,329.7026672363281
2021-06-22,336.3902282714844
2021-06-23,337.93804931640625
2021-06-24,340.5078125
2021-06-25,338.71197509765625
2021-06-28,352.8708801269531
2021-06-29,349.15008544921875
2021-06-30,345.0025634765625
2021-07-01,351.630615234375
2021-07-02,351.93817138671875
2021-07-06,350.0330810546875
2021-07-07,347.7609558105469
2021-07-08,342.9586181640625
2021-07-09,347.6915588378906
2021-07-12,350.4101867675781
2021-07-13,349.3485107421875
2021-07-14,344.9231872558594
2021-07-15,341.77789306640625
2021-07-16,338.503662109375
2021-07-19,334.32635498046875
2021-07-20,338.99969482421875
2021-07-21,343.5341491699219
2021-07-22,348.4554748535156
2021-07-23,366.9106750488281
2021-07-26,369.5598449707031
2021-07-27,364.9460754394531
2021-07-28,370.37347412109375
2021-07-29,355.5300598144531
2021-07-30,353.5257263183594
2021-08-02,349.2095947265625
2021-08-03,348.505126953125
2021-08-04,356.1253356933594
2021-08-05,360.1437683105469
2021-08-06,360.6795959472656
2021-08-09,358.79437255859375
2021-08-10,358.318115234375
2021-08-11,357.1572265625
2021-08-12,359.8262634277344
2021-08-13,360.3521728515625
2021-08-16,363.705810546875
2021-08-17,355.6590270996094
2021-08-18,352.6823425292969
2021-08-19,352.3548889160156
2021-08-20,356.57183837890625
2021-08-23,360.52081298828125
2021-08-24,362.66400146484375
2021-08-25,365.5215759277344
2021-08-26,361.5428466796875
2021-08-27,369.72857666015625
2021-08-30,377.6960144042969
2021-08-31,376.426025390625
2021-09-01,379.0751953125
2021-09-02,372.35791015625
2021-09-03,373.330322265625
2021-09-07,379.2041931152344
2021-09-08,374.6300964355469
2021-09-09,375.0567321777344
2021-09-10,375.74139404296875
2021-09-13,373.5783996582031
2021-09-14,373.5981750488281
2021-09-15,371.008544921875
2021-09-16,370.15521240234375
2021-09-17,361.8801574707031
2021-09-20,352.930419921875
2021-09-21,354.6965637207031
2021-09-22,340.53759765625
2021-09-23,343.2662048339844
2021-09-24,350.21173095703125
2021-09-27,350.8268737792969
2021-09-28,337.9975891113281
2021-09-29,336.96563720703125
2021-09-30,336.7473449707031
2021-10-01,340.3392028808594
2021-10-04,323.6899108886719
2021-10-05,330.3674621582031
2021-10-06,331.0422058105469
2021-10-07,326.6565856933594
2021-10-08,327.4801025390625
2021-10-11,322.9158630371094
2021-10-12,321.2489929199219
2021-10-13,322.0130310058594
2021-10-14,325.971923828125
2021-10-15,322.2313537597656
2021-10-18,332.7289123535156
2021-10-19,337.3426818847656
2021-10-20,338.1265563964844
2021-10-21,339.2180480957031
2021-10-22,322.08245849609375
2021-10-25,326.1307067871094
2021-10-26,313.3509826660156
2021-10-27,309.7889404296875
2021-10-28,314.4523620605469
2021-10-29,321.0505676269531
2021-11-01,327.41070556640625
2021-11-02,325.525390625
2021-11-03,329.0379333496094
2021-11-04,333.2349548339844
2021-11-05,338.4738464355469
2021-11-08,335.9833679199219
2021-11-09,332.75872802734375
2021-11-10,325.08892822265625
2021-11-11,325.18804931640625
2021-11-12,338.2356872558594
2021-11-15,344.8537292480469
2021-11-16,340.28955078125
2021-11-17,338.1166076660156
2021-11-18,336.0528564453125
2021-11-19,342.6113586425781
2021-11-22,338.354736328125
2021-11-23,334.6240234375
2021-11-24,338.4044189453125
2021-11-26,330.52618408203125
2021-11-29,335.3979797363281
2021-11-30,321.93359375
2021-12-01,308.1815490722656
2021-12-02,307.97320556640625
2021-12-03,304.4508056640625
2021-12-06,315.3949279785156
2021-12-07,320.2964782714844
2021-12-08,327.9861145019531
2021-12-09,327.2519226074219
2021-12-10,327.1824645996094
2021-12-13,331.885498046875
2021-12-14,331.1413879394531
2021-12-15,338.99969482421875
2021-12-16,332.2922668457031
2021-12-17,331.19097900390625
2021-12-20,322.9158630371094
2021-12-21,331.5978088378906
2021-12-22,327.87701416015625
2021-12-23,332.6296691894531
2021-12-27,343.4844665527344
2021-12-28,343.5242004394531
2021-12-29,340.2697448730469
2021-12-30,341.67864990234375
2021-12-31,333.7309875488281
2022-01-03,335.9040222167969
2022-01-04,333.90966796875
2022-01-05,321.6459045410156
2022-01-06,329.871337890625
2022-01-07,329.2065124511719
2022-01-10,325.51556396484375
2022-01-11,331.7664794921875
2022-01-12,330.6651611328125
2022-01-13,323.93792724609375
2022-01-14,329.3157043457031
2022-01-18,315.6727600097656
2022-01-19,317.10150146484375
2022-01-20,314.09515380859375
2022-01-21,300.8094482421875
2022-01-24,306.3062744140625
2022-01-25,297.8128967285156
2022-01-26,292.3359069824219
2022-01-27,292.3457946777344
2022-01-28,299.3607482910156
2022-01-31,310.8208312988281
2022-02-01,316.51617431640625
2022-02-02,320.48504638671875
2022-02-03,235.90870666503906
2022-02-04,235.24392700195312
2022-02-07,223.1587677001953
2022-02-08,218.46559143066406
2022-02-09,230.19357299804688
2022-02-10,226.29417419433594
2022-02-11,217.84051513671875
2022-02-14,216.0048828125
2022-02-15,219.27920532226562
2022-02-16,214.85391235351562
2022-02-17,206.09268188476562
2022-02-18,204.5547637939453
2022-02-22,200.5065460205078
2022-02-23,196.90480041503906
2022-02-24,205.98355102539062
2022-02-25,208.8411407470703
2022-02-28,209.3868408203125
2022-03-01,201.9055633544922
2022-03-02,206.4895782470703
2022-03-03,201.3895721435547
2022-03-04,198.5022430419922
2022-03-07,186.01028442382812
2022-03-08,188.80833435058594
2022-03-09,196.9544219970703
2022-03-10,193.6900177001953
2022-03-11,186.149169921875
2022-03-14,185.1768341064453
2022-03-15,190.53477478027344
2022-03-16,202.04444885253906
2022-03-17,206.22169494628906
2022-03-18,214.80433654785156
2022-03-21,209.84324645996094
2022-03-22,214.9630889892578
2022-03-23,211.79794311523438
2022-03-24,217.86036682128906
2022-03-25,220.09280395507812
2022-03-28,221.84906005859375
2022-03-29,228.07020568847656
2022-03-30,226.07586669921875
2022-03-31,220.62864685058594
2022-04-01,223.0992431640625
2022-04-04,232.06883239746094
2022-04-05,230.0347900390625
2022-04-06,221.561279296875
2022-04-07,221.21405029296875
2022-04-08,220.59886169433594
2022-04-11,214.77456665039062
2022-04-12,212.47265625
2022-04-13,213.3159942626953
2022-04-14,208.54345703125
2022-04-18,209.12887573242188
2022-04-19,215.61793518066406
2022-04-20,198.85946655273438
2022-04-21,186.6056365966797
2022-04-22,182.67645263671875
2022-04-25,185.53404235839844
2022-04-26,179.54104614257812
2022-04-27,173.58778381347656
2022-04-28,204.12811279296875
2022-04-29,198.9090576171875
2022-05-02,209.4860382080078
2022-05-03,210.3790283203125
2022-05-04,221.67044067382812
2022-05-05,206.65823364257812
2022-05-06,202.18336486816406
2022-05-09,194.68222045898438
2022-05-10,196.1110076904297
2022-05-11,187.27040100097656
2022-05-12,189.75096130371094
2022-05-13,197.07347106933594
2022-05-16,198.48240661621094
2022-05-17,201.04234313964844
2022-05-18,190.74314880371094
2022-05-19,189.80055236816406
2022-05-20,192.03302001953125
2022-05-23,194.70205688476562
2022-05-24,179.86846923828125
2022-05-25,182.39859008789062
2022-05-26,190.13792419433594
2022-05-27,193.6106414794922
2022-05-31,192.13223266601562
2022-06-01,187.17115783691406
2022-06-02,197.31161499023438
2022-06-03,189.2944793701172
2022-06-06,192.7375030517578
2022-06-07,194.1265869140625
2022-06-08,195.10888671875
2022-06-09,182.56732177734375
2022-06-10,174.2029571533203
2022-06-13,162.98097229003906
2022-06-14,162.45513916015625
2022-06-15,168.03138732910156
2022-06-16,159.61740112304688
2022-06-17,162.46507263183594
2022-06-21,155.82717895507812
2022-06-22,154.63650512695312
2022-06-23,157.51390075683594
2022-06-24,168.83506774902344
2022-06-27,168.17027282714844
2022-06-28,159.42889404296875
2022-06-29,162.66348266601562
2022-06-30,159.9944305419922
2022-07-01,158.783935546875
2022-07-05,166.8804168701172
2022-07-06,168.44810485839844
2022-07-07,170.8492889404297
2022-07-08,169.54946899414062
2022-07-11,161.6117401123047
2022-07-12,161.99871826171875
2022-07-13,162.21702575683594
2022-07-14,156.8193817138672
2022-07-15,163.41758728027344
2022-07-18,165.92787170410156
2022-07-19,174.41131591796875
2022-07-20,181.6643829345703
2022-07-21,181.7437744140625
2022-07-22,167.95201110839844
2022-07-25,165.35240173339844
2022-07-26,157.91078186035156
2022-07-27,168.25958251953125
2022-07-28,159.4685821533203
2022-07-29,157.86119079589844
2022-08-01,158.6847381591797
2022-08-02,158.9427032470703
2022-08-03,167.48565673828125
2022-08-04,169.2418670654297
2022-08-05,165.80880737304688
2022-08-08,168.92437744140625
2022-08-09,167.21775817871094
2022-08-10,176.95140075683594
2022-08-11,176.1079864501953
2022-08-12,179.09457397460938
2022-08-15,179.48153686523438
2022-08-16,178.07257080078125
2022-08-17,173.48858642578125
2022-08-18,173.30001831054688
2022-08-19,166.6522216796875
2022-08-22,161.78042602539062
2022-08-23,159.8555450439453
2022-08-24,161.98876953125
2022-08-25,167.46578979492188
2022-08-26,160.5203094482422
2022-08-29,157.93063354492188
2022-08-30,155.93630981445312
2022-08-31,161.66139221191406
2022-09-01,164.0724639892578
2022-09-02,159.07168579101562
2022-09-06,157.30557250976562
2022-09-07,159.14112854003906
2022-09-08,160.79815673828125
2022-09-09,167.83291625976562
2022-09-12,167.64442443847656
2022-09-13,151.9376678466797
2022-09-14,150.2906036376953
2022-09-15,148.3855743408203
2022-09-16,145.1509246826172
2022-09-19,146.86746215820312
2022-09-20,144.95249938964844
2022-09-21,141.0133819580078
2022-09-22,141.7079620361328
2022-09-23,139.3167266845703
2022-09-26,135.30816650390625
2022-09-27,133.35350036621094
2022-09-28,140.5073699951172
2022-09-29,135.34788513183594
2022-09-30,134.62353515625
2022-10-03,137.53073120117188
2022-10-04,139.18771362304688
2022-10-05,137.89784240722656
2022-10-06,137.98716735839844
2022-10-07,132.41091918945312
2022-10-10,132.74826049804688
2022-10-11,127.53911590576172
2022-10-12,126.50723266601562
2022-10-13,129.27554321289062
2022-10-14,125.77301025390625
2022-10-17,132.99632263183594
2022-10-18,131.76597595214844
2022-10-19,132.192626953125
2022-10-20,130.50584411621094
2022-10-21,128.99769592285156
2022-10-24,128.70994567871094
2022-10-25,136.4392852783203
2022-10-26,128.80917358398438
2022-10-27,97.17742156982422
2022-10-28,98.42758178710938
2022-10-31,92.43462371826172
2022-11-01,94.45873260498047
2022-11-02,89.83501434326172
2022-11-03,88.21772003173828
2022-11-04,90.08306884765625
2022-11-07,95.9668960571289
2022-11-08,95.7188491821289
2022-11-09,100.679931640625
2022-11-10,110.99893951416016
2022-11-11,112.13998413085938
2022-11-14,113.33063507080078
2022-11-15,116.16837310791016
2022-11-16,112.3483657836914
2022-11-17,110.58220672607422
2022-11-18,111.17755126953125
2022-11-21,109.00460052490234
2022-11-22,110.57229614257812
2022-11-23,111.36604309082031
2022-11-25,110.54251098632812
2022-11-28,107.93299865722656
2022-11-29,108.60769653320312
2022-11-30,117.18043518066406
2022-12-01,119.5022201538086
2022-12-02,122.52845764160156
2022-12-05,121.47671508789062
2022-12-06,113.23143005371094
2022-12-07,113.04290008544922
2022-12-08,114.43199157714844
2022-12-09,114.99755096435547
2022-12-12,113.81683349609375
2022-12-13,119.21446228027344
2022-12-14,120.64324951171875
2022-12-15,115.24561309814453
2022-12-16,118.50006866455078
2022-12-19,113.58863067626953
2022-12-20,116.17828369140625
2022-12-21,118.82752227783203
2022-12-22,116.20806884765625
2022-12-23,117.12089538574219
2022-12-27,115.96993255615234
2022-12-28,114.71973419189453
2022-12-29,119.32362365722656
2022-12-30,119.40298461914062
2023-01-03,123.76872253417969
2023-01-04,126.37825775146484
2023-01-05,125.95159912109375
2023-01-06,129.0076141357422
2023-01-09,128.46188354492188
2023-01-10,131.9545135498047
2023-01-11,131.85525512695312
2023-01-12,135.64553833007812
2023-01-13,135.91342163085938
2023-01-17,134.30604553222656
2023-01-18,131.98426818847656
2023-01-19,135.0898895263672
2023-01-20,138.28480529785156
2023-01-23,142.15443420410156
2023-01-24,142.0254364013672
2023-01-25,140.39820861816406
2023-01-26,146.15306091308594
2023-01-27,150.55850219726562
2023-01-30,145.91493225097656
2023-01-31,147.81007385253906
2023-02-01,151.92776489257812
2023-02-02,187.3001708984375
2023-02-03,185.07760620117188
2023-02-06,184.6112518310547
2023-02-07,190.1279754638672
2023-02-08,182.00177001953125
2023-02-09,176.53465270996094
2023-02-10,172.7939910888672
2023-02-13,178.0328826904297
2023-02-14,178.08253479003906
2023-02-15,175.7805633544922
2023-02-16,171.0973358154297
2023-02-17,171.5338897705078
2023-02-21,170.74012756347656
2023-02-22,169.78761291503906
2023-02-23,170.70040893554688
2023-02-24,169.0632781982422
2023-02-27,168.2198944091797
2023-02-28,173.57785034179688
2023-03-01,172.06968688964844
2023-03-02,173.1710662841797
2023-03-03,183.8075714111328
2023-03-06,183.46026611328125
2023-03-07,183.07333374023438
2023-03-08,183.5297088623047
2023-03-09,180.2753143310547
2023-03-10,178.1122589111328
2023-03-13,179.49142456054688
2023-03-14,192.50929260253906
2023-03-15,196.2102508544922
2023-03-16,203.3343048095703
2023-03-17,194.08689880371094
2023-03-20,196.26979064941406
2023-03-21,200.5858917236328
2023-03-22,198.25421142578125
2023-03-23,202.68939208984375
2023-03-24,204.4059295654297
2023-03-27,201.26060485839844
2023-03-28,199.11741638183594
2023-03-29,203.75106811523438
2023-03-30,206.22169494628906
2023-03-31,210.28976440429688
2023-04-03,211.41098022460938
2023-04-04,213.04811096191406
2023-04-05,209.83335876464844
2023-04-06,214.41737365722656
2023-04-10,213.077880859375
2023-04-11,212.1848907470703
2023-04-12,212.33370971679688
2023-04-13,218.63426208496094
2023-04-14,219.76541137695312
2023-04-17,217.1558837890625
2023-04-18,216.1934051513672
2023-04-19,214.02047729492188
2023-04-20,211.41098022460938
2023-04-21,211.2323760986328
2023-04-24,211.13314819335938
2023-04-25,205.9339599609375
2023-04-26,207.76951599121094
2023-04-27,236.70245361328125
2023-04-28,238.44879150390625
2023-05-01,241.2864990234375
2023-05-02,237.37718200683594
2023-05-03,235.1844024658203
2023-05-04,231.7017364501953
2023-05-05,230.96749877929688
2023-05-08,231.45367431640625
2023-05-09,231.5529022216797
2023-05-10,231.26515197753906
2023-05-11,233.9540252685547
2023-05-12,231.98947143554688
2023-05-15,237.00013732910156
2023-05-16,236.96046447753906
2023-05-17,240.60186767578125
2023-05-18,244.9279327392578
2023-05-19,243.7273712158203
2023-05-22,246.38648986816406
2023-05-23,244.8188018798828
2023-05-24,247.2695770263672
2023-05-25,250.72247314453125
2023-05-26,259.99969482421875
2023-05-30,260.47589111328125
2023-05-31,262.6588134765625
2023-06-01,270.4873046875
2023-06-02,270.4873046875
2023-06-05,269.27685546875
2023-06-06,269.0089416503906
2023-06-07,261.5475158691406
2023-06-08,262.5199279785156
2023-06-09,262.8869934082031
2023-06-12,268.9395446777344
2023-06-13,269.2073974609375
2023-06-14,271.2215881347656
2023-06-15,279.635498046875
2023-06-16,278.81195068359375
2023-06-20,282.1160888671875
2023-06-21,279.447021484375
2023-06-22,282.661865234375
2023-06-23,286.4818420410156
2023-06-26,276.3017578125
2023-06-27,284.81494140625
2023-06-28,283.0686340332031
2023-06-29,279.3378601074219
2023-06-30,284.7455139160156
2023-07-03,283.7929382324219
2023-07-05,292.077880859375
2023-07-06,289.7164611816406
2023-07-07,288.267822265625
2023-07-10,291.8100891113281
2023-07-11,295.9674072265625
2023-07-12,306.931396484375
2023-07-13,310.9696350097656
2023-07-14,306.46502685546875
2023-07-17,308.2013854980469
2023-07-18,309.6202087402344
2023-07-19,313.5494384765625
2023-07-20,300.1644287109375
2023-07-21,291.96881103515625
2023-07-24,289.3393859863281
2023-07-25,292.1771545410156
2023-07-26,296.2452087402344
2023-07-27,309.28289794921875
2023-07-28,322.94573974609375
2023-07-31,316.1192321777344
2023-08-01,320.1972961425781
2023-08-02,311.8626403808594
2023-08-03,310.7513732910156
2023-08-04,308.310546875
2023-08-07,314.09515380859375
2023-08-08,310.2056884765625
2023-08-09,302.8334655761719
2023-08-10,303.3594055175781
2023-08-11,299.2913513183594
2023-08-14,303.8058776855469
2023-08-15,299.59893798828125
2023-08-16,291.9985656738281
2023-08-17,282.87017822265625
2023-08-18,281.04449462890625
2023-08-21,287.6427307128906
2023-08-22,285.360595703125
2023-08-23,291.94891357421875
2023-08-24,284.51727294921875
2023-08-25,283.2769470214844
2023-08-28,287.9999084472656
2023-08-29,295.66973876953125
2023-08-30,292.8022766113281
2023-08-31,293.58612060546875
2023-09-01,294.072265625
2023-09-05,297.8128967285156
2023-09-06,296.8406066894531
2023-09-07,296.344482421875
2023-09-08,295.5705261230469
2023-09-11,305.1652526855469
2023-09-12,299.3111572265625
2023-09-13,302.6846923828125
2023-09-14,309.2928466796875
2023-09-15,297.9716796875
2023-09-18,300.1942443847656
2023-09-19,302.6946105957031
2023-09-20,297.3366394042969
2023-09-21,293.4273376464844
2023-09-22,296.7512512207031
2023-09-25,298.48760986328125
2023-09-26,296.6322021484375
2023-09-27,295.4216613769531
2023-09-28,301.59326171875
2023-09-29,297.8724365234375
2023-10-02,304.4310302734375
2023-10-03,298.59674072265625
2023-10-04,303.20062255859375
2023-10-05,302.4168395996094
2023-10-06,312.97393798828125
2023-10-09,315.8811340332031
2023-10-10,319.3340148925781
2023-10-11,325.2674865722656
2023-10-12,321.635986328125
2023-10-13,312.23968505859375
2023-10-16,318.6494140625
2023-10-17,321.4772644042969
2023-10-18,314.5019836425781
2023-10-19,310.37432861328125
2023-10-20,306.24676513671875
2023-10-23,311.56500244140625
2023-10-24,310.1163635253906
2023-10-25,297.19775390625
2023-10-26,286.10479736328125
2023-10-27,294.4195861816406
2023-10-30,300.3033447265625
2023-10-31,298.9241943359375
2023-11-01,309.4218444824219
2023-11-02,308.4494323730469
2023-11-03,312.150390625
2023-11-06,313.3410339355469
2023-11-07,316.3375549316406
2023-11-08,317.2900695800781
2023-11-09,318.05401611328125
2023-11-10,326.2100830078125
2023-11-13,326.6268310546875
2023-11-14,333.6913146972656
2023-11-15,330.119384765625
2023-11-16,331.587890625
2023-11-17,332.4312438964844
2023-11-20,337.3228454589844
2023-11-21,334.3561706542969
2023-11-22,338.8310241699219
2023-11-24,335.5964660644531
2023-11-27,332.0939025878906
2023-11-28,336.3504943847656
2023-11-29,329.6133728027344
2023-11-30,324.6026611328125
2023-12-01,322.29083251953125
2023-12-04,317.52813720703125
2023-12-05,315.81170654296875
2023-12-06,314.97821044921875
2023-12-07,324.04705810546875
2023-12-08,330.1590881347656
2023-12-11,322.74725341796875
2023-12-12,331.61761474609375
2023-12-13,332.1335754394531
2023-12-14,330.5758056640625
2023-12-15,332.3122253417969
2023-12-18,341.93670654296875
2023-12-19,347.6319274902344
2023-12-20,346.5603942871094
2023-12-21,351.3329772949219
2023-12-22,350.6383361816406
2023-12-26,352.067138671875
2023-12-27,355.0437927246094
2023-12-28,355.5300598144531
2023-12-29,351.2039489746094
2024-01-02,343.5936279296875
2024-01-03,341.787841796875
2024-01-04,344.417236328125
2024-01-05,349.2095947265625
2024-01-08,355.8673400878906
2024-01-09,354.64691162109375
2024-01-10,367.5853576660156
2024-01-11,366.7916259765625
2024-01-12,371.57403564453125
2024-01-16,364.59881591796875
2024-01-17,365.501708984375
2024-01-18,373.2012939453125
2024-01-19,380.46435546875
2024-01-22,378.8073425292969
2024-01-23,382.20068359375
2024-01-24,387.6578674316406
2024-01-25,390.1185607910156
2024-01-26,391.0711364746094
2024-01-29,397.89752197265625
2024-01-30,396.94500732421875
2024-01-31,387.10223388671875
2024-02-01,391.7060852050781
2024-02-02,471.2915344238281
2024-02-05,455.8328552246094
2024-02-06,451.17938232421875
2024-02-07,465.93359375
2024-02-08,466.3404541015625
2024-02-09,464.46514892578125
2024-02-12,465.24896240234375
2024-02-13,456.5372619628906
2024-02-14,469.5948486328125
2024-02-15,480.26116943359375
2024-02-16,469.6345520019531
2024-02-20,468.0768127441406
2024-02-21,464.87847900390625
2024-02-22,482.8565979003906
2024-02-23,480.7707214355469
2024-02-26,478.4961242675781
2024-02-27,483.7704162597656
2024-02-28,480.7607421875
2024-02-29,486.8296203613281
2024-03-01,498.9176940917969
2024-03-04,494.8353576660156
2024-03-05,486.9190368652344
2024-03-06,492.7495422363281
2024-03-07,508.7410888671875
2024-03-08,502.5431823730469
2024-03-11,480.3337097167969
2024-03-12,496.3848571777344
2024-03-13,492.2330322265625
2024-03-14,488.5182189941406
2024-03-15,480.8403015136719
2024-03-18,493.6335754394531
2024-03-19,492.89849853515625
2024-03-20,502.11602783203125
2024-03-21,504.3409423828125
2024-03-22,506.148681640625
2024-03-25,499.6328430175781
2024-03-26,492.5509033203125
2024-03-27,490.5345153808594
2024-03-28,482.31024169921875
2024-04-01,488.0414123535156
2024-04-02,494.02093505859375
2024-04-03,503.3277587890625
2024-04-04,507.47967529296875
2024-04-05,523.7891235351562
2024-04-08,515.7535400390625
2024-04-09,513.4193725585938
2024-04-10,516.3296508789062
2024-04-11,519.6372680664062
2024-04-12,508.45306396484375
2024-04-15,496.8616027832031
2024-04-16,496.3948059082031
2024-04-17,490.8424377441406
2024-04-18,498.4210510253906
2024-04-19,477.8306579589844
2024-04-22,478.4862365722656
2024-04-23,492.75946044921875
2024-04-24,490.17694091796875
2024-04-25,438.4079284667969
2024-04-26,440.3050537109375
2024-04-29,429.7069091796875
2024-04-30,427.2734375
2024-05-01,436.2326354980469
2024-05-02,438.7059020996094
2024-05-03,448.91668701171875
2024-05-06,462.54425048828125
2024-05-07,465.0870666503906
2024-05-08,469.4176940917969
2024-05-09,472.21875
2024-05-10,472.9934387207031
2024-05-13,464.8586120605469
2024-05-14,468.6727294921875
2024-05-15,478.29754638671875
2024-05-16,470.04345703125
2024-05-17,468.7323303222656
2024-05-20,465.6830139160156
2024-05-21,461.5013122558594
2024-05-22,464.630126953125
2024-05-23,462.64361572265625
2024-05-24,474.9998474121094
2024-05-28,476.6883850097656
2024-05-29,471.16583251953125
2024-05-30,463.905029296875
2024-05-31,463.6865234375
2024-06-03,474.2747802734375
2024-06-04,473.7781677246094
2024-06-05,491.7264709472656
2024-06-06,490.4352111816406
2024-06-07,489.64056396484375
2024-06-10,499.21563720703125
2024-06-11,504.0528869628906
2024-06-12,505.4136657714844
2024-06-13,500.7055969238281
2024-06-14,501.26239013671875
2024-06-17,503.71820068359375
2024-06-18,496.6191711425781
2024-06-20,498.8165283203125
2024-06-21,491.936279296875
2024-06-24,496.0425720214844
2024-06-25,507.6653747558594
2024-06-26,510.1708984375
2024-06-27,516.5738525390625
2024-06-28,501.3220520019531
2024-07-01,501.7793273925781
2024-07-02,506.5716552734375
2024-07-03,507.02899169921875
2024-07-05,536.8068237304688
2024-07-08,526.2777709960938
2024-07-09,526.9539794921875
2024-07-10,531.6168823242188
2024-07-11,509.7533264160156
2024-07-12,496.0027770996094
2024-07-15,493.3083801269531
2024-07-16,486.9749755859375
2024-07-17,459.3347473144531
2024-07-18,473.11505126953125
2024-07-19,474.0497131347656
2024-07-22,484.59869384765625
2024-07-23,485.8812561035156
2024-07-24,458.618896484375
2024-07-25,450.8040771484375
2024-07-26,463.0234375
2024-07-29,463.03338623046875
2024-07-30,460.52783203125
2024-07-31,472.1009521484375
2024-08-01,494.8792419433594
2024-08-02,485.33447265625
2024-08-05,472.99578857421875
2024-08-06,491.250244140625
2024-08-07,486.1099548339844
2024-08-08,506.7009582519531
2024-08-09,514.7941284179688
2024-08-12,512.984619140625
2024-08-13,525.502197265625
2024-08-14,523.732421875
2024-08-15,534.24169921875
2024-08-16,524.388671875
2024-08-19,526.238037109375
2024-08-20,523.7026977539062
2024-08-21,532.084228515625
2024-08-22,528.872802734375
2024-08-23,524.9653930664062
2024-08-26,518.1248779296875
2024-08-27,516.116455078125
2024-08-28,513.8098754882812
2024-08-29,515.2415161132812
2024-08-30,518.3137817382812
2024-09-03,508.8187255859375
2024-09-04,509.7930603027344
2024-09-05,513.889404296875
2024-09-06,497.39471435546875
2024-09-09,501.88873291015625
2024-09-10,501.88873291015625
2024-09-11,508.8882751464844
2024-09-12,522.5791015625
2024-09-13,521.6048583984375
2024-09-16,530.7208862304688
2024-09-17,533.7462768554688
2024-09-18,535.368408203125
2024-09-19,556.4168701171875
2024-09-20,558.6561279296875
2024-09-23,561.701416015625
2024-09-24,560.6266479492188
2024-09-25,565.5827026367188
2024-09-26,565.114990234375
2024-09-27,564.6372680664062
2024-09-30,569.69287109375
2024-10-01,573.7034912109375
2024-10-02,570.0611572265625
2024-10-03,579.973388671875
2024-10-04,593.0801391601562
2024-10-07,581.9736938476562
2024-10-08,590.0447998046875
2024-10-09,587.6761474609375
2024-10-10,581.0281982421875
2024-10-11,587.118896484375
2024-10-14,587.5866088867188
2024-10-15,583.45654296875
2024-10-16,574.0220336914062
2024-10-17,574.161376953125
2024-10-18,573.7034912109375
2024-10-21,572.3997802734375
2024-10-22,579.2169189453125
2024-10-23,560.98486328125
2024-10-24,565.0552978515625
2024-10-25,570.4989624023438
2024-10-28,575.3854370117188
2024-10-29,590.4329833984375
2024-10-30,588.9599609375
2024-10-31,564.8562622070312
2024-11-01,564.438232421875
2024-11-04,557.9893798828125
2024-11-05,569.6829833984375
2024-11-06,569.3047485351562
2024-11-07,588.8605346679688
2024-11-08,586.5117797851562
2024-11-11,580.3713989257812
2024-11-12,582.0134887695312
2024-11-13,577.2166137695312
2024-11-14,574.39013671875
2024-11-15,551.4210815429688
2024-11-18,551.739501953125
2024-11-19,558.3973999023438
2024-11-20,562.8060302734375
2024-11-21,560.3878173828125
2024-11-22,556.456787109375
2024-11-25,562.3980102539062
2024-11-26,570.78759765625
2024-11-27,566.4684448242188
2024-11-29,571.56396484375
2024-12-02,589.985107421875
2024-12-03,610.7051391601562
2024-12-04,610.83447265625
2024-12-05,606.0077514648438
2024-12-06,620.776611328125
2024-12-09,610.62548828125
2024-12-10,616.347900390625
2024-12-11,629.643798828125
2024-12-12,627.7628173828125
2024-12-13,617.3729248046875
2024-12-16,621.7454223632812
2024-12-17,616.964599609375
2024-12-18,594.8035888671875
2024-12-19,593.1900024414062
2024-12-20,582.9112548828125
2024-12-23,597.452880859375
2024-12-24,605.3213500976562
2024-12-26,600.9389038085938
2024-12-27,597.4130859375
2024-12-30,588.8772583007812
2024-12-31,583.170166015625
2025-01-02,596.8453369140625
2025-01-03,602.2138061523438
2025-01-06,627.681640625
2025-01-07,615.4208374023438
2025-01-08,608.2794189453125
2025-01-10,613.3988647460938
2025-01-13,605.8990478515625
2025-01-14,591.8753051757812
2025-01-15,614.6538696289062
2025-01-16,608.8570556640625
2025-01-17,610.3213500976562
2025-01-21,613.9965209960938
2025-01-22,621.0083618164062
2025-01-23,633.9066162109375
2025-01-24,644.9025268554688
2025-01-27,657.2430419921875
2025-01-28,671.6353149414062
2025-01-29,673.7865600585938
2025-01-30,684.2545776367188
2025-01-31,686.4259033203125
2025-02-03,694.6729125976562
2025-02-04,701.3759155273438
2025-02-05,702.0532836914062
2025-02-06,709.1447143554688
2025-02-07,711.6646118164062
2025-02-10,714.533203125
2025-02-11,716.923583984375
2025-02-12,722.4813232421875
2025-02-13,725.6485595703125
2025-02-14,733.72607421875
2025-02-18,713.5072631835938
2025-02-19,700.9577026367188
2025-02-20,692.0633544921875
2025-02-21,680.8184204101562
2025-02-24,665.4599609375
2025-02-25,654.8724975585938
2025-02-26,671.0077514648438
2025-02-27,655.6095581054688
2025-02-28,665.5296630859375
2025-03-03,652.4323120117188
2025-03-04,637.4424438476562
2025-03-05,653.8466186523438
2025-03-06,625.4205932617188
2025-03-07,623.15966796875
2025-03-10,595.6004028320312
2025-03-11,603.28955078125
2025-03-12,617.0841674804688
2025-03-13,588.27978515625
2025-03-14,605.7103271484375
2025-03-17,603.018798828125
2025-03-18,580.548828125
2025-03-19,582.2435302734375
2025-03-20,584.1775512695312
2025-03-21,594.3956298828125
2025-03-24,616.92529296875
2025-03-25,624.3621826171875
2025-03-26,609.079833984375
2025-03-27,600.7059326171875
2025-03-28,574.9462890625
2025-03-31,574.5675048828125
2025-04-01,584.1775512695312
2025-04-02,582.114013671875
2025-04-03,529.9666748046875
2025-04-04,503.1602478027344
2025-04-07,514.6444091796875
2025-04-08,508.86248779296875
2025-04-09,583.9483032226562
2025-04-10,544.5910034179688
2025-04-11,541.8794555664062
2025-04-14,529.8270263671875
2025-04-15,519.8981323242188
2025-04-16,500.7477722167969
2025-04-17,499.9203796386719
2025-04-21,483.15264892578125
2025-04-22,498.7240905761719
2025-04-23,518.6519775390625
2025-04-24,531.491943359375
2025-04-25,545.5679931640625
2025-04-28,548.0302734375
2025-04-29,552.7156982421875
2025-04-30,547.2926025390625
2025-05-01,570.430419921875
2025-05-02,595.1632690429688
2025-05-05,597.4063110351562
2025-05-06,585.4833984375
2025-05-07,594.9539184570312
2025-05-08,596.1502075195312
2025-05-09,590.6472778320312
2025-05-12,637.4413452148438
2025-05-13,653.98974609375
2025-05-14,657.309326171875
2025-05-15,641.8775024414062
2025-05-16,638.3485107421875
2025-05-19,638.4381713867188
2025-05-20,635.1185913085938
2025-05-21,633.5234985351562
2025-05-22,634.5902709960938
2025-05-23,625.1098022460938
2025-05-27,640.3223266601562
2025-05-28,641.5784301757812
2025-05-29,643.0438842773438
2025-05-30,645.4761962890625
2025-06-02,668.8134765625
2025-06-03,664.7760620117188
2025-06-04,685.8104858398438
2025-06-05,682.49072265625
2025-06-06,695.5401000976562
2025-06-09,691.9014282226562
2025-06-10,700.2155151367188
2025-06-11,691.981201171875
2025-06-12,691.2036743164062
2025-06-13,680.7462158203125
2025-06-16,700.4749145507812
2025-06-17,695.5963745117188
2025-06-18,694.1397705078125
2025-06-20,680.751220703125
2025-06-23,696.8934326171875
2025-06-24,710.5313110351562
2025-06-25,707.0195922851562
2025-06-26,724.3888549804688
2025-06-27,731.9110717773438
2025-06-30,736.3606567382812
2025-07-01,717.5347900390625
2025-07-02,711.8981323242188
2025-07-03,717.3253784179688
2025-07-07,716.6668701171875
2025-07-08,718.9814453125
2025-07-09,731.0631103515625
2025-07-10,725.5360717773438
2025-07-11,715.828857421875
2025-07-14,719.2308959960938
2025-07-15,708.7255859375
2025-07-16,701.2630004882812
2025-07-17,699.7665405273438
2025-07-18,702.6298828125
2025-07-21,711.2994384765625
2025-07-22,703.1586303710938
2025-07-23,711.9081420898438
2025-07-24,713.1251831054688
2025-07-25,711.0101318359375
2025-07-28,715.9486083984375
2025-07-29,698.35986328125
2025-07-30,693.5811157226562
2025-07-31,771.6278076171875
2025-08-01,748.2527465820312
2025-08-04,774.5509643554688
2025-08-05,761.6712036132812
2025-08-06,770.1812133789062
2025-08-07,760.0449829101562
2025-08-08,767.49755859375
2025-08-11,764.0755615234375
2025-08-12,788.1489868164062
2025-08-13,778.2523193359375
2025-08-14,780.2974243164062
2025-08-15,783.39013671875
2025-08-18,765.572021484375
2025-08-19,749.71923828125
2025-08-20,745.9680786132812
2025-08-21,737.3682250976562
2025-08-22,753.021484375
2025-08-25,751.5349731445312
2025-08-26,752.3331298828125
2025-08-27,745.62890625
2025-08-28,749.3501586914062
2025-08-29,736.9691772460938
2025-09-02,733.3875732421875
2025-09-03,735.3230590820312
2025-09-04,746.8959350585938
2025-09-05,750.6870727539062
2025-09-08,750.537353515625
2025-09-09,763.906005859375
2025-09-10,750.2180786132812
2025-09-11,749.140625
2025-09-12,753.8197021484375
2025-09-15,762.9083251953125
2025-09-16,777.1748046875
2025-09-17,773.9024658203125
2025-09-18,778.4218139648438
2025-09-19,776.5562133789062
2025-09-22,763.8824462890625
2025-09-23,754.1387329101562
2025-09-24,759.3899536132812
2025-09-25,747.6595458984375
2025-09-26,742.5081787109375
2025-09-29,742.1587524414062
2025-09-30,733.1538696289062
2025-10-01,716.1422729492188
2025-10-02,725.8360595703125
2025-10-03,709.3735961914062
2025-10-06,714.465087890625
2025-10-07,711.889404296875
2025-10-08,716.6414794921875
2025-10-09,732.2852783203125
2025-10-10,704.1223754882812
2025-10-13,714.5050048828125
2025-10-14,707.466796875
2025-10-15,716.3519287109375
2025-10-16,710.881103515625
2025-10-17,715.7229614257812
2025-10-20,730.947509765625
2025-10-21,732.0457153320312
2025-10-22,732.1854248046875
2025-10-23,732.7744750976562
2025-10-24,737.127197265625
2025-10-27,749.5663452148438
2025-10-28,750.1853637695312
2025-10-29,750.4149169921875
2025-10-30,665.3572387695312
2025-10-31,647.2674560546875
2025-11-03,636.645263671875
2025-11-04,626.2725830078125
2025-11-05,634.88818359375
2025-11-06,617.9065551757812
2025-11-07,620.6719360351562
2025-11-10,630.7052001953125
2025-11-11,626.0330200195312
2025-11-12,607.9931640625
2025-11-13,608.8717041015625
2025-11-14,608.4424438476562
2025-11-17,601.0048217773438
2025-11-18,596.6920776367188
2025-11-19,589.3343505859375
2025-11-20,588.1663208007812
2025-11-21,593.2578125
2025-11-24,612.0264282226562
2025-11-25,635.1576538085938
2025-11-26,632.5520629882812
2025-11-28,646.8681640625
2025-12-01,639.7999267578125
2025-12-02,646.01953125
2025-12-03,638.5320434570312
2025-12-04,660.425537109375
2025-12-05,672.2955932617188
2025-12-08,665.6866455078125
2025-12-09,655.8631591796875
2025-12-10,649.0444946289062
2025-12-11,651.6201782226562
2025-12-12,643.1543579101562
2025-12-15,646.9561157226562
2025-12-16,656.587890625
2025-12-17,648.9443969726562
2025-12-18,663.881591796875
2025-12-19,658.2064819335938
2025-12-22,660.9341430664062
2025-12-23,664.3711547851562
2025-12-24,666.9789428710938
2025-12-26,662.7225952148438
2025-12-29,658.1265258789062
2025-12-30,665.3803100585938
2025-12-31,659.5253295898438
