Date,SPG
2015-07-01,102.03761291503906
2015-07-02,102.01424407958984
2015-07-06,102.63320922851562
2015-07-07,104.3497314453125
2015-07-08,104.12783813476562
2015-07-09,103.99944305419922
2015-07-10,104.4198226928711
2015-07-13,104.69426727294922
2015-07-14,105.09124755859375
2015-07-15,105.92035675048828
2015-07-16,107.09977722167969
2015-07-17,106.8837661743164
2015-07-20,106.80786895751953
2015-07-21,106.1247329711914
2015-07-22,106.48674011230469
2015-07-23,105.90287780761719
2015-07-24,107.8121109008789
2015-07-27,108.46604919433594
2015-07-28,108.81053924560547
2015-07-29,108.8747787475586
2015-07-30,108.6821060180664
2015-07-31,109.31266021728516
2015-08-03,109.99579620361328
2015-08-04,110.0892333984375
2015-08-05,110.17679595947266
2015-08-06,110.87744140625
2015-08-07,111.9225845336914
2015-08-10,110.44538879394531
2015-08-11,111.84082794189453
2015-08-12,112.11527252197266
2015-08-13,112.28009033203125
2015-08-14,112.82750701904297
2015-08-17,113.9223403930664
2015-08-18,114.65225219726562
2015-08-19,113.71631622314453
2015-08-20,113.13945770263672
2015-08-21,111.82096862792969
2015-08-24,107.17082977294922
2015-08-25,104.23947143554688
2015-08-26,107.1119613647461
2015-08-27,109.3251724243164
2015-08-28,108.49524688720703
2015-08-31,105.55210876464844
2015-09-01,103.01509857177734
2015-09-02,104.26300048828125
2015-09-03,104.72801208496094
2015-09-04,102.962158203125
2015-09-08,104.50433349609375
2015-09-09,102.7738037109375
2015-09-10,103.04456329345703
2015-09-11,105.44612884521484
2015-09-14,105.32843017578125
2015-09-15,106.58808898925781
2015-09-16,107.96546173095703
2015-09-17,108.82481384277344
2015-09-18,108.30687713623047
2015-09-21,109.36052703857422
2015-09-22,107.8594970703125
2015-09-23,108.01251983642578
2015-09-24,106.6763687133789
2015-09-25,107.59461975097656
2015-09-28,106.0465316772461
2015-09-29,107.3826904296875
2015-09-30,108.14208984375
2015-10-01,109.42524719238281
2015-10-02,110.355224609375
2015-10-05,112.90399169921875
2015-10-06,112.85692596435547
2015-10-07,114.32258605957031
2015-10-08,114.7522964477539
2015-10-09,114.82881927490234
2015-10-12,115.74710083007812
2015-10-13,114.75819396972656
2015-10-14,114.25196075439453
2015-10-15,116.3062515258789
2015-10-16,116.90074920654297
2015-10-19,119.24940490722656
2015-10-20,118.98448944091797
2015-10-21,119.63201141357422
2015-10-22,120.56791687011719
2015-10-23,119.51425170898438
2015-10-26,119.70849609375
2015-10-27,121.36844635009766
2015-10-28,121.08589172363281
2015-10-29,120.30888366699219
2015-10-30,118.58426666259766
2015-11-02,121.12120056152344
2015-11-03,120.02050018310547
2015-11-04,119.9262466430664
2015-11-05,119.49072265625
2015-11-06,114.72286224365234
2015-11-09,112.7274169921875
2015-11-10,114.46391296386719
2015-11-11,113.93412017822266
2015-11-12,113.4117660522461
2015-11-13,110.59844207763672
2015-11-16,111.37007904052734
2015-11-17,110.88928985595703
2015-11-18,112.91321563720703
2015-11-19,113.38801574707031
2015-11-20,114.09437561035156
2015-11-23,113.4177474975586
2015-11-24,111.13265228271484
2015-11-25,111.87454223632812
2015-11-27,112.77079772949219
2015-11-30,110.53910827636719
2015-12-01,111.97545623779297
2015-12-02,108.6279296875
2015-12-03,107.83854675292969
2015-12-04,111.20384979248047
2015-12-07,111.48279571533203
2015-12-08,111.5600357055664
2015-12-09,111.13859558105469
2015-12-10,109.82096862792969
2015-12-11,109.56575775146484
2015-12-14,110.37884521484375
2015-12-15,112.59272766113281
2015-12-16,114.753173828125
2015-12-17,114.83035278320312
2015-12-18,113.07943725585938
2015-12-21,113.86287689208984
2015-12-22,114.3139877319336
2015-12-23,115.16268920898438
2015-12-24,115.35265350341797
2015-12-28,115.1924057006836
2015-12-29,116.20734405517578
2015-12-30,115.83341217041016
2015-12-31,115.40605926513672
2016-01-04,114.1596450805664
2016-01-05,116.4328384399414
2016-01-06,116.14799499511719
2016-01-07,113.69670867919922
2016-01-08,110.45600891113281
2016-01-11,110.81807708740234
2016-01-12,110.12361907958984
2016-01-13,109.36988067626953
2016-01-14,110.19485473632812
2016-01-15,109.31048583984375
2016-01-19,110.63408660888672
2016-01-20,107.21533966064453
2016-01-21,108.43798065185547
2016-01-22,111.18010711669922
2016-01-25,109.89213562011719
2016-01-26,112.8539047241211
2016-01-27,110.42037963867188
2016-01-28,110.86550903320312
2016-01-29,110.56283569335938
2016-02-01,111.54217529296875
2016-02-02,110.46190643310547
2016-02-03,111.76181030273438
2016-02-04,111.33446502685547
2016-02-05,109.19775390625
2016-02-08,108.30742645263672
2016-02-09,106.20035552978516
2016-02-10,108.52405548095703
2016-02-11,108.69178771972656
2016-02-12,109.91349029541016
2016-02-16,111.60234069824219
2016-02-17,112.05750274658203
2016-02-18,113.34512329101562
2016-02-19,113.45893859863281
2016-02-22,113.44690704345703
2016-02-23,113.59662628173828
2016-02-24,113.29122161865234
2016-02-25,114.95011901855469
2016-02-26,114.02782440185547
2016-02-29,113.62660217285156
2016-03-01,116.51924133300781
2016-03-02,116.95637512207031
2016-03-03,118.22604370117188
2016-03-04,118.89078521728516
2016-03-07,119.5675277709961
2016-03-08,118.39371490478516
2016-03-09,118.4416275024414
2016-03-10,118.59132385253906
2016-03-11,120.56168365478516
2016-03-14,119.2321548461914
2016-03-15,119.5615234375
2016-03-16,120.10055541992188
2016-03-17,122.84940338134766
2016-03-18,122.74761199951172
2016-03-21,121.57380676269531
2016-03-22,121.1965103149414
2016-03-23,120.67547607421875
2016-03-24,120.63956451416016
2016-03-28,121.61573791503906
2016-03-29,123.93341064453125
2016-03-30,123.2087631225586
2016-03-31,124.38261413574219
2016-04-01,125.22705078125
2016-04-04,125.0234146118164
2016-04-05,123.99925994873047
2016-04-06,124.96344757080078
2016-04-07,123.84357452392578
2016-04-08,124.02925109863281
2016-04-11,123.7776870727539
2016-04-12,124.63410949707031
2016-04-13,124.35261535644531
2016-04-14,124.53828430175781
2016-04-15,124.49039459228516
2016-04-18,125.20906829833984
2016-04-19,124.72391510009766
2016-04-20,122.00499725341797
2016-04-21,119.35191345214844
2016-04-22,121.05877685546875
2016-04-25,121.9750747680664
2016-04-26,122.1427230834961
2016-04-27,122.51406860351562
2016-04-28,121.96904754638672
2016-04-29,120.47785949707031
2016-05-02,122.484130859375
2016-05-03,122.74761199951172
2016-05-04,124.34062194824219
2016-05-05,124.83173370361328
2016-05-06,126.2570571899414
2016-05-09,127.58658599853516
2016-05-10,128.1136474609375
2016-05-11,121.7175521850586
2016-05-12,122.19659423828125
2016-05-13,118.60508728027344
2016-05-16,120.3495864868164
2016-05-17,117.98941802978516
2016-05-18,116.79425811767578
2016-05-19,117.01156616210938
2016-05-20,117.78417205810547
2016-05-23,118.15843200683594
2016-05-24,119.29326629638672
2016-05-25,118.36360931396484
2016-05-26,118.99140930175781
2016-05-27,119.37772369384766
2016-05-31,119.29927825927734
2016-06-01,119.67349243164062
2016-06-02,119.15438842773438
2016-06-03,120.41594696044922
2016-06-06,119.9210433959961
2016-06-07,120.42802429199219
2016-06-08,121.59907531738281
2016-06-09,121.71981048583984
2016-06-10,120.88072204589844
2016-06-13,121.7680435180664
2016-06-14,122.42603302001953
2016-06-15,123.2710952758789
2016-06-16,124.47228240966797
2016-06-17,124.27909088134766
2016-06-20,124.92500305175781
2016-06-21,125.81229400634766
2016-06-22,125.90888214111328
2016-06-23,126.210693359375
2016-06-24,124.6473388671875
2016-06-27,125.5226058959961
2016-06-28,128.62518310546875
2016-06-29,129.73582458496094
2016-06-30,130.92498779296875
2016-07-01,131.06985473632812
2016-07-05,132.93505859375
2016-07-06,131.31126403808594
2016-07-07,130.1342315673828
2016-07-08,132.53060913085938
2016-07-11,133.84652709960938
2016-07-12,133.6774444580078
2016-07-13,135.3555450439453
2016-07-14,134.10606384277344
2016-07-15,134.5708465576172
2016-07-18,134.1724395751953
2016-07-19,134.6251678466797
2016-07-20,134.75192260742188
2016-07-21,135.33139038085938
2016-07-22,135.995361328125
2016-07-25,135.5004119873047
2016-07-26,135.51246643066406
2016-07-27,133.8223876953125
2016-07-28,135.2529296875
2016-07-29,137.04566955566406
2016-08-01,137.3836669921875
2016-08-02,134.9752197265625
2016-08-03,134.19056701660156
2016-08-04,132.56680297851562
2016-08-05,132.62115478515625
2016-08-08,132.778076171875
2016-08-09,133.1764678955078
2016-08-10,132.18051147460938
2016-08-11,129.5064697265625
2016-08-12,129.9108428955078
2016-08-15,130.2211151123047
2016-08-16,128.69432067871094
2016-08-17,130.15423583984375
2016-08-18,130.3853759765625
2016-08-19,128.89508056640625
2016-08-22,129.2539825439453
2016-08-23,128.93768310546875
2016-08-24,130.3184814453125
2016-08-25,131.1153106689453
2016-08-26,130.0264892578125
2016-08-29,131.20045471191406
2016-08-30,131.32821655273438
2016-08-31,131.06663513183594
2016-09-01,131.40121459960938
2016-09-02,131.8087615966797
2016-09-06,132.70291137695312
2016-09-07,133.1834259033203
2016-09-08,132.05201721191406
2016-09-09,127.67848205566406
2016-09-12,129.126220703125
2016-09-13,125.86579895019531
2016-09-14,126.38890075683594
2016-09-15,126.468017578125
2016-09-16,126.966796875
2016-09-19,127.48997497558594
2016-09-20,126.94248962402344
2016-09-21,128.2685089111328
2016-09-22,129.86219787597656
2016-09-23,129.86219787597656
2016-09-26,130.63475036621094
2016-09-27,129.52159118652344
2016-09-28,129.32693481445312
2016-09-29,126.26726531982422
2016-09-30,125.9205322265625
2016-10-03,122.77574157714844
2016-10-04,120.96913146972656
2016-10-05,119.0530776977539
2016-10-06,119.51534271240234
2016-10-07,119.71604919433594
2016-10-10,120.13578796386719
2016-10-11,118.94962310791016
2016-10-12,120.99958038330078
2016-10-13,120.92045593261719
2016-10-14,119.8255615234375
2016-10-17,120.12969970703125
2016-10-18,120.70758819580078
2016-10-19,120.71974182128906
2016-10-20,119.98980712890625
2016-10-21,119.55792999267578
2016-10-24,119.83773803710938
2016-10-25,119.99589538574219
2016-10-26,114.58824920654297
2016-10-27,111.45561981201172
2016-10-28,111.24270629882812
2016-10-31,113.11622619628906
2016-11-01,111.46775817871094
2016-11-02,109.29620361328125
2016-11-03,109.08328247070312
2016-11-04,109.6611557006836
2016-11-07,110.66483306884766
2016-11-08,111.46775817871094
2016-11-09,109.96532440185547
2016-11-10,110.8838119506836
2016-11-11,111.07848358154297
2016-11-14,113.92049407958984
2016-11-15,113.08564758300781
2016-11-16,112.29383850097656
2016-11-17,110.90654754638672
2016-11-18,110.99866485595703
2016-11-21,110.29276275634766
2016-11-22,111.45903778076172
2016-11-23,110.95568084716797
2016-11-25,111.28716278076172
2016-11-28,111.3055648803711
2016-11-29,111.90100860595703
2016-11-30,110.27434539794922
2016-12-01,108.53722381591797
2016-12-02,110.09630584716797
2016-12-05,110.95568084716797
2016-12-06,110.55668640136719
2016-12-07,112.79104614257812
2016-12-08,112.73580932617188
2016-12-09,112.59459686279297
2016-12-12,114.24583435058594
2016-12-13,115.0499267578125
2016-12-14,111.27488708496094
2016-12-15,110.48916625976562
2016-12-16,111.28102111816406
2016-12-19,112.10358428955078
2016-12-20,112.3183822631836
2016-12-21,109.36589050292969
2016-12-22,108.18119049072266
2016-12-23,108.00320434570312
2016-12-27,108.00932312011719
2016-12-28,106.92900085449219
2016-12-29,108.0216064453125
2016-12-30,109.0589599609375
2017-01-03,112.097412109375
2017-01-04,112.99359893798828
2017-01-05,113.1900405883789
2017-01-06,114.68163299560547
2017-01-09,114.11686706542969
2017-01-10,113.06114959716797
2017-01-11,111.71070098876953
2017-01-12,112.38592529296875
2017-01-13,112.95064544677734
2017-01-17,113.76091003417969
2017-01-18,114.52201080322266
2017-01-19,112.28157043457031
2017-01-20,113.26982116699219
2017-01-23,113.558349609375
2017-01-24,113.03045654296875
2017-01-25,111.96239471435547
2017-01-26,111.77210235595703
2017-01-27,110.18843078613281
2017-01-30,109.1019287109375
2017-01-31,112.80331420898438
2017-02-01,111.42832946777344
2017-02-02,112.30615997314453
2017-02-03,113.76091003417969
2017-02-06,111.7598648071289
2017-02-07,109.9122085571289
2017-02-08,110.86978149414062
2017-02-09,111.71070098876953
2017-02-10,112.863525390625
2017-02-13,112.59701538085938
2017-02-14,112.14456176757812
2017-02-15,110.65705108642578
2017-02-16,111.05375671386719
2017-02-17,112.237548828125
2017-02-21,114.76005554199219
2017-02-22,114.4749526977539
2017-02-23,114.6547622680664
2017-02-24,114.2208480834961
2017-02-27,115.4852294921875
2017-02-28,114.28905487060547
2017-03-01,113.12383270263672
2017-03-02,112.26852416992188
2017-03-03,111.19010925292969
2017-03-06,110.8182144165039
2017-03-07,109.88233947753906
2017-03-08,108.27088928222656
2017-03-09,104.94261932373047
2017-03-10,104.22984313964844
2017-03-13,104.55213165283203
2017-03-14,103.64727020263672
2017-03-15,105.36405181884766
2017-03-16,104.99219512939453
2017-03-17,104.13687133789062
2017-03-20,104.1926498413086
2017-03-21,104.71949005126953
2017-03-22,102.5130386352539
2017-03-23,103.8517837524414
2017-03-24,104.09349822998047
2017-03-27,102.97789001464844
2017-03-28,104.15548706054688
2017-03-29,105.27729797363281
2017-03-30,105.38886260986328
2017-03-31,106.62225341796875
2017-04-03,107.88041687011719
2017-04-04,105.71115112304688
2017-04-05,105.54383850097656
2017-04-06,105.24010467529297
2017-04-07,105.24630737304688
2017-04-10,106.28758239746094
2017-04-11,107.44037628173828
2017-04-12,107.39700317382812
2017-04-13,107.74406433105469
2017-04-17,108.1965103149414
2017-04-18,108.29568481445312
2017-04-19,108.10974884033203
2017-04-20,108.29568481445312
2017-04-21,106.59123992919922
2017-04-24,104.70710754394531
2017-04-25,104.14928436279297
2017-04-26,102.28993225097656
2017-04-27,104.0439224243164
2017-04-28,102.42627716064453
2017-05-01,104.5025863647461
2017-05-02,104.61412811279297
2017-05-03,102.63080596923828
2017-05-04,102.52546691894531
2017-05-05,101.9676284790039
2017-05-08,100.92637634277344
2017-05-09,100.69087982177734
2017-05-10,102.66799926757812
2017-05-11,100.26941680908203
2017-05-12,97.60432434082031
2017-05-15,97.87384033203125
2017-05-16,96.60153198242188
2017-05-17,96.6830062866211
2017-05-18,96.52631378173828
2017-05-19,98.94556427001953
2017-05-22,98.77633666992188
2017-05-23,98.55699157714844
2017-05-24,100.14265441894531
2017-05-25,100.71926879882812
2017-05-26,98.5632553100586
2017-05-30,97.13424682617188
2017-05-31,96.6767349243164
2017-06-01,97.04023742675781
2017-06-02,95.66764068603516
2017-06-05,95.42950439453125
2017-06-06,95.94970703125
2017-06-07,97.31600952148438
2017-06-08,96.87728881835938
2017-06-09,97.52285766601562
2017-06-12,100.11759948730469
2017-06-13,99.53474426269531
2017-06-14,100.054931640625
2017-06-15,100.73810577392578
2017-06-16,100.44352722167969
2017-06-19,99.63500213623047
2017-06-20,99.6412582397461
2017-06-21,99.51589965820312
2017-06-22,99.73529052734375
2017-06-23,99.59113311767578
2017-06-26,100.56258392333984
2017-06-27,101.7659683227539
2017-06-28,102.6622314453125
2017-06-29,101.89759063720703
2017-06-30,101.3836441040039
2017-07-03,103.52713012695312
2017-07-05,99.17118072509766
2017-07-06,97.63565826416016
2017-07-07,98.17467498779297
2017-07-10,97.42256164550781
2017-07-11,96.48246765136719
2017-07-12,97.47270965576172
2017-07-13,99.05840301513672
2017-07-14,100.73810577392578
2017-07-17,101.6155776977539
2017-07-18,100.17401123046875
2017-07-19,100.44976806640625
2017-07-20,100.91355895996094
2017-07-21,100.64407348632812
2017-07-24,100.30563354492188
2017-07-25,101.26457214355469
2017-07-26,102.64341735839844
2017-07-27,104.24789428710938
2017-07-28,100.60648345947266
2017-07-31,99.34042358398438
2017-08-01,103.15109252929688
2017-08-02,101.13921356201172
2017-08-03,101.50273895263672
2017-08-04,103.11974334716797
2017-08-07,104.27294921875
2017-08-08,102.8439712524414
2017-08-09,102.41777801513672
2017-08-10,101.00129699707031
2017-08-11,98.95811462402344
2017-08-14,100.49365234375
2017-08-15,99.82810974121094
2017-08-16,100.11964416503906
2017-08-17,99.64425659179688
2017-08-18,97.34965515136719
2017-08-21,97.98351287841797
2017-08-22,97.1278076171875
2017-08-23,99.87879180908203
2017-08-24,99.302001953125
2017-08-25,100.8105697631836
2017-08-28,99.40972900390625
2017-08-29,99.04209899902344
2017-08-30,99.53016662597656
2017-08-31,99.42240142822266
2017-09-01,100.27180480957031
2017-09-05,99.44140625
2017-09-06,100.61408233642578
2017-09-07,101.92620086669922
2017-09-08,101.14020538330078
2017-09-11,101.6219253540039
2017-09-12,99.86611938476562
2017-09-13,101.691650390625
2017-09-14,103.79609680175781
2017-09-15,104.44265747070312
2017-09-18,102.38259887695312
2017-09-19,101.24795532226562
2017-09-20,101.355712890625
2017-09-21,101.15288543701172
2017-09-22,100.66477966308594
2017-09-25,101.72335052490234
2017-09-26,103.64397430419922
2017-09-27,101.48885345458984
2017-09-28,102.42693328857422
2017-09-29,102.05931091308594
2017-10-02,101.22262573242188
2017-10-03,100.8105697631836
2017-10-04,101.3176498413086
2017-10-05,102.21778106689453
2017-10-06,101.5712661743164
2017-10-09,101.90081787109375
2017-10-10,103.26362609863281
2017-10-11,104.63916778564453
2017-10-12,104.29686737060547
2017-10-13,105.4188461303711
2017-10-16,104.79763793945312
2017-10-17,105.91958618164062
2017-10-18,104.26519012451172
2017-10-19,104.9180908203125
2017-10-20,104.4109878540039
2017-10-23,104.86734771728516
2017-10-24,103.87218475341797
2017-10-25,103.7517318725586
2017-10-26,103.80244445800781
2017-10-27,99.302001953125
2017-10-30,99.98657989501953
2017-10-31,98.45891571044922
2017-11-01,99.57453918457031
2017-11-02,101.01342010498047
2017-11-03,98.24976348876953
2017-11-06,98.24341583251953
2017-11-07,100.81689453125
2017-11-08,99.5365219116211
2017-11-09,102.21778106689453
2017-11-10,103.79609680175781
2017-11-13,101.6156234741211
2017-11-14,101.74237060546875
2017-11-15,102.20406341552734
2017-11-16,102.518310546875
2017-11-17,103.85213470458984
2017-11-20,101.96683502197266
2017-11-21,102.05660247802734
2017-11-22,101.53074645996094
2017-11-24,101.31914520263672
2017-11-27,100.28673553466797
2017-11-28,100.11356353759766
2017-11-29,101.78726959228516
2017-11-30,103.72388458251953
2017-12-01,104.1086196899414
2017-12-04,104.95507049560547
2017-12-05,104.36511993408203
2017-12-06,104.37155151367188
2017-12-07,103.92909240722656
2017-12-08,104.04450988769531
2017-12-11,104.0509033203125
2017-12-12,106.67366790771484
2017-12-13,106.34022521972656
2017-12-14,106.21195983886719
2017-12-15,107.60992431640625
2017-12-18,108.89884948730469
2017-12-19,108.00106811523438
2017-12-20,105.15386962890625
2017-12-21,105.61557006835938
2017-12-22,107.1353988647461
2017-12-26,108.6038589477539
2017-12-27,109.50804138183594
2017-12-28,109.751708984375
2017-12-29,110.13005828857422
2018-01-02,110.56611633300781
2018-01-03,110.05309295654297
2018-01-04,106.83396911621094
2018-01-05,107.8279037475586
2018-01-08,108.53331756591797
2018-01-09,106.1478271484375
2018-01-10,105.7951431274414
2018-01-11,105.69893646240234
2018-01-12,106.135009765625
2018-01-16,105.8336410522461
2018-01-17,107.34695434570312
2018-01-18,105.32703399658203
2018-01-19,105.3205795288086
2018-01-22,106.51337432861328
2018-01-23,106.66084289550781
2018-01-24,106.51337432861328
2018-01-25,105.29497528076172
2018-01-26,104.98075103759766
2018-01-29,104.47412872314453
2018-01-30,104.27532958984375
2018-01-31,104.7627182006836
2018-02-01,102.37722778320312
2018-02-02,100.37007141113281
2018-02-05,99.47230529785156
2018-02-06,100.0237808227539
2018-02-07,99.30558013916016
2018-02-08,97.58702087402344
2018-02-09,100.80610656738281
2018-02-12,100.5496597290039
2018-02-13,100.96520233154297
2018-02-14,100.05614471435547
2018-02-15,101.39376831054688
2018-02-16,101.35478973388672
2018-02-20,101.03012084960938
2018-02-21,98.24449157714844
2018-02-22,100.0171890258789
2018-02-23,101.72492218017578
2018-02-26,103.28983306884766
2018-02-27,99.95222473144531
2018-02-28,99.67951202392578
2018-03-01,100.60807037353516
2018-03-02,100.98468017578125
2018-03-05,102.24439239501953
2018-03-06,102.35478973388672
2018-03-07,101.24443817138672
2018-03-08,101.4781494140625
2018-03-09,101.66648864746094
2018-03-12,101.77688598632812
2018-03-13,102.25090789794922
2018-03-14,102.91321563720703
2018-03-15,101.68595123291016
2018-03-16,102.0301284790039
2018-03-19,100.92622375488281
2018-03-20,100.37432098388672
2018-03-21,100.2184829711914
2018-03-22,99.04315185546875
2018-03-23,98.52371215820312
2018-03-26,99.55616760253906
2018-03-27,97.69905090332031
2018-03-28,101.23787689208984
2018-03-29,100.22498321533203
2018-04-02,99.40031433105469
2018-04-03,100.14704895019531
2018-04-04,101.4781494140625
2018-04-05,101.00416564941406
2018-04-06,100.06261444091797
2018-04-09,99.62108612060547
2018-04-10,100.60155487060547
2018-04-11,99.74444580078125
2018-04-12,97.34839630126953
2018-04-13,98.52371215820312
2018-04-16,98.88084411621094
2018-04-17,99.50421905517578
2018-04-18,99.05615997314453
2018-04-19,97.58219146728516
2018-04-20,95.61465454101562
2018-04-23,95.38739776611328
2018-04-24,95.9718017578125
2018-04-25,95.28353118896484
2018-04-26,97.50423431396484
2018-04-27,101.38728332519531
2018-04-30,101.51713562011719
2018-05-01,103.72489166259766
2018-05-02,103.36773681640625
2018-05-03,103.27032470703125
2018-05-04,103.46515655517578
2018-05-07,103.74433135986328
2018-05-08,103.08203887939453
2018-05-09,103.85476684570312
2018-05-10,104.6858901977539
2018-05-11,103.82230377197266
2018-05-14,102.60802459716797
2018-05-15,100.41974639892578
2018-05-16,101.4785385131836
2018-05-17,101.06423950195312
2018-05-18,101.39305114746094
2018-05-21,103.27388000488281
2018-05-22,104.04985046386719
2018-05-23,104.73377990722656
2018-05-24,104.41813659667969
2018-05-25,104.88506317138672
2018-05-29,105.0560531616211
2018-05-30,106.26604461669922
2018-05-31,105.36515045166016
2018-06-01,105.74655151367188
2018-06-04,106.94342041015625
2018-06-05,107.14728546142578
2018-06-06,108.6861572265625
2018-06-07,108.37046813964844
2018-06-08,108.75846862792969
2018-06-11,108.5743408203125
2018-06-12,109.26480865478516
2018-06-13,106.86451721191406
2018-06-14,107.88385772705078
2018-06-15,108.16661834716797
2018-06-18,108.53487396240234
2018-06-19,108.76506805419922
2018-06-20,110.53406524658203
2018-06-21,111.45477294921875
2018-06-22,113.67095184326172
2018-06-25,112.75686645507812
2018-06-26,113.37500762939453
2018-06-27,112.40177917480469
2018-06-28,112.5924301147461
2018-06-29,111.9217300415039
2018-07-02,111.5862808227539
2018-07-03,112.55297088623047
2018-07-05,113.44080352783203
2018-07-06,113.76304626464844
2018-07-09,113.20403289794922
2018-07-10,113.65780639648438
2018-07-11,112.53983306884766
2018-07-12,112.88179779052734
2018-07-13,112.90811157226562
2018-07-16,112.23078918457031
2018-07-17,112.11239624023438
2018-07-18,112.27019500732422
2018-07-19,114.40093994140625
2018-07-20,112.12553405761719
2018-07-23,112.0466079711914
2018-07-24,111.66519927978516
2018-07-25,112.53983306884766
2018-07-26,112.40177917480469
2018-07-27,110.86289978027344
2018-07-30,113.01992797851562
2018-07-31,115.88058471679688
2018-08-01,116.89336395263672
2018-08-02,115.91344451904297
2018-08-03,117.23532104492188
2018-08-06,116.45931243896484
2018-08-07,116.05813598632812
2018-08-08,115.92665100097656
2018-08-09,116.20283508300781
2018-08-10,114.6771469116211
2018-08-13,114.9467544555664
2018-08-14,115.47286224365234
2018-08-15,116.49219512939453
2018-08-16,117.58966064453125
2018-08-17,118.71371459960938
2018-08-20,120.63595581054688
2018-08-21,119.86444091796875
2018-08-22,119.31237030029297
2018-08-23,120.01075744628906
2018-08-24,120.33667755126953
2018-08-27,119.77133178710938
2018-08-28,121.34769439697266
2018-08-29,120.76236724853516
2018-08-30,120.68917083740234
2018-08-31,121.74010467529297
2018-09-04,120.94195556640625
2018-09-05,121.32775115966797
2018-09-06,122.73119354248047
2018-09-07,120.84882354736328
2018-09-10,121.11487579345703
2018-09-11,122.58484649658203
2018-09-12,123.01054382324219
2018-09-13,123.20341491699219
2018-09-14,121.38760375976562
2018-09-17,122.02613830566406
2018-09-18,120.66920471191406
2018-09-19,119.5983657836914
2018-09-20,119.7979507446289
2018-09-21,120.04401397705078
2018-09-24,117.50987243652344
2018-09-25,117.72270965576172
2018-09-26,116.60528564453125
2018-09-27,116.711669921875
2018-09-28,117.56305694580078
2018-10-01,117.4898681640625
2018-10-02,117.0974349975586
2018-10-03,115.13529205322266
2018-10-04,112.46147155761719
2018-10-05,113.92474365234375
2018-10-08,116.33918762207031
2018-10-09,116.46560668945312
2018-10-10,114.8160171508789
2018-10-11,113.33942413330078
2018-10-12,113.85822296142578
2018-10-15,113.75184631347656
2018-10-16,115.79379272460938
2018-10-17,114.90248107910156
2018-10-18,115.1419677734375
2018-10-19,116.2460708618164
2018-10-22,114.32384490966797
2018-10-23,114.86259460449219
2018-10-24,115.74057006835938
2018-10-25,120.27017211914062
2018-10-26,119.56510925292969
2018-10-29,120.29676055908203
2018-10-30,124.87957000732422
2018-10-31,122.0660629272461
2018-11-01,120.81558990478516
2018-11-02,119.9974365234375
2018-11-05,121.8199691772461
2018-11-06,122.13916778564453
2018-11-07,124.5602798461914
2018-11-08,124.5736083984375
2018-11-09,125.50479125976562
2018-11-12,124.99263000488281
2018-11-13,125.61786651611328
2018-11-14,124.64678955078125
2018-11-15,122.64329528808594
2018-11-16,124.42491149902344
2018-11-19,125.6014633178711
2018-11-20,123.14752197265625
2018-11-21,123.04666137695312
2018-11-23,122.64999389648438
2018-11-26,121.50704956054688
2018-11-27,122.17939758300781
2018-11-28,123.90721893310547
2018-11-29,124.10891723632812
2018-11-30,124.84176635742188
2018-12-03,125.68885040283203
2018-12-04,124.39801025390625
2018-12-06,128.1360626220703
2018-12-07,126.67711639404297
2018-12-10,125.11738586425781
2018-12-11,126.02497100830078
2018-12-12,122.69706726074219
2018-12-13,123.74588012695312
2018-12-14,122.80462646484375
2018-12-17,117.6412353515625
2018-12-18,117.65472412109375
2018-12-19,115.6041488647461
2018-12-20,112.99559783935547
2018-12-21,110.8509292602539
2018-12-24,108.01375579833984
2018-12-26,112.04762268066406
2018-12-27,112.49809265136719
2018-12-28,113.01575469970703
2018-12-31,112.94181823730469
2019-01-02,110.93830108642578
2019-01-03,110.84419250488281
2019-01-04,112.5317153930664
2019-01-07,113.71497344970703
2019-01-08,116.43114471435547
2019-01-09,116.59246826171875
2019-01-10,116.54541015625
2019-01-11,115.87307739257812
2019-01-14,114.79066467285156
2019-01-15,115.12010192871094
2019-01-16,116.23614501953125
2019-01-17,116.49159240722656
2019-01-18,116.95551300048828
2019-01-22,116.48487091064453
2019-01-23,117.09667205810547
2019-01-24,117.83622741699219
2019-01-25,119.07328033447266
2019-01-28,120.00780487060547
2019-01-29,120.47844696044922
2019-01-30,121.85664367675781
2019-01-31,122.44155883789062
2019-02-01,120.48514556884766
2019-02-04,122.27349853515625
2019-02-05,123.70549774169922
2019-02-06,123.60472106933594
2019-02-07,124.94928741455078
2019-02-08,123.77275085449219
2019-02-11,124.57955169677734
2019-02-12,124.10891723632812
2019-02-13,125.09469604492188
2019-02-14,124.9315414428711
2019-02-15,124.65956115722656
2019-02-19,123.891357421875
2019-02-20,121.84498596191406
2019-02-21,123.83699035644531
2019-02-22,124.84317779541016
2019-02-25,124.61885070800781
2019-02-26,124.60520935058594
2019-02-27,123.21829223632812
2019-02-28,123.1639175415039
2019-03-01,119.36351013183594
2019-03-04,119.18672943115234
2019-03-05,119.92770385742188
2019-03-06,119.91414642333984
2019-03-07,119.24112701416016
2019-03-08,118.4456558227539
2019-03-11,119.57422637939453
2019-03-12,120.96114349365234
2019-03-13,121.1107177734375
2019-03-14,122.23247528076172
2019-03-15,119.71698760986328
2019-03-18,118.52044677734375
2019-03-19,117.88818359375
2019-03-20,118.25527954101562
2019-03-21,121.13790893554688
2019-03-22,120.74362182617188
2019-03-25,121.00191497802734
2019-03-26,123.21829223632812
2019-03-27,123.12992858886719
2019-03-28,124.65956115722656
2019-03-29,123.87776184082031
2019-04-01,124.36724853515625
2019-04-02,124.61200714111328
2019-04-03,124.39449310302734
2019-04-04,124.99272918701172
2019-04-05,125.63858795166016
2019-04-08,124.73435974121094
2019-04-09,124.12249755859375
2019-04-10,125.72699737548828
2019-04-11,125.23747253417969
2019-04-12,126.12811279296875
2019-04-15,125.43465423583984
2019-04-16,120.39006805419922
2019-04-17,120.63483428955078
2019-04-18,121.05633544921875
2019-04-22,118.09892272949219
2019-04-23,120.07049560546875
2019-04-24,121.11749267578125
2019-04-25,120.91352844238281
2019-04-26,121.43023681640625
2019-04-29,119.4858627319336
2019-04-30,118.09213256835938
2019-05-01,120.8455810546875
2019-05-02,120.87958526611328
2019-05-03,121.97417449951172
2019-05-06,121.09033966064453
2019-05-07,118.31647491455078
2019-05-08,117.50746154785156
2019-05-09,118.13972473144531
2019-05-10,119.11871337890625
2019-05-13,118.97594451904297
2019-05-14,119.8257827758789
2019-05-15,120.33564758300781
2019-05-16,120.58325958251953
2019-05-17,119.99864196777344
2019-05-20,117.31609344482422
2019-05-21,118.85687255859375
2019-05-22,118.08648681640625
2019-05-23,117.94891357421875
2019-05-24,117.84574890136719
2019-05-28,115.6171646118164
2019-05-29,112.77645111083984
2019-05-30,112.15052032470703
2019-05-31,111.49018859863281
2019-06-03,111.2012939453125
2019-06-04,111.50395202636719
2019-06-05,113.45738220214844
2019-06-06,112.54945373535156
2019-06-07,112.38436126708984
2019-06-10,111.00873565673828
2019-06-11,111.88910675048828
2019-06-12,111.80659484863281
2019-06-13,112.6801528930664
2019-06-14,112.06107330322266
2019-06-17,114.55101776123047
2019-06-18,114.26903533935547
2019-06-19,113.67748260498047
2019-06-20,113.38858795166016
2019-06-21,112.8658447265625
2019-06-24,111.44892120361328
2019-06-25,111.07746887207031
2019-06-26,109.55052947998047
2019-06-27,110.00450897216797
2019-06-28,109.88755798339844
2019-07-01,109.1172103881836
2019-07-02,111.39390563964844
2019-07-03,113.51240539550781
2019-07-05,112.08860778808594
2019-07-08,112.99651336669922
2019-07-09,113.16847229003906
2019-07-10,112.7214126586914
2019-07-11,111.80659484863281
2019-07-12,111.60710906982422
2019-07-15,111.84100341796875
2019-07-16,111.44200134277344
2019-07-17,110.14894104003906
2019-07-18,109.63304901123047
2019-07-19,107.60396575927734
2019-07-22,106.7029037475586
2019-07-23,108.84894561767578
2019-07-24,109.48172760009766
2019-07-25,108.8970718383789
2019-07-26,108.90396118164062
2019-07-29,109.80502319335938
2019-07-30,110.19707489013672
2019-07-31,111.56584930419922
2019-08-01,108.31932067871094
2019-08-02,109.53672790527344
2019-08-05,106.4415283203125
2019-08-06,105.55422973632812
2019-08-07,105.59552001953125
2019-08-08,106.71666717529297
2019-08-09,106.57910919189453
2019-08-12,105.26536560058594
2019-08-13,106.86112213134766
2019-08-14,104.63255310058594
2019-08-15,103.1469497680664
2019-08-16,103.6491470336914
2019-08-19,104.5906982421875
2019-08-20,102.88890075683594
2019-08-21,102.79125213623047
2019-08-22,103.71187591552734
2019-08-23,101.84970092773438
2019-08-26,102.51226806640625
2019-08-27,101.4591293334961
2019-08-28,102.20539093017578
2019-08-29,103.37712860107422
2019-08-30,103.8792953491211
2019-09-03,104.27684020996094
2019-09-04,104.72319793701172
2019-09-05,104.6604232788086
2019-09-06,105.49041748046875
2019-09-09,110.34471893310547
2019-09-10,112.44403839111328
2019-09-11,110.10757446289062
2019-09-12,108.29418182373047
2019-09-13,107.35958862304688
2019-09-16,107.680419921875
2019-09-17,107.52700805664062
2019-09-18,108.67781066894531
2019-09-19,107.84086608886719
2019-09-20,108.13377380371094
2019-09-23,108.07099151611328
2019-09-24,107.4084243774414
2019-09-25,107.24104309082031
2019-09-26,108.5383071899414
2019-09-27,110.17034149169922
2019-09-30,108.5592041015625
2019-10-01,106.26458740234375
2019-10-02,104.03971862792969
2019-10-03,102.87494659423828
2019-10-04,103.22367095947266
2019-10-07,103.37712860107422
2019-10-08,101.73809051513672
2019-10-09,101.8147964477539
2019-10-10,102.65876770019531
2019-10-11,103.64215087890625
2019-10-14,103.6770248413086
2019-10-15,103.8443832397461
2019-10-16,103.72586059570312
2019-10-17,103.78864288330078
2019-10-18,104.56278991699219
2019-10-21,106.82952880859375
2019-10-22,107.76412200927734
2019-10-23,107.88966369628906
2019-10-24,107.71529388427734
2019-10-25,108.4964828491211
2019-10-28,107.29682159423828
2019-10-29,106.62030029296875
2019-10-30,105.44158172607422
2019-10-31,105.09285736083984
2019-11-01,107.4781494140625
2019-11-04,110.24012756347656
2019-11-05,109.08928680419922
2019-11-06,108.16168212890625
2019-11-07,108.78241729736328
2019-11-08,107.75019073486328
2019-11-11,108.39883422851562
2019-11-12,107.12944030761719
2019-11-13,107.64555358886719
2019-11-14,108.58596801757812
2019-11-15,108.8900146484375
2019-11-18,108.68495178222656
2019-11-19,106.6556396484375
2019-11-20,104.81017303466797
2019-11-21,103.59400177001953
2019-11-22,104.43540954589844
2019-11-25,105.5243148803711
2019-11-26,106.58492279052734
2019-11-27,106.9243392944336
2019-11-29,106.91727447509766
2019-12-02,105.25566101074219
2019-12-03,104.7323989868164
2019-12-04,105.45362091064453
2019-12-05,105.00108337402344
2019-12-06,104.8172607421875
2019-12-09,105.91321563720703
2019-12-10,105.38288879394531
2019-12-11,102.80912017822266
2019-12-12,101.8263168334961
2019-12-13,102.06673431396484
2019-12-16,102.9364242553711
2019-12-17,102.28591918945312
2019-12-18,102.06673431396484
2019-12-19,102.77377319335938
2019-12-20,102.872802734375
2019-12-23,102.5051040649414
2019-12-24,103.07077026367188
2019-12-26,103.6717758178711
2019-12-27,104.3576431274414
2019-12-30,104.3576431274414
2019-12-31,105.32632446289062
2020-01-02,102.5899429321289
2020-01-03,102.77377319335938
2020-01-06,103.3111572265625
2020-01-07,102.13740539550781
2020-01-08,102.80912017822266
2020-01-09,101.98184204101562
2020-01-10,102.3778076171875
2020-01-13,102.73136901855469
2020-01-14,104.03238677978516
2020-01-15,104.01116943359375
2020-01-16,105.02935028076172
2020-01-17,104.48493194580078
2020-01-21,105.4323959350586
2020-01-22,103.240478515625
2020-01-23,104.11723327636719
2020-01-24,102.39904022216797
2020-01-27,100.14347076416016
2020-01-28,98.98384094238281
2020-01-29,99.01213073730469
2020-01-30,96.48080444335938
2020-01-31,94.14743041992188
2020-02-03,93.89995574951172
2020-02-04,97.07473754882812
2020-02-05,99.3232650756836
2020-02-06,99.5989990234375
2020-02-07,99.71215057373047
2020-02-10,101.15458679199219
2020-02-11,100.4616470336914
2020-02-12,98.40406036376953
2020-02-13,99.5455322265625
2020-02-14,99.7322006225586
2020-02-18,99.91168212890625
2020-02-19,98.36096954345703
2020-02-20,100.88802337646484
2020-02-21,102.12283325195312
2020-02-24,101.0675048828125
2020-02-25,97.11898803710938
2020-02-26,94.92933654785156
2020-02-27,90.31320190429688
2020-02-28,88.36046600341797
2020-03-02,91.3326187133789
2020-03-03,87.92255401611328
2020-03-04,88.6548080444336
2020-03-05,86.0775146484375
2020-03-06,85.47445678710938
2020-03-09,73.97354125976562
2020-03-10,80.00399017333984
2020-03-11,72.86796569824219
2020-03-12,59.938385009765625
2020-03-13,64.44684600830078
2020-03-16,47.23134994506836
2020-03-17,42.25623321533203
2020-03-18,32.248558044433594
2020-03-19,40.016353607177734
2020-03-20,34.56024169921875
2020-03-23,36.01041030883789
2020-03-24,39.29126739501953
2020-03-25,44.75455856323242
2020-03-26,44.58226776123047
2020-03-27,41.76087188720703
2020-03-30,40.396854400634766
2020-03-31,39.38459014892578
2020-04-01,33.77052307128906
2020-04-02,31.59525489807129
2020-04-03,33.540802001953125
2020-04-06,38.81026077270508
2020-04-07,43.7064208984375
2020-04-08,45.16377258300781
2020-04-09,48.93998718261719
2020-04-13,46.879581451416016
2020-04-14,48.638458251953125
2020-04-15,43.950504302978516
2020-04-16,38.121070861816406
2020-04-17,40.289161682128906
2020-04-20,38.6451416015625
2020-04-21,38.45130920410156
2020-04-22,37.66160583496094
2020-04-23,38.1569709777832
2020-04-24,36.96522521972656
2020-04-27,41.05732727050781
2020-04-28,45.46530532836914
2020-04-29,49.392276763916016
2020-04-30,47.93490219116211
2020-05-01,45.371971130371094
2020-05-04,45.23556900024414
2020-05-05,43.469505310058594
2020-05-06,40.016353607177734
2020-05-07,40.92092514038086
2020-05-08,41.653194427490234
2020-05-11,39.542537689208984
2020-05-12,39.15485763549805
2020-05-13,36.735504150390625
2020-05-14,37.008304595947266
2020-05-15,36.843196868896484
2020-05-18,40.85631561279297
2020-05-19,40.82758712768555
2020-05-20,39.966102600097656
2020-05-21,40.203006744384766
2020-05-22,39.19076156616211
2020-05-26,42.536216735839844
2020-05-27,45.36478805541992
2020-05-28,42.89517593383789
2020-05-29,41.4234619140625
2020-06-01,44.22330856323242
2020-06-02,45.551448822021484
2020-06-03,52.32135009765625
2020-06-04,55.08530044555664
2020-06-05,63.60691833496094
2020-06-08,68.56048583984375
2020-06-09,62.0777702331543
2020-06-10,59.59378433227539
2020-06-11,51.63215637207031
2020-06-12,54.546871185302734
2020-06-15,53.40538787841797
2020-06-16,54.21662139892578
2020-06-17,51.452667236328125
2020-06-18,50.94295120239258
2020-06-19,48.186180114746094
2020-06-22,49.21279525756836
2020-06-23,50.347084045410156
2020-06-24,46.74317932128906
2020-06-25,46.621131896972656
2020-06-26,44.43868637084961
2020-06-29,48.91126251220703
2020-06-30,49.09075927734375
2020-07-01,50.117347717285156
2020-07-02,49.39944076538086
2020-07-06,49.485591888427734
2020-07-07,47.33185958862305
2020-07-08,47.17392349243164
2020-07-09,44.691097259521484
2020-07-10,46.85899353027344
2020-07-13,46.64658737182617
2020-07-14,45.357574462890625
2020-07-15,48.77055358886719
2020-07-16,46.06800079345703
2020-07-17,45.7017936706543
2020-07-20,44.25164794921875
2020-07-21,44.63981628417969
2020-07-22,45.430809020996094
2020-07-23,45.26235580444336
2020-07-24,44.361515045166016
2020-07-27,45.37954330444336
2020-07-28,46.97617721557617
2020-07-29,48.03815460205078
2020-07-30,46.59531784057617
2020-07-31,45.66517639160156
2020-08-03,44.69841003417969
2020-08-04,46.133914947509766
2020-08-05,45.775047302246094
2020-08-06,44.82292556762695
2020-08-07,45.54798889160156
2020-08-10,47.95027542114258
2020-08-11,49.180702209472656
2020-08-12,49.678741455078125
2020-08-13,48.353084564208984
2020-08-14,49.935081481933594
2020-08-17,49.935081481933594
2020-08-18,47.70124816894531
2020-08-19,46.7857551574707
2020-08-20,47.510833740234375
2020-08-21,47.254486083984375
2020-08-24,50.1694450378418
2020-08-25,50.279300689697266
2020-08-26,48.565486907958984
2020-08-27,49.48830795288086
2020-08-28,51.15085983276367
2020-08-31,49.693389892578125
2020-09-01,49.21731948852539
2020-09-02,49.686065673828125
2020-09-03,49.80324935913086
2020-09-04,51.44382095336914
2020-09-08,51.30467224121094
2020-09-09,50.43311309814453
2020-09-10,48.477603912353516
2020-09-11,46.98350524902344
2020-09-14,49.65676498413086
2020-09-15,52.05171585083008
2020-09-16,54.28554916381836
2020-09-17,52.644954681396484
2020-09-18,51.14353942871094
2020-09-21,47.510833740234375
2020-09-22,47.68661117553711
2020-09-23,46.06067657470703
2020-09-24,46.016746520996094
2020-09-25,46.56602478027344
2020-09-28,48.18463134765625
2020-09-29,46.86631393432617
2020-09-30,47.37167739868164
2020-10-01,48.72661209106445
2020-10-02,49.94972610473633
2020-10-05,50.35987854003906
2020-10-06,51.25340270996094
2020-10-07,52.022403717041016
2020-10-08,52.27607727050781
2020-10-09,50.52284622192383
2020-10-12,50.74665451049805
2020-10-13,49.10533905029297
2020-10-14,49.03074264526367
2020-10-15,48.58310317993164
2020-10-16,48.359291076660156
2020-10-19,47.68037414550781
2020-10-20,48.0907096862793
2020-10-21,47.90419387817383
2020-10-22,49.50074768066406
2020-10-23,49.89616394042969
2020-10-26,48.25484085083008
2020-10-27,46.24048614501953
2020-10-28,45.330299377441406
2020-10-29,47.307350158691406
2020-10-30,46.85972213745117
2020-11-02,48.277225494384766
2020-11-03,48.48611831665039
2020-11-04,46.464317321777344
2020-11-05,47.352115631103516
2020-11-06,46.150962829589844
2020-11-09,59.01295852661133
2020-11-10,58.81897735595703
2020-11-11,54.76789474487305
2020-11-12,51.582252502441406
2020-11-13,55.73030471801758
2020-11-16,58.908512115478516
2020-11-17,58.908512115478516
2020-11-18,57.1552734375
2020-11-19,60.154396057128906
2020-11-20,60.51998519897461
2020-11-23,63.720558166503906
2020-11-24,66.24223327636719
2020-11-25,65.04854583740234
2020-11-27,63.82500076293945
2020-11-30,61.601776123046875
2020-12-01,63.407203674316406
2020-12-02,65.09330749511719
2020-12-03,66.8689193725586
2020-12-04,70.06204223632812
2020-12-07,66.67493438720703
2020-12-08,67.22702026367188
2020-12-09,67.77162170410156
2020-12-10,67.47322082519531
2020-12-11,65.57823944091797
2020-12-14,65.1455307006836
2020-12-15,66.95097351074219
2020-12-16,65.86174774169922
2020-12-17,66.42127227783203
2020-12-18,63.73548126220703
2020-12-21,62.407508850097656
2020-12-22,62.45973587036133
2020-12-23,63.3918571472168
2020-12-24,63.937477111816406
2020-12-28,64.77867889404297
2020-12-29,63.1190299987793
2020-12-30,63.634361267089844
2020-12-31,64.62709045410156
2021-01-04,62.75526809692383
2021-01-05,63.02809143066406
2021-01-06,64.46797180175781
2021-01-07,64.51343536376953
2021-01-08,65.54407501220703
2021-01-11,63.005367279052734
2021-01-12,64.74078369140625
2021-01-13,67.34767150878906
2021-01-14,71.95523834228516
2021-01-15,70.47750091552734
2021-01-19,70.22742462158203
2021-01-20,72.21289825439453
2021-01-21,71.62181091308594
2021-01-22,72.36447143554688
2021-01-25,73.87255096435547
2021-01-26,75.06233215332031
2021-01-27,73.23597717285156
2021-01-28,73.895263671875
2021-01-29,70.42444610595703
2021-02-01,70.43201446533203
2021-02-02,70.06826782226562
2021-02-03,70.76545715332031
2021-02-04,72.11438751220703
2021-02-05,73.31932067871094
2021-02-08,74.97896575927734
2021-02-09,77.7146987915039
2021-02-10,80.49588775634766
2021-02-11,82.80725860595703
2021-02-12,82.79969024658203
2021-02-16,83.34532928466797
2021-02-17,82.01913452148438
2021-02-18,80.72325134277344
2021-02-19,82.92851257324219
2021-02-22,85.45962524414062
2021-02-23,87.24052429199219
2021-02-24,90.18086242675781
2021-02-25,87.01316833496094
2021-02-26,85.57331085205078
2021-03-01,86.33113861083984
2021-03-02,84.63360595703125
2021-03-03,86.3841781616211
2021-03-04,83.44383239746094
2021-03-05,84.24712371826172
2021-03-08,84.64875793457031
2021-03-09,84.1182861328125
2021-03-10,86.6266860961914
2021-03-11,87.7861328125
2021-03-12,89.30937957763672
2021-03-15,91.7041015625
2021-03-16,88.80921173095703
2021-03-17,89.60493469238281
2021-03-18,88.52882385253906
2021-03-19,88.4303207397461
2021-03-22,87.33903503417969
2021-03-23,83.67118835449219
2021-03-24,82.90577697753906
2021-03-25,86.11894989013672
2021-03-26,86.8995132446289
2021-03-29,86.2477798461914
2021-03-30,87.44512939453125
2021-03-31,86.21744537353516
2021-04-01,87.3011703491211
2021-04-05,87.1874771118164
2021-04-06,88.27875518798828
2021-04-07,88.67280578613281
2021-04-08,87.61526489257812
2021-04-09,88.82608032226562
2021-04-12,87.92947387695312
2021-04-13,86.88725280761719
2021-04-14,87.17847442626953
2021-04-15,87.7991943359375
2021-04-16,89.75334930419922
2021-04-19,89.32420349121094
2021-04-20,87.56163024902344
2021-04-21,90.14418029785156
2021-04-22,88.62681579589844
2021-04-23,89.60006713867188
2021-04-26,92.0906753540039
2021-04-27,93.76895904541016
2021-04-28,94.33604431152344
2021-04-29,94.51231384277344
2021-04-30,93.29381561279297
2021-05-03,94.41266632080078
2021-05-04,93.00261688232422
2021-05-05,92.66543579101562
2021-05-06,94.1980972290039
2021-05-07,95.7461166381836
2021-05-10,97.1331787109375
2021-05-11,93.98350524902344
2021-05-12,90.13651275634766
2021-05-13,90.42005157470703
2021-05-14,93.63101959228516
2021-05-17,93.67699432373047
2021-05-18,93.92986297607422
2021-05-19,93.69996643066406
2021-05-20,93.92986297607422
2021-05-21,93.7842788696289
2021-05-24,95.51618194580078
2021-05-25,95.33226776123047
2021-05-26,97.09485626220703
2021-05-27,98.31333923339844
2021-05-28,98.46659088134766
2021-06-01,102.834716796875
2021-06-02,103.60103607177734
2021-06-03,102.73507690429688
2021-06-04,101.36335754394531
2021-06-07,102.68911743164062
2021-06-08,103.99954986572266
2021-06-09,103.90757751464844
2021-06-10,103.10292053222656
2021-06-11,102.8653564453125
2021-06-14,102.13733673095703
2021-06-15,100.61231994628906
2021-06-16,100.18318939208984
2021-06-17,98.59687805175781
2021-06-18,96.04497528076172
2021-06-21,100.77327728271484
2021-06-22,99.81536102294922
2021-06-23,101.31736755371094
2021-06-24,100.0988998413086
2021-06-25,100.4437484741211
2021-06-28,99.77703857421875
2021-06-29,100.3824462890625
2021-06-30,99.99162292480469
2021-07-01,101.89722442626953
2021-07-02,100.41765594482422
2021-07-06,98.8760986328125
2021-07-07,97.44300842285156
2021-07-08,96.90074920654297
2021-07-09,100.46414947509766
2021-07-12,100.9134292602539
2021-07-13,98.07823181152344
2021-07-14,98.72891235351562
2021-07-15,98.02400970458984
2021-07-16,96.44371032714844
2021-07-19,90.7810287475586
2021-07-20,97.3190689086914
2021-07-21,99.10076141357422
2021-07-22,96.90850830078125
2021-07-23,96.17257690429688
2021-07-26,98.4035873413086
2021-07-27,97.50495910644531
2021-07-28,97.00146484375
2021-07-29,97.54371643066406
2021-07-30,98.00850677490234
2021-08-02,97.85356903076172
2021-08-03,100.34793853759766
2021-08-04,99.69723510742188
2021-08-05,103.82610321044922
2021-08-06,104.7324447631836
2021-08-09,102.91976928710938
2021-08-10,102.3387680053711
2021-08-11,103.42327880859375
2021-08-12,103.68668365478516
2021-08-13,103.54723358154297
2021-08-16,101.45569610595703
2021-08-17,99.24018859863281
2021-08-18,99.15498352050781
2021-08-19,99.51131439208984
2021-08-20,99.75145721435547
2021-08-23,100.2859878540039
2021-08-24,102.68738555908203
2021-08-25,102.67189025878906
2021-08-26,101.5099105834961
2021-08-27,103.562744140625
2021-08-30,103.34584045410156
2021-08-31,104.15147399902344
2021-09-01,105.20498657226562
2021-09-02,105.67752838134766
2021-09-03,105.15850067138672
2021-09-07,104.25215911865234
2021-09-08,103.51579284667969
2021-09-09,102.34073638916016
2021-09-10,100.19425964355469
2021-09-13,102.71672821044922
2021-09-14,101.49467468261719
2021-09-15,102.740234375
2021-09-16,103.93097686767578
2021-09-17,102.83425903320312
2021-09-20,101.46336364746094
2021-09-21,102.13705444335938
2021-09-22,104.69088745117188
2021-09-23,105.85027313232422
2021-09-24,104.8553695678711
2021-09-27,105.09036254882812
2021-09-28,104.74571990966797
2021-09-29,104.8553695678711
2021-09-30,101.81584930419922
2021-10-01,104.29917907714844
2021-10-04,103.60196685791016
2021-10-05,102.92825317382812
2021-10-06,103.88396453857422
2021-10-07,104.98072052001953
2021-10-08,103.46878051757812
2021-10-11,103.89180755615234
2021-10-12,105.57608032226562
2021-10-13,107.44052124023438
2021-10-14,109.1482925415039
2021-10-15,109.84549713134766
2021-10-18,113.22187805175781
2021-10-19,111.89796447753906
2021-10-20,113.55873107910156
2021-10-21,112.77532196044922
2021-10-22,113.6997299194336
2021-10-25,115.02366638183594
2021-10-26,114.66327667236328
2021-10-27,112.75181579589844
2021-10-28,115.25081634521484
2021-10-29,114.82781219482422
2021-11-01,117.00558471679688
2021-11-02,124.54953002929688
2021-11-03,130.22906494140625
2021-11-04,129.8138427734375
2021-11-05,133.56622314453125
2021-11-08,131.1299285888672
2021-11-09,131.20826721191406
2021-11-10,128.4507598876953
2021-11-11,129.60232543945312
2021-11-12,129.1009521484375
2021-11-15,130.26817321777344
2021-11-16,129.1558074951172
2021-11-17,131.20826721191406
2021-11-18,132.68885803222656
2021-11-19,130.6207275390625
2021-11-22,131.5999755859375
2021-11-23,132.4146728515625
2021-11-24,132.4146728515625
2021-11-26,125.71678161621094
2021-11-29,125.2937240600586
2021-11-30,119.73175048828125
2021-12-01,115.72088623046875
2021-12-02,118.96402740478516
2021-12-03,116.87242126464844
2021-12-06,119.54373168945312
2021-12-07,122.40306854248047
2021-12-08,123.34314727783203
2021-12-09,120.5247573852539
2021-12-10,120.66727447509766
2021-12-13,119.62226867675781
2021-12-14,119.48768615722656
2021-12-15,120.36643981933594
2021-12-16,120.06559753417969
2021-12-17,119.3293228149414
2021-12-20,115.79846954345703
2021-12-21,122.29020690917969
2021-12-22,123.12934112548828
2021-12-23,123.073974609375
2021-12-27,125.42522430419922
2021-12-28,124.90274047851562
2021-12-29,125.68647003173828
2021-12-30,126.69981384277344
2021-12-31,126.48606872558594
2022-01-03,126.90567779541016
2022-01-04,129.02737426757812
2022-01-05,127.48359680175781
2022-01-06,129.1698760986328
2022-01-07,127.67359924316406
2022-01-10,127.36483764648438
2022-01-11,128.11695861816406
2022-01-12,128.1960906982422
2022-01-13,129.0352783203125
2022-01-14,123.26395416259766
2022-01-18,121.83101654052734
2022-01-19,117.63513946533203
2022-01-20,116.7168197631836
2022-01-21,116.34473419189453
2022-01-24,115.66387939453125
2022-01-25,116.20222473144531
2022-01-26,115.25221252441406
2022-01-27,113.91427612304688
2022-01-28,115.90135955810547
2022-01-31,116.53469848632812
2022-02-01,116.66139221191406
2022-02-02,118.39515686035156
2022-02-03,115.23638153076172
2022-02-04,114.93553161621094
2022-02-07,117.8963851928711
2022-02-08,112.44965362548828
2022-02-09,113.2809066772461
2022-02-10,113.98552703857422
2022-02-11,112.28340148925781
2022-02-14,110.75548553466797
2022-02-15,111.87967681884766
2022-02-16,113.89051818847656
2022-02-17,113.7400894165039
2022-02-18,111.58673095703125
2022-02-22,109.2908935546875
2022-02-23,106.1400146484375
2022-02-24,109.10877990722656
2022-02-25,110.59712982177734
2022-02-28,108.90296173095703
2022-03-01,106.55960083007812
2022-03-02,109.86088562011719
2022-03-03,110.3675765991211
2022-03-04,108.37252807617188
2022-03-07,101.54829406738281
2022-03-08,104.018310546875
2022-03-09,106.28726196289062
2022-03-10,106.31932830810547
2022-03-11,104.26686096191406
2022-03-14,102.77560424804688
2022-03-15,103.32881927490234
2022-03-16,105.29309844970703
2022-03-17,105.54964447021484
2022-03-18,104.90023040771484
2022-03-21,103.47314453125
2022-03-22,106.50371551513672
2022-03-23,104.23478698730469
2022-03-24,104.33099365234375
2022-03-25,104.36306762695312
2022-03-28,105.62983703613281
2022-03-29,110.70486450195312
2022-03-30,108.06713104248047
2022-03-31,105.47748565673828
2022-04-01,106.63200378417969
2022-04-04,107.8586654663086
2022-04-05,104.6917724609375
2022-04-06,102.51103210449219
2022-04-07,100.62694549560547
2022-04-08,102.19835662841797
2022-04-11,101.6451644897461
2022-04-12,101.16410827636719
2022-04-13,102.28657531738281
2022-04-14,102.52706909179688
2022-04-18,102.53509521484375
2022-04-19,105.28506469726562
2022-04-20,106.30328369140625
2022-04-21,104.90825653076172
2022-04-22,100.923583984375
2022-04-25,101.2522964477539
2022-04-26,99.52052307128906
2022-04-27,97.91703796386719
2022-04-28,99.74502563476562
2022-04-29,94.60585021972656
2022-05-02,93.67581176757812
2022-05-03,96.90685272216797
2022-05-04,99.88131713867188
2022-05-05,98.08541107177734
2022-05-06,97.34781646728516
2022-05-09,94.75816345214844
2022-05-10,95.46369171142578
2022-05-11,90.60513305664062
2022-05-12,92.69769287109375
2022-05-13,93.6277084350586
2022-05-16,93.69987487792969
2022-05-17,96.81865692138672
2022-05-18,91.13429260253906
2022-05-19,88.22394561767578
2022-05-20,87.26185607910156
2022-05-23,86.40399932861328
2022-05-24,86.4681396484375
2022-05-25,87.54248046875
2022-05-26,89.8194351196289
2022-05-27,91.1823959350586
2022-05-31,91.91999816894531
2022-06-01,89.12992095947266
2022-06-02,90.05193328857422
2022-06-03,88.15180206298828
2022-06-06,87.8872299194336
2022-06-07,90.01985931396484
2022-06-08,87.81372833251953
2022-06-09,84.55744171142578
2022-06-10,82.43273162841797
2022-06-13,79.0868911743164
2022-06-14,78.56588745117188
2022-06-15,79.371826171875
2022-06-16,77.02730560302734
2022-06-17,77.89836120605469
2022-06-21,78.63101959228516
2022-06-22,78.1100082397461
2022-06-23,78.72056579589844
2022-06-24,81.09767150878906
2022-06-27,81.50468444824219
2022-06-28,80.79644775390625
2022-06-29,79.17645263671875
2022-06-30,77.27153015136719
2022-07-01,77.89022064208984
2022-07-05,79.4288101196289
2022-07-06,78.49262237548828
2022-07-07,79.68118286132812
2022-07-08,79.52650451660156
2022-07-11,79.14387512207031
2022-07-12,79.4532241821289
2022-07-13,77.79253387451172
2022-07-14,76.52257537841797
2022-07-15,78.44377899169922
2022-07-18,80.29986572265625
2022-07-19,83.25493621826172
2022-07-20,84.21554565429688
2022-07-21,84.85865783691406
2022-07-22,84.40277099609375
2022-07-25,84.68770599365234
2022-07-26,83.50729370117188
2022-07-27,84.76097106933594
2022-07-28,87.47997283935547
2022-07-29,88.44056701660156
2022-08-01,88.43241119384766
2022-08-02,85.86811065673828
2022-08-03,87.04850006103516
2022-08-04,86.1448974609375
2022-08-05,86.69844055175781
2022-08-08,88.60337829589844
2022-08-09,87.9277114868164
2022-08-10,90.67110443115234
2022-08-11,92.8609619140625
2022-08-12,94.30999755859375
2022-08-15,92.19342041015625
2022-08-16,93.227294921875
2022-08-17,91.85965728759766
2022-08-18,92.25853729248047
2022-08-19,90.36991119384766
2022-08-22,86.8938217163086
2022-08-23,86.97523498535156
2022-08-24,86.84497833251953
2022-08-25,88.11493682861328
2022-08-26,85.35523223876953
2022-08-29,84.37836456298828
2022-08-30,84.4923324584961
2022-08-31,83.01885986328125
2022-09-01,82.48971557617188
2022-09-02,81.83845520019531
2022-09-06,82.25363159179688
2022-09-07,84.22368621826172
2022-09-08,84.91097259521484
2022-09-09,85.92951202392578
2022-09-12,87.15507507324219
2022-09-13,83.1471939086914
2022-09-14,82.83251190185547
2022-09-15,82.42676544189453
2022-09-16,82.55924987792969
2022-09-19,83.03954315185547
2022-09-20,81.41650390625
2022-09-21,79.20553588867188
2022-09-22,76.33211517333984
2022-09-23,74.67595672607422
2022-09-26,72.34077453613281
2022-09-27,73.72367095947266
2022-09-28,76.6219253540039
2022-09-29,73.80647277832031
2022-09-30,74.31988525390625
2022-10-03,75.33841705322266
2022-10-04,79.3877182006836
2022-10-05,79.30489349365234
2022-10-06,78.40229797363281
2022-10-07,76.6302261352539
2022-10-10,76.6219253540039
2022-10-11,78.51823425292969
2022-10-12,77.57422637939453
2022-10-13,79.35457611083984
2022-10-14,79.37942504882812
2022-10-17,82.10380554199219
2022-10-18,81.69804382324219
2022-10-19,81.17635345458984
2022-10-20,81.40821838378906
2022-10-21,83.66886901855469
2022-10-24,84.78678131103516
2022-10-25,87.64361572265625
2022-10-26,87.38693237304688
2022-10-27,88.09908294677734
2022-10-28,90.22723388671875
2022-10-31,90.24380493164062
2022-11-01,94.26824188232422
2022-11-02,92.42162322998047
2022-11-03,93.22486877441406
2022-11-04,95.70082092285156
2022-11-07,96.7773208618164
2022-11-08,95.57659912109375
2022-11-09,93.50641632080078
2022-11-10,99.40232849121094
2022-11-11,99.5348129272461
2022-11-14,97.32386016845703
2022-11-15,99.50169372558594
2022-11-16,95.71737670898438
2022-11-17,95.88301849365234
2022-11-18,97.63023376464844
2022-11-21,97.03402709960938
2022-11-22,98.85578918457031
2022-11-23,99.0462417602539
2022-11-25,99.9488525390625
2022-11-28,95.85816192626953
2022-11-29,97.26588439941406
2022-11-30,98.90547943115234
2022-12-01,98.5494155883789
2022-12-02,98.82266998291016
2022-12-05,97.45635223388672
2022-12-06,97.92835235595703
2022-12-07,98.58253479003906
2022-12-08,98.47323608398438
2022-12-09,98.16213989257812
2022-12-12,99.73441314697266
2022-12-13,101.09648132324219
2022-12-14,100.65087127685547
2022-12-15,99.38969421386719
2022-12-16,97.80059051513672
2022-12-19,97.2120361328125
2022-12-20,97.24568939208984
2022-12-21,97.99396514892578
2022-12-22,97.83422088623047
2022-12-23,99.137451171875
2022-12-27,99.29720306396484
2022-12-28,96.74120330810547
2022-12-29,98.64139556884766
2022-12-30,98.7759017944336
2023-01-03,98.82635498046875
2023-01-04,101.87002563476562
2023-01-05,98.7254638671875
2023-01-06,99.9446029663086
2023-01-09,99.482177734375
2023-01-10,98.24620819091797
2023-01-11,102.03817749023438
2023-01-12,105.9310073852539
2023-01-13,105.57788848876953
2023-01-17,105.11544799804688
2023-01-18,102.7864761352539
2023-01-19,101.67662811279297
2023-01-20,103.96358489990234
2023-01-23,105.07341766357422
2023-01-24,105.47701263427734
2023-01-25,105.25839233398438
2023-01-26,106.2168960571289
2023-01-27,108.13390350341797
2023-01-30,105.89739227294922
2023-01-31,108.00776672363281
2023-02-01,108.40294647216797
2023-02-02,110.80760192871094
2023-02-03,109.1428451538086
2023-02-06,108.15911102294922
2023-02-07,105.85536193847656
2023-02-08,104.45964813232422
2023-02-09,104.6025619506836
2023-02-10,104.55213165283203
2023-02-13,105.75445556640625
2023-02-14,105.443359375
2023-02-15,105.53585815429688
2023-02-16,104.55213165283203
2023-02-17,103.97198486328125
2023-02-21,101.41598510742188
2023-02-22,101.81956481933594
2023-02-23,102.82850646972656
2023-02-24,102.43334197998047
2023-02-27,103.00508880615234
2023-02-28,102.65194702148438
2023-03-01,101.94567108154297
2023-03-02,103.29094696044922
2023-03-03,104.32512664794922
2023-03-06,104.13172912597656
2023-03-07,101.40757751464844
2023-03-08,102.72762298583984
2023-03-09,100.0992660522461
2023-03-10,95.1497802734375
2023-03-13,95.08151245117188
2023-03-14,95.74711608886719
2023-03-15,93.60519409179688
2023-03-16,93.18704223632812
2023-03-17,89.01409149169922
2023-03-20,91.41206359863281
2023-03-21,93.1187744140625
2023-03-22,89.01409149169922
2023-03-23,87.36711883544922
2023-03-24,88.30582427978516
2023-03-27,88.15221405029297
2023-03-28,88.8775634765625
2023-03-29,90.95977020263672
2023-03-30,91.78752899169922
2023-03-31,95.55085754394531
2023-04-03,95.93486022949219
2023-04-04,94.98764038085938
2023-04-05,93.82706451416016
2023-04-06,93.6734619140625
2023-04-10,93.4942398071289
2023-04-11,94.00627136230469
2023-04-12,93.45159149169922
2023-04-13,92.96517181396484
2023-04-14,91.78752899169922
2023-04-17,95.02177429199219
2023-04-18,94.9791030883789
2023-04-19,95.62764739990234
2023-04-20,94.52682495117188
2023-04-21,94.43294525146484
2023-04-24,94.06600952148438
2023-04-25,93.20410919189453
2023-04-26,92.45314025878906
2023-04-27,94.38174438476562
2023-04-28,96.70289611816406
2023-05-01,96.84796142578125
2023-05-02,95.61912536621094
2023-05-03,91.81311798095703
2023-05-04,92.03500366210938
2023-05-05,93.48571014404297
2023-05-08,92.16300964355469
2023-05-09,90.87443542480469
2023-05-10,90.90856170654297
2023-05-11,90.66963195800781
2023-05-12,90.75495147705078
2023-05-15,91.24991607666016
2023-05-16,88.51914978027344
2023-05-17,90.71228790283203
2023-05-18,90.06373596191406
2023-05-19,89.9101333618164
2023-05-22,90.43922424316406
2023-05-23,88.8604965209961
2023-05-24,87.17937469482422
2023-05-25,86.4028091430664
2023-05-26,87.35004425048828
2023-05-30,88.33142852783203
2023-05-31,89.7309341430664
2023-06-01,88.237548828125
2023-06-02,90.89148712158203
2023-06-05,90.9256362915039
2023-06-06,93.16143035888672
2023-06-07,96.17379760742188
2023-06-08,95.18473052978516
2023-06-09,96.04366302490234
2023-06-12,95.40162658691406
2023-06-13,96.26924896240234
2023-06-14,96.2171859741211
2023-06-15,96.2345199584961
2023-06-16,97.85694122314453
2023-06-20,96.06969451904297
2023-06-21,96.06969451904297
2023-06-22,94.63814544677734
2023-06-23,93.47555541992188
2023-06-26,96.36467742919922
2023-06-27,98.09986877441406
2023-06-28,97.85694122314453
2023-06-29,99.56612396240234
2023-06-30,100.1908187866211
2023-07-03,101.54427337646484
2023-07-05,102.55936431884766
2023-07-06,103.33152770996094
2023-07-07,102.8543472290039
2023-07-10,104.93658447265625
2023-07-11,106.7238540649414
2023-07-12,106.22933197021484
2023-07-13,105.70874786376953
2023-07-14,105.22288513183594
2023-07-17,105.54391479492188
2023-07-18,105.4311294555664
2023-07-19,107.0708999633789
2023-07-20,107.36588287353516
2023-07-21,107.27911376953125
2023-07-24,107.93849182128906
2023-07-25,107.31382751464844
2023-07-26,107.73028564453125
2023-07-27,106.7151870727539
2023-07-28,107.99923706054688
2023-07-31,108.10334777832031
2023-08-01,108.83211517333984
2023-08-02,107.63483428955078
2023-08-03,102.69819641113281
2023-08-04,102.62876892089844
2023-08-07,103.8173828125
2023-08-08,103.2447738647461
2023-08-09,103.07125854492188
2023-08-10,103.11461639404297
2023-08-11,103.13197326660156
2023-08-14,103.2621078491211
2023-08-15,102.26437377929688
2023-08-16,100.3035888671875
2023-08-17,99.03689575195312
2023-08-18,100.29491424560547
2023-08-21,97.79623413085938
2023-08-22,96.24319458007812
2023-08-23,96.85920715332031
2023-08-24,96.00895690917969
2023-08-25,96.06969451904297
2023-08-28,96.88522338867188
2023-08-29,98.49897003173828
2023-08-30,98.48163604736328
2023-08-31,98.4642562866211
2023-09-01,99.69625854492188
2023-09-05,99.72230529785156
2023-09-06,100.425048828125
2023-09-07,100.95429992675781
2023-09-08,101.10426330566406
2023-09-11,101.2101058959961
2023-09-12,101.86285400390625
2023-09-13,101.23657989501953
2023-09-14,103.53881072998047
2023-09-15,102.68319702148438
2023-09-18,100.77789306640625
2023-09-19,100.78671264648438
2023-09-20,100.34566497802734
2023-09-21,98.47565460205078
2023-09-22,98.51093292236328
2023-09-25,98.90786743164062
2023-09-26,96.27926635742188
2023-09-27,95.4324722290039
2023-09-28,95.99701690673828
2023-09-29,95.29134368896484
2023-10-02,92.29225158691406
2023-10-03,91.18083953857422
2023-10-04,92.12466430664062
2023-10-05,92.21288299560547
2023-10-06,92.09821319580078
2023-10-09,93.00675201416016
2023-10-10,93.63304138183594
2023-10-11,95.55596160888672
2023-10-12,94.69152069091797
2023-10-13,94.40924835205078
2023-10-16,95.55596160888672
2023-10-17,97.1613540649414
2023-10-18,95.75003814697266
2023-10-19,93.94174194335938
2023-10-20,93.63304138183594
2023-10-23,92.80386352539062
2023-10-24,93.47425842285156
2023-10-25,92.60099029541016
2023-10-26,93.7829818725586
2023-10-27,92.21288299560547
2023-10-30,92.90972900390625
2023-10-31,96.9320068359375
2023-11-01,99.22541809082031
2023-11-02,102.18038940429688
2023-11-03,103.9886703491211
2023-11-06,103.27417755126953
2023-11-07,101.6511459350586
2023-11-08,101.82756805419922
2023-11-09,100.37213134765625
2023-11-10,101.73055267333984
2023-11-13,101.91578674316406
2023-11-14,106.54669189453125
2023-11-15,106.3261947631836
2023-11-16,106.2203369140625
2023-11-17,107.3317642211914
2023-11-20,108.27559661865234
2023-11-21,107.39350891113281
2023-11-22,106.82014465332031
2023-11-24,106.59080505371094
2023-11-27,107.35820770263672
2023-11-28,107.70223236083984
2023-11-29,108.28440856933594
2023-11-30,110.16325378417969
2023-12-01,113.62982940673828
2023-12-04,115.42045593261719
2023-12-05,115.35870361328125
2023-12-06,116.1966781616211
2023-12-07,117.55706024169922
2023-12-08,118.9264144897461
2023-12-11,120.62690734863281
2023-12-12,120.36734771728516
2023-12-13,124.63643646240234
2023-12-14,131.18780517578125
2023-12-15,129.19195556640625
2023-12-18,128.5386199951172
2023-12-19,129.9169158935547
2023-12-20,128.97715759277344
2023-12-21,127.28563690185547
2023-12-22,127.35723114013672
2023-12-26,128.5744171142578
2023-12-27,128.58335876464844
2023-12-28,129.12928771972656
2023-12-29,127.66150665283203
2024-01-02,128.01055908203125
2024-01-03,125.37928771972656
2024-01-04,125.53141784667969
2024-01-05,125.88048553466797
2024-01-08,127.35723114013672
2024-01-09,127.22296905517578
2024-01-10,129.48727416992188
2024-01-11,129.2187957763672
2024-01-12,131.22360229492188
2024-01-16,130.24803161621094
2024-01-17,127.1961441040039
2024-01-18,126.93656921386719
2024-01-19,126.74864196777344
2024-01-22,127.10664367675781
2024-01-23,127.62572479248047
2024-01-24,126.63227081298828
2024-01-25,127.83155822753906
2024-01-26,127.05294799804688
2024-01-29,126.8470458984375
2024-01-30,124.6185531616211
2024-01-31,124.05472564697266
2024-02-01,124.76174926757812
2024-02-02,123.45507049560547
2024-02-05,122.42583465576172
2024-02-06,128.33274841308594
2024-02-07,128.37750244140625
2024-02-08,128.96820068359375
2024-02-09,131.50103759765625
2024-02-12,130.4001922607422
2024-02-13,128.44911193847656
2024-02-14,127.85843658447266
2024-02-15,132.4586639404297
2024-02-16,134.21286010742188
2024-02-20,133.26416015625
2024-02-21,134.49925231933594
2024-02-22,135.60006713867188
2024-02-23,134.56192016601562
2024-02-26,133.82803344726562
2024-02-27,133.98016357421875
2024-02-28,134.12335205078125
2024-02-29,132.58395385742188
2024-03-01,134.6424560546875
2024-03-04,136.4055938720703
2024-03-05,134.12335205078125
2024-03-06,136.32505798339844
2024-03-07,135.71762084960938
2024-03-08,136.8599090576172
2024-03-11,135.8082733154297
2024-03-12,136.53353881835938
2024-03-13,137.34042358398438
2024-03-14,135.4093780517578
2024-03-15,136.6876678466797
2024-03-18,137.7574462890625
2024-03-19,139.7066650390625
2024-03-20,140.88519287109375
2024-03-21,141.25692749023438
2024-03-22,137.6758575439453
2024-03-25,136.95059204101562
2024-03-26,136.5970001220703
2024-03-27,139.91519165039062
2024-03-28,141.8734130859375
2024-04-01,139.14453125
2024-04-02,136.02584838867188
2024-04-03,135.762939453125
2024-04-04,134.13107299804688
2024-04-05,136.12559509277344
2024-04-08,136.31597900390625
2024-04-09,136.16184997558594
2024-04-10,131.9552459716797
2024-04-11,133.14288330078125
2024-04-12,131.2843475341797
2024-04-15,129.0904083251953
2024-04-16,127.24092102050781
2024-04-17,127.77581787109375
2024-04-18,127.25906372070312
2024-04-19,127.32251739501953
2024-04-22,129.10850524902344
2024-04-23,130.3505859375
2024-04-24,129.4711456298828
2024-04-25,129.39865112304688
2024-04-26,129.06317138671875
2024-04-29,131.30247497558594
2024-04-30,127.40412902832031
2024-05-01,127.0867919921875
2024-05-02,128.15658569335938
2024-05-03,129.57994079589844
2024-05-06,130.94891357421875
2024-05-07,134.13107299804688
2024-05-08,134.067626953125
2024-05-09,135.2008514404297
2024-05-10,133.9225616455078
2024-05-13,133.2425994873047
2024-05-14,135.5725555419922
2024-05-15,136.21624755859375
2024-05-16,134.77474975585938
2024-05-17,134.89260864257812
2024-05-20,132.69863891601562
2024-05-21,134.14920043945312
2024-05-22,132.5354766845703
2024-05-23,131.14837646484375
2024-05-24,134.067626953125
2024-05-28,133.4329833984375
2024-05-29,133.36048889160156
2024-05-30,134.57530212402344
2024-05-31,137.17723083496094
2024-06-03,137.4401397705078
2024-06-04,138.22889709472656
2024-06-05,139.11734008789062
2024-06-06,139.41651916503906
2024-06-07,139.42572021484375
2024-06-10,139.6553497314453
2024-06-11,138.4980010986328
2024-06-12,140.6841278076172
2024-06-13,139.4991912841797
2024-06-14,136.70684814453125
2024-06-17,135.64132690429688
2024-06-18,134.95242309570312
2024-06-20,134.3278350830078
2024-06-21,134.25430297851562
2024-06-24,138.1948699951172
2024-06-25,135.8250274658203
2024-06-26,135.5678253173828
2024-06-27,137.60699462890625
2024-06-28,139.4349365234375
2024-07-01,134.5850067138672
2024-07-02,135.74237060546875
2024-07-03,136.18325805664062
2024-07-05,134.1900177001953
2024-07-08,134.90647888183594
2024-07-09,135.54945373535156
2024-07-10,136.34860229492188
2024-07-11,136.67929077148438
2024-07-12,137.30386352539062
2024-07-15,137.83665466308594
2024-07-16,139.16851806640625
2024-07-17,142.2823944091797
2024-07-18,140.63821411132812
2024-07-19,140.9504852294922
2024-07-22,144.89105224609375
2024-07-23,144.04598999023438
2024-07-24,137.68051147460938
2024-07-25,137.14772033691406
2024-07-26,140.0319366455078
2024-07-29,140.3810272216797
2024-07-30,142.19972229003906
2024-07-31,140.94131469726562
2024-08-01,140.94131469726562
2024-08-02,138.76437377929688
2024-08-05,135.99037170410156
2024-08-06,142.87026977539062
2024-08-07,140.46368408203125
2024-08-08,142.52120971679688
2024-08-09,145.7452850341797
2024-08-12,140.62901306152344
2024-08-13,143.2193145751953
2024-08-14,144.04598999023438
2024-08-15,145.00128173828125
2024-08-16,143.93576049804688
2024-08-19,146.8659210205078
2024-08-20,146.41583251953125
2024-08-21,148.0141143798828
2024-08-22,148.99693298339844
2024-08-23,152.93748474121094
2024-08-26,153.72744750976562
2024-08-27,154.36123657226562
2024-08-28,154.04893493652344
2024-08-29,152.01895141601562
2024-08-30,153.71826171875
2024-09-03,150.56765747070312
2024-09-04,151.63314819335938
2024-09-05,150.8064727783203
2024-09-06,151.10040283203125
2024-09-09,150.6167449951172
2024-09-10,152.50491333007812
2024-09-11,151.96543884277344
2024-09-12,152.30027770996094
2024-09-13,152.56072998046875
2024-09-16,153.3792266845703
2024-09-17,152.86769104003906
2024-09-18,152.86769104003906
2024-09-19,155.38833618164062
2024-09-20,154.9139862060547
2024-09-23,156.40216064453125
2024-09-24,158.22525024414062
2024-09-25,157.28582763671875
2024-09-26,154.7837371826172
2024-09-27,155.992919921875
2024-09-30,157.21139526367188
2024-10-01,157.70436096191406
2024-10-02,156.76492309570312
2024-10-03,156.5882110595703
2024-10-04,157.73228454589844
2024-10-07,155.797607421875
2024-10-08,155.5464630126953
2024-10-09,157.40670776367188
2024-10-10,156.10455322265625
2024-10-11,158.84844970703125
2024-10-14,159.685546875
2024-10-15,162.42947387695312
2024-10-16,162.801513671875
2024-10-17,162.16900634765625
2024-10-18,164.55946350097656
2024-10-21,162.03880310058594
2024-10-22,162.63409423828125
2024-10-23,161.67604064941406
2024-10-24,161.28538513183594
2024-10-25,158.6066131591797
2024-10-28,160.4668731689453
2024-10-29,159.96456909179688
2024-10-30,160.05760192871094
2024-10-31,157.3043975830078
2024-11-01,155.98361206054688
2024-11-04,160.13201904296875
2024-11-05,162.2062225341797
2024-11-06,161.480712890625
2024-11-07,163.47120666503906
2024-11-08,166.5127410888672
2024-11-11,168.670654296875
2024-11-12,165.7686309814453
2024-11-13,166.6522674560547
2024-11-14,165.8523406982422
2024-11-15,167.6754150390625
2024-11-18,168.2148895263672
2024-11-19,168.5497283935547
2024-11-20,168.27069091796875
2024-11-21,169.0985107421875
2024-11-22,168.48463439941406
2024-11-25,167.52659606933594
2024-11-26,170.64254760742188
2024-11-27,170.9122772216797
2024-11-29,170.7727508544922
2024-12-02,168.69854736328125
2024-12-03,168.01026916503906
2024-12-04,168.8287811279297
2024-12-05,169.17295837402344
2024-12-06,170.99600219726562
2024-12-09,171.3441162109375
2024-12-10,168.63436889648438
2024-12-11,166.18807983398438
2024-12-12,166.72439575195312
2024-12-13,168.9824981689453
2024-12-16,171.1747589111328
2024-12-17,169.32122802734375
2024-12-18,161.3707733154297
2024-12-19,159.25376892089844
2024-12-20,161.46484375
2024-12-23,161.2484588623047
2024-12-24,163.10198974609375
2024-12-26,163.525390625
2024-12-27,161.84120178222656
2024-12-30,160.76858520507812
2024-12-31,162.0293731689453
2025-01-02,163.2713623046875
2025-01-03,165.6612091064453
2025-01-06,164.0993194580078
2025-01-07,163.87351989746094
2025-01-08,164.36277770996094
2025-01-10,160.85330200195312
2025-01-13,162.5845184326172
2025-01-14,163.3090057373047
2025-01-15,161.59657287597656
2025-01-16,162.4998321533203
2025-01-17,163.8452911376953
2025-01-21,165.55770874023438
2025-01-22,162.6785888671875
2025-01-23,164.52273559570312
2025-01-24,163.94879150390625
2025-01-27,166.25396728515625
2025-01-28,165.23779296875
2025-01-29,163.36544799804688
2025-01-30,165.39773559570312
2025-01-31,163.5818328857422
2025-02-03,163.158447265625
2025-02-04,163.10198974609375
2025-02-05,168.52146911621094
2025-02-06,169.51881408691406
2025-02-07,169.3024139404297
2025-02-10,169.88575744628906
2025-02-11,173.47994995117188
2025-02-12,173.00950622558594
2025-02-13,175.21115112304688
2025-02-14,174.11032104492188
2025-02-18,175.0417938232422
2025-02-19,174.93829345703125
2025-02-20,175.67218017578125
2025-02-21,172.93421936035156
2025-02-24,173.7339630126953
2025-02-25,172.93421936035156
2025-02-26,173.3482208251953
2025-02-27,171.78636169433594
2025-02-28,175.08883666992188
2025-03-03,176.67892456054688
2025-03-04,172.72723388671875
2025-03-05,172.5390625
2025-03-06,164.2216339111328
2025-03-07,160.98500061035156
2025-03-10,157.45094299316406
2025-03-11,155.726806640625
2025-03-12,157.96534729003906
2025-03-13,151.91650390625
2025-03-14,153.56446838378906
2025-03-17,158.94651794433594
2025-03-18,156.98419189453125
2025-03-19,156.98419189453125
2025-03-20,156.6508026123047
2025-03-21,154.41226196289062
2025-03-24,158.24159240722656
2025-03-25,157.898681640625
2025-03-26,160.46109008789062
2025-03-27,157.9844207763672
2025-03-28,156.48886108398438
2025-03-31,158.2034912109375
2025-04-01,158.5749969482422
2025-04-02,162.32814025878906
2025-04-03,145.915283203125
2025-04-04,139.12344360351562
2025-04-07,136.54196166992188
2025-04-08,133.7128143310547
2025-04-09,145.915283203125
2025-04-10,140.6856689453125
2025-04-11,141.17147827148438
2025-04-14,142.76226806640625
2025-04-15,142.28599548339844
2025-04-16,141.02859497070312
2025-04-17,143.26715087890625
2025-04-21,140.21890258789062
2025-04-22,143.5624542236328
2025-04-23,146.0105438232422
2025-04-24,148.79205322265625
2025-04-25,149.23025512695312
2025-04-28,150.9925079345703
2025-04-29,149.36361694335938
2025-04-30,149.91610717773438
2025-05-01,151.33544921875
2025-05-02,154.097900390625
2025-05-05,153.23106384277344
2025-05-06,152.57379150390625
2025-05-07,153.81211853027344
2025-05-08,155.2790985107422
2025-05-09,155.4505615234375
2025-05-12,163.30929565429688
2025-05-13,153.25010681152344
2025-05-14,153.535888671875
2025-05-15,155.29815673828125
2025-05-16,157.2890167236328
2025-05-19,156.6888885498047
2025-05-20,155.21240234375
2025-05-21,150.62100219726562
2025-05-22,150.4590606689453
2025-05-23,149.3350372314453
2025-05-27,152.61190795898438
2025-05-28,153.56446838378906
2025-05-29,155.48866271972656
2025-05-30,155.3362579345703
2025-06-02,155.183837890625
2025-06-03,154.107421875
2025-06-04,153.95501708984375
2025-06-05,153.1262664794922
2025-06-06,154.41226196289062
2025-06-09,154.8175811767578
2025-06-10,155.2711639404297
2025-06-11,154.1227264404297
2025-06-12,153.2445068359375
2025-06-13,151.42050170898438
2025-06-16,152.34698486328125
2025-06-17,151.64248657226562
2025-06-18,151.61354064941406
2025-06-20,151.777587890625
2025-06-23,153.5243682861328
2025-06-24,154.52804565429688
2025-06-25,151.9030303955078
2025-06-26,154.99130249023438
2025-06-27,154.89480590820312
2025-06-30,155.1457061767578
2025-07-01,158.5331268310547
2025-07-02,160.0482940673828
2025-07-03,160.9168701171875
2025-07-07,159.27622985839844
2025-07-08,157.74176025390625
2025-07-09,157.2399139404297
2025-07-10,157.74176025390625
2025-07-11,156.10113525390625
2025-07-14,156.75738525390625
2025-07-15,154.34469604492188
2025-07-16,155.83091735839844
2025-07-17,157.04690551757812
2025-07-18,157.17236328125
2025-07-21,158.04092407226562
2025-07-22,159.78773498535156
2025-07-23,159.95179748535156
2025-07-24,159.19903564453125
2025-07-25,161.27394104003906
2025-07-28,159.5078582763672
2025-07-29,162.21006774902344
2025-07-30,159.68157958984375
2025-07-31,158.06988525390625
2025-08-01,155.06849670410156
2025-08-04,158.21466064453125
2025-08-05,163.39710998535156
2025-08-06,161.6792755126953
2025-08-07,160.54049682617188
2025-08-08,159.17007446289062
2025-08-11,159.43064880371094
2025-08-12,163.3102569580078
2025-08-13,166.5625762939453
2025-08-14,166.17652893066406
2025-08-15,167.22845458984375
2025-08-18,166.5336151123047
2025-08-19,168.7725830078125
2025-08-20,168.0487823486328
2025-08-21,167.3732147216797
2025-08-22,170.39390563964844
2025-08-25,170.24916076660156
2025-08-26,170.6544952392578
2025-08-27,171.94769287109375
2025-08-28,173.09613037109375
2025-08-29,174.35073852539062
2025-09-02,172.6232452392578
2025-09-03,173.57867431640625
2025-09-04,175.18069458007812
2025-09-05,175.8852081298828
2025-09-08,176.1747283935547
2025-09-09,175.18836975097656
2025-09-10,175.03211975097656
2025-09-11,179.59274291992188
2025-09-12,178.1962432861328
2025-09-15,179.4560089111328
2025-09-16,177.26849365234375
2025-09-17,177.3075408935547
2025-09-18,175.87197875976562
2025-09-19,176.4872283935547
2025-09-22,176.89739990234375
2025-09-23,179.81736755371094
2025-09-24,178.84078979492188
2025-09-25,178.3329620361328
2025-09-26,181.04783630371094
2025-09-29,181.49708557128906
2025-09-30,183.27444458007812
2025-10-01,181.4091796875
2025-10-02,180.67674255371094
2025-10-03,180.8916015625
2025-10-06,174.97354125976562
2025-10-07,174.72938537597656
2025-10-08,174.0555419921875
2025-10-09,174.6512451171875
2025-10-10,171.19418334960938
2025-10-13,172.36607360839844
2025-10-14,171.71177673339844
2025-10-15,174.18251037597656
2025-10-16,172.60044860839844
2025-10-17,173.9188232421875
2025-10-20,174.28993225097656
2025-10-21,174.53407287597656
2025-10-22,175.76455688476562
2025-10-23,174.52430725097656
2025-10-24,173.9188232421875
2025-10-27,175.56924438476562
2025-10-28,172.62974548339844
2025-10-29,169.57305908203125
2025-10-30,169.2898406982422
2025-10-31,171.6433868408203
2025-11-03,172.53208923339844
2025-11-04,178.3134307861328
2025-11-05,177.1512908935547
2025-11-06,176.5067596435547
2025-11-07,179.29978942871094
2025-11-10,178.6552276611328
2025-11-11,180.66697692871094
2025-11-12,179.50485229492188
2025-11-13,179.30953979492188
2025-11-14,178.4501495361328
2025-11-17,176.7509002685547
2025-11-18,177.66888427734375
2025-11-19,175.9110565185547
2025-11-20,175.8524627685547
2025-11-21,178.79196166992188
2025-11-24,178.3817901611328
2025-11-25,180.79393005371094
2025-11-26,181.2138671875
2025-11-28,181.95606994628906
2025-12-01,180.80369567871094
2025-12-02,177.9032745361328
2025-12-03,178.0302276611328
2025-12-04,179.02633666992188
2025-12-05,178.2841339111328
2025-12-08,175.8524627685547
2025-12-09,176.80950927734375
2025-12-10,179.57754516601562
2025-12-11,179.77528381347656
2025-12-12,179.94334411621094
2025-12-15,182.0688018798828
2025-12-16,180.447509765625
2025-12-17,182.1182403564453
2025-12-18,182.9585418701172
2025-12-19,182.82012939453125
2025-12-22,184.5303955078125
2025-12-23,185.45968627929688
2025-12-24,186.1417999267578
2025-12-26,185.56842041015625
2025-12-29,185.4794464111328
2025-12-30,184.69845581054688
2025-12-31,182.99807739257812
