Date,TECH
2015-07-01,22.674287796020508
2015-07-02,22.441818237304688
2015-07-06,22.753311157226562
2015-07-07,22.646385192871094
2015-07-08,22.4208927154541
2015-07-09,22.602214813232422
2015-07-10,22.96253204345703
2015-07-13,23.397235870361328
2015-07-14,23.862163543701172
2015-07-15,24.008607864379883
2015-07-16,24.308481216430664
2015-07-17,24.145769119262695
2015-07-20,24.29453468322754
2015-07-21,24.4130859375
2015-07-22,24.912885665893555
2015-07-23,24.98494529724121
2015-07-24,24.93147850036621
2015-07-27,24.924510955810547
2015-07-28,25.326669692993164
2015-07-29,25.49636459350586
2015-07-30,25.573074340820312
2015-07-31,25.426624298095703
2015-08-03,25.57074737548828
2015-08-04,25.51961326599121
2015-08-05,25.817157745361328
2015-08-06,25.554479598999023
2015-08-07,25.219738006591797
2015-08-10,25.326669692993164
2015-08-11,25.09653091430664
2015-08-12,24.75946807861328
2015-08-13,24.715166091918945
2015-08-14,24.63355827331543
2015-08-17,24.831737518310547
2015-08-18,24.666202545166016
2015-08-19,24.554277420043945
2015-08-20,24.17888832092285
2015-08-21,23.66826629638672
2015-08-24,22.07111167907715
2015-08-25,21.74468231201172
2015-08-26,22.2669620513916
2015-08-27,22.500120162963867
2015-08-28,22.383541107177734
2015-08-31,22.029136657714844
2015-09-01,21.439231872558594
2015-09-02,21.684057235717773
2015-09-03,21.460224151611328
2015-09-04,21.506853103637695
2015-09-08,22.003494262695312
2015-09-09,21.74934959411621
2015-09-10,22.094425201416016
2015-09-11,22.257631301879883
2015-09-14,22.341567993164062
2015-09-15,22.54908561706543
2015-09-16,22.313594818115234
2015-09-17,22.460487365722656
2015-09-18,22.157373428344727
2015-09-21,22.113073348999023
2015-09-22,22.18069076538086
2015-09-23,22.064109802246094
2015-09-24,21.851932525634766
2015-09-25,21.1780948638916
2015-09-28,20.73508644104004
2015-09-29,21.1780948638916
2015-09-30,21.55814552307129
2015-10-01,21.236379623413086
2015-10-02,21.80996322631836
2015-10-05,21.854263305664062
2015-10-06,21.71669578552246
2015-10-07,21.97783851623535
2015-10-08,21.844934463500977
2015-10-09,22.015146255493164
2015-10-12,22.220325469970703
2015-10-13,21.73301887512207
2015-10-14,21.350637435913086
2015-10-15,21.870588302612305
2015-10-16,22.143390655517578
2015-10-19,22.362558364868164
2015-10-20,22.322921752929688
2015-10-21,22.353227615356445
2015-10-22,21.70271110534668
2015-10-23,22.269289016723633
2015-10-26,22.290273666381836
2015-10-27,22.369552612304688
2015-10-28,20.39000129699707
2015-10-29,20.364356994628906
2015-10-30,20.564882278442383
2015-11-02,21.08483123779297
2015-11-03,20.847003936767578
2015-11-04,20.76073455810547
2015-11-05,20.730422973632812
2015-11-06,20.891307830810547
2015-11-09,20.70477294921875
2015-11-10,21.179805755615234
2015-11-11,20.845184326171875
2015-11-12,20.377166748046875
2015-11-13,20.358448028564453
2015-11-16,20.522247314453125
2015-11-17,20.625213623046875
2015-11-18,21.455934524536133
2015-11-19,21.093225479125977
2015-11-20,21.065139770507812
2015-11-23,21.367006301879883
2015-11-24,21.15406608581543
2015-11-25,21.390405654907227
2015-11-27,21.675893783569336
2015-11-30,21.34361457824707
2015-12-01,21.411474227905273
2015-12-02,21.53081703186035
2015-12-03,21.444229125976562
2015-12-04,21.56123924255371
2015-12-07,21.486356735229492
2015-12-08,21.514432907104492
2015-12-09,21.15406608581543
2015-12-10,21.168107986450195
2015-12-11,20.63691520690918
2015-12-14,20.842844009399414
2015-12-15,20.831140518188477
2015-12-16,21.205547332763672
2015-12-17,20.971542358398438
2015-12-18,20.625213623046875
2015-12-21,20.564369201660156
2015-12-22,20.831140518188477
2015-12-23,21.032379150390625
2015-12-24,21.34361457824707
2015-12-28,21.444229125976562
2015-12-29,21.493375778198242
2015-12-30,21.34361457824707
2015-12-31,21.060468673706055
2016-01-04,20.646278381347656
2016-01-05,20.585432052612305
2016-01-06,20.522247314453125
2016-01-07,20.393543243408203
2016-01-08,20.068281173706055
2016-01-11,19.717269897460938
2016-01-12,19.94659996032715
2016-01-13,19.286705017089844
2016-01-14,19.54645347595215
2016-01-15,19.4973201751709
2016-01-19,19.22352409362793
2016-01-20,19.279685974121094
2016-01-21,19.34052085876465
2016-01-22,20.094022750854492
2016-01-25,19.349891662597656
2016-01-26,19.65877342224121
2016-01-27,19.499652862548828
2016-01-28,19.00589370727539
2016-01-29,19.349891662597656
2016-02-01,19.143957138061523
2016-02-02,20.182937622070312
2016-02-03,20.084665298461914
2016-02-04,19.84364128112793
2016-02-05,20.48247528076172
2016-02-08,19.885753631591797
2016-02-09,19.817893981933594
2016-02-10,19.942384719848633
2016-02-11,19.585351943969727
2016-02-12,19.86722755432129
2016-02-16,20.543712615966797
2016-02-17,20.61652946472168
2016-02-18,20.46619987487793
2016-02-19,20.771556854248047
2016-02-22,20.780946731567383
2016-02-23,20.329965591430664
2016-02-24,20.38868522644043
2016-02-25,20.44740867614746
2016-02-26,20.423917770385742
2016-02-29,20.163185119628906
2016-03-01,21.13799285888672
2016-03-02,21.24603843688965
2016-03-03,21.375232696533203
2016-03-04,21.7440185546875
2016-03-07,21.9084415435791
2016-03-08,21.67120361328125
2016-03-09,21.685293197631836
2016-03-10,21.685293197631836
2016-03-11,22.136289596557617
2016-03-14,22.145681381225586
2016-03-15,21.633615493774414
2016-03-16,21.941326141357422
2016-03-17,21.943668365478516
2016-03-18,22.25138282775879
2016-03-21,22.265480041503906
2016-03-22,22.27252769470215
2016-03-23,21.80038833618164
2016-03-24,22.04937744140625
2016-03-28,21.84032440185547
2016-03-29,22.07756805419922
2016-03-30,22.446346282958984
2016-03-31,22.202051162719727
2016-04-01,22.4322509765625
2016-04-04,22.23259735107422
2016-04-05,21.64535903930664
2016-04-06,22.27017593383789
2016-04-07,22.04937744140625
2016-04-08,21.863811492919922
2016-04-11,21.61952781677246
2016-04-12,21.605436325073242
2016-04-13,21.760456085205078
2016-04-14,21.572540283203125
2016-04-15,21.82857894897461
2016-04-18,22.07286834716797
2016-04-19,21.762807846069336
2016-04-20,21.74637222290039
2016-04-21,22.061124801635742
2016-04-22,22.27252769470215
2016-04-25,21.86615562438965
2016-04-26,22.007097244262695
2016-04-27,22.07756805419922
2016-04-28,21.741670608520508
2016-04-29,21.88729476928711
2016-05-02,21.91548728942871
2016-05-03,23.618457794189453
2016-05-04,23.475173950195312
2016-05-05,23.583223342895508
2016-05-06,23.70302391052246
2016-05-09,23.923812866210938
2016-05-10,23.947303771972656
2016-05-11,23.867191314697266
2016-05-12,23.841276168823242
2016-05-13,24.01092529296875
2016-05-16,24.293685913085938
2016-05-17,24.154661178588867
2016-05-18,24.1782283782959
2016-05-19,24.270126342773438
2016-05-20,24.60472297668457
2016-05-23,24.764951705932617
2016-05-24,25.167884826660156
2016-05-25,25.236207962036133
2016-05-26,25.250354766845703
2016-05-27,25.827655792236328
2016-05-31,25.891277313232422
2016-06-01,26.240007400512695
2016-06-02,26.32012176513672
2016-06-03,26.063283920288086
2016-06-06,26.416736602783203
2016-06-07,26.60759162902832
2016-06-08,26.904499053955078
2016-06-09,26.819665908813477
2016-06-10,26.64529800415039
2016-06-13,26.470930099487305
2016-06-14,26.513341903686523
2016-06-15,26.541622161865234
2016-06-16,26.565181732177734
2016-06-17,25.952537536621094
2016-06-20,26.143400192260742
2016-06-21,26.108055114746094
2016-06-22,26.199949264526367
2016-06-23,26.565181732177734
2016-06-24,26.263574600219727
2016-06-27,25.37287139892578
2016-06-28,25.71455192565918
2016-06-29,25.6792049407959
2016-06-30,26.572248458862305
2016-07-01,26.447362899780273
2016-07-05,26.499208450317383
2016-07-06,26.614654541015625
2016-07-07,27.13776969909668
2016-07-08,27.13776969909668
2016-07-11,26.961048126220703
2016-07-12,27.010528564453125
2016-07-13,26.93984031677246
2016-07-14,26.362537384033203
2016-07-15,26.136337280273438
2016-07-18,26.305992126464844
2016-07-19,26.126907348632812
2016-07-20,26.26828956604004
2016-07-21,26.12925910949707
2016-07-22,26.096281051635742
2016-07-25,26.018512725830078
2016-07-26,26.011445999145508
2016-07-27,26.086851119995117
2016-07-28,26.103342056274414
2016-07-29,26.48978614807129
2016-08-01,26.810237884521484
2016-08-02,26.555761337280273
2016-08-03,26.543973922729492
2016-08-04,26.501567840576172
2016-08-05,26.536901473999023
2016-08-08,26.291847229003906
2016-08-09,26.216445922851562
2016-08-10,26.164608001708984
2016-08-11,26.301271438598633
2016-08-12,26.12925910949707
2016-08-15,26.263574600219727
2016-08-16,25.99730682373047
2016-08-17,26.426162719726562
2016-08-18,25.116043090820312
2016-08-19,25.24799919128418
2016-08-22,25.257423400878906
2016-08-23,25.125471115112305
2016-08-24,24.727256774902344
2016-08-25,24.838342666625977
2016-08-26,24.9777889251709
2016-08-29,25.06051254272461
2016-08-30,24.698884963989258
2016-08-31,24.899789810180664
2016-09-01,25.178686141967773
2016-09-02,25.26140785217285
2016-09-06,25.36068344116211
2016-09-07,25.975196838378906
2016-09-08,26.121734619140625
2016-09-09,25.081789016723633
2016-09-12,25.49776268005371
2016-09-13,24.95414924621582
2016-09-14,25.292129516601562
2016-09-15,25.92556381225586
2016-09-16,25.40321922302246
2016-09-19,25.84284019470215
2016-09-20,25.675024032592773
2016-09-21,25.405582427978516
2016-09-22,25.883024215698242
2016-09-23,25.60648536682129
2016-09-26,25.5852108001709
2016-09-27,25.84992790222168
2016-09-28,25.693933486938477
2016-09-29,25.58757972717285
2016-09-30,25.880651473999023
2016-10-03,25.918476104736328
2016-10-04,26.08390998840332
2016-10-05,26.20918846130371
2016-10-06,26.275362014770508
2016-10-07,26.225732803344727
2016-10-10,26.232820510864258
2016-10-11,25.22122573852539
2016-10-12,24.857240676879883
2016-10-13,24.982513427734375
2016-10-14,24.982513427734375
2016-10-17,24.838342666625977
2016-10-18,24.869060516357422
2016-10-19,24.750885009765625
2016-10-20,25.03923988342285
2016-10-21,24.802885055541992
2016-10-24,24.939971923828125
2016-10-25,24.306543350219727
2016-10-26,23.98982810974121
2016-10-27,23.916561126708984
2016-10-28,23.87638282775879
2016-10-31,24.578344345092773
2016-11-01,23.949647903442383
2016-11-02,23.70148277282715
2016-11-03,23.465131759643555
2016-11-04,23.502944946289062
2016-11-07,23.8220157623291
2016-11-08,23.812559127807617
2016-11-09,24.616357803344727
2016-11-10,24.969633102416992
2016-11-11,25.24942398071289
2016-11-14,25.263652801513672
2016-11-15,25.161705017089844
2016-11-16,24.912738800048828
2016-11-17,25.000469207763672
2016-11-18,24.843978881835938
2016-11-21,24.80604362487793
2016-11-22,24.96015739440918
2016-11-23,25.199628829956055
2016-11-25,25.403549194335938
2016-11-28,25.123756408691406
2016-11-29,25.341899871826172
2016-11-30,24.98149871826172
2016-12-01,25.102428436279297
2016-12-02,24.990976333618164
2016-12-05,25.21860122680664
2016-12-06,25.666732788085938
2016-12-07,25.273141860961914
2016-12-08,25.616943359375
2016-12-09,25.488906860351562
2016-12-12,24.919851303100586
2016-12-13,24.98861312866211
2016-12-14,24.91510581970215
2016-12-15,24.97674560546875
2016-12-16,24.8558292388916
2016-12-19,24.713565826416016
2016-12-20,24.827383041381836
2016-12-21,24.310483932495117
2016-12-22,24.244094848632812
2016-12-23,24.474090576171875
2016-12-27,24.668519973754883
2016-12-28,24.49542999267578
2016-12-29,24.53099822998047
2016-12-30,24.38161849975586
2017-01-03,24.329463958740234
2017-01-04,24.891395568847656
2017-01-05,24.46224021911621
2017-01-06,24.592641830444336
2017-01-09,24.47883415222168
2017-01-10,24.661399841308594
2017-01-11,24.10420799255371
2017-01-12,24.18718719482422
2017-01-13,24.040185928344727
2017-01-17,23.48772621154785
2017-01-18,23.47350311279297
2017-01-19,23.236398696899414
2017-01-20,23.241138458251953
2017-01-23,23.212682723999023
2017-01-24,23.224538803100586
2017-01-25,23.466388702392578
2017-01-26,23.454538345336914
2017-01-27,23.677417755126953
2017-01-30,23.501955032348633
2017-01-31,24.125547409057617
2017-02-01,24.222766876220703
2017-02-02,24.085233688354492
2017-02-03,24.374502182006836
2017-02-06,23.924009323120117
2017-02-07,23.990394592285156
2017-02-08,23.677417755126953
2017-02-09,24.552337646484375
2017-02-10,24.481204986572266
2017-02-13,24.6377010345459
2017-02-14,24.782329559326172
2017-02-15,25.020158767700195
2017-02-16,24.9749698638916
2017-02-17,25.029672622680664
2017-02-21,25.07010841369629
2017-02-22,25.14145851135254
2017-02-23,25.291297912597656
2017-02-24,25.350751876831055
2017-02-27,25.55291175842285
2017-02-28,25.286540985107422
2017-03-01,25.733659744262695
2017-03-02,25.388803482055664
2017-03-03,25.519611358642578
2017-03-06,25.46729278564453
2017-03-07,25.376909255981445
2017-03-08,25.433998107910156
2017-03-09,25.4815616607666
2017-03-10,25.70512580871582
2017-03-13,25.505342483520508
2017-03-14,25.4078369140625
2017-03-15,25.567180633544922
2017-03-16,24.856060028076172
2017-03-17,24.92740821838379
2017-03-20,24.72762680053711
2017-03-21,24.328060150146484
2017-03-22,24.38990020751953
2017-03-23,24.615846633911133
2017-03-24,24.691951751708984
2017-03-27,24.026010513305664
2017-03-28,23.78580093383789
2017-03-29,23.77391242980957
2017-03-30,24.0307674407959
2017-03-31,24.17584800720215
2017-04-03,23.990339279174805
2017-04-04,23.861906051635742
2017-04-05,23.6121826171875
2017-04-06,23.959421157836914
2017-04-07,23.952285766601562
2017-04-10,23.807207107543945
2017-04-11,23.88331413269043
2017-04-12,23.752511978149414
2017-04-13,23.747751235961914
2017-04-17,24.061689376831055
2017-04-18,24.08785057067871
2017-04-19,24.23293685913086
2017-04-20,24.38990020751953
2017-04-21,24.202016830444336
2017-04-24,24.53021812438965
2017-04-25,24.822763442993164
2017-04-26,25.153352737426758
2017-04-27,25.35788917541504
2017-04-28,25.46729278564453
2017-05-01,25.58620834350586
2017-05-02,26.428142547607422
2017-05-03,26.10706329345703
2017-05-04,26.36630630493164
2017-05-05,26.35917091369629
2017-05-08,26.218841552734375
2017-05-09,26.29257583618164
2017-05-10,26.435277938842773
2017-05-11,26.29019546508789
2017-05-12,26.25690269470215
2017-05-15,26.425762176513672
2017-05-16,26.501869201660156
2017-05-17,26.139314651489258
2017-05-18,26.003366470336914
2017-05-19,26.225189208984375
2017-05-22,26.318204879760742
2017-05-23,26.437469482421875
2017-05-24,26.48994255065918
2017-05-25,26.523338317871094
2017-05-26,26.5710391998291
2017-05-30,26.58773422241211
2017-05-31,26.73323631286621
2017-06-01,27.009912490844727
2017-06-02,27.55373764038086
2017-06-05,27.29375457763672
2017-06-06,27.17211151123047
2017-06-07,27.157793045043945
2017-06-08,27.110095977783203
2017-06-09,26.7833251953125
2017-06-12,26.57342529296875
2017-06-13,26.561504364013672
2017-06-14,26.752317428588867
2017-06-15,26.425539016723633
2017-06-16,26.625892639160156
2017-06-19,26.933584213256836
2017-06-20,26.92643165588379
2017-06-21,27.18165397644043
2017-06-22,27.739788055419922
2017-06-23,28.0260066986084
2017-06-26,28.150033950805664
2017-06-27,28.047481536865234
2017-06-28,28.32654571533203
2017-06-29,27.983074188232422
2017-06-30,28.0260066986084
2017-07-03,27.875741958618164
2017-07-05,27.727855682373047
2017-07-06,27.672996520996094
2017-07-07,28.068939208984375
2017-07-10,27.763629913330078
2017-07-11,27.880512237548828
2017-07-12,27.732629776000977
2017-07-13,27.587129592895508
2017-07-14,27.489337921142578
2017-07-17,27.687314987182617
2017-07-18,27.9639949798584
2017-07-19,27.894826889038086
2017-07-20,27.890058517456055
2017-07-21,28.140504837036133
2017-07-24,28.176273345947266
2017-07-25,28.195356369018555
2017-07-26,27.961606979370117
2017-07-27,27.74694061279297
2017-07-28,27.787487030029297
2017-07-31,27.646759033203125
2017-08-01,27.615755081176758
2017-08-02,27.529882431030273
2017-08-03,27.525117874145508
2017-08-04,27.51080322265625
2017-08-07,27.72308921813965
2017-08-08,27.093393325805664
2017-08-09,27.296142578125
2017-08-10,27.847122192382812
2017-08-11,28.03554344177246
2017-08-14,28.018848419189453
2017-08-15,27.91390609741211
2017-08-16,28.294189453125
2017-08-17,28.21286964416504
2017-08-18,28.198524475097656
2017-08-21,28.33963394165039
2017-08-22,28.564455032348633
2017-08-23,28.478355407714844
2017-08-24,28.686433792114258
2017-08-25,28.693607330322266
2017-08-28,29.121732711791992
2017-08-29,29.14086151123047
2017-08-30,28.85385513305664
2017-08-31,29.6048583984375
2017-09-01,29.31546401977539
2017-09-05,28.975833892822266
2017-09-06,29.097816467285156
2017-09-07,28.849069595336914
2017-09-08,28.67926025390625
2017-09-11,29.071500778198242
2017-09-12,29.262845993041992
2017-09-13,29.377641677856445
2017-09-14,29.430265426635742
2017-09-15,29.078676223754883
2017-09-18,29.112157821655273
2017-09-19,29.155210494995117
2017-09-20,28.999746322631836
2017-09-21,28.99018096923828
2017-09-22,29.035625457763672
2017-09-25,29.071500778198242
2017-09-26,28.664905548095703
2017-09-27,28.99018096923828
2017-09-28,28.85385513305664
2017-09-29,28.913644790649414
2017-10-02,29.332204818725586
2017-10-03,29.2341365814209
2017-10-04,29.28675651550293
2017-10-05,29.34416389465332
2017-10-06,29.313064575195312
2017-10-09,28.98061752319336
2017-10-10,29.250886917114258
2017-10-11,29.523540496826172
2017-10-12,29.64072608947754
2017-10-13,29.09541893005371
2017-10-16,29.30828285217285
2017-10-17,29.49962615966797
2017-10-18,29.44939613342285
2017-10-19,29.528324127197266
2017-10-20,29.71727180480957
2017-10-23,29.62877082824707
2017-10-24,29.643123626708984
2017-10-25,29.762712478637695
2017-10-26,29.908605575561523
2017-10-27,30.123865127563477
2017-10-30,29.56658935546875
2017-10-31,31.336477279663086
2017-11-01,30.709840774536133
2017-11-02,30.614166259765625
2017-11-03,30.922704696655273
2017-11-06,30.724191665649414
2017-11-07,30.186046600341797
2017-11-08,30.308027267456055
2017-11-09,29.90040397644043
2017-11-10,29.79010581970215
2017-11-13,29.814085006713867
2017-11-14,30.02508544921875
2017-11-15,30.19293975830078
2017-11-16,30.837932586669922
2017-11-17,30.98419761657715
2017-11-20,31.178421020507812
2017-11-21,31.6795654296875
2017-11-22,31.753890991210938
2017-11-24,31.581256866455078
2017-11-27,31.76348304748535
2017-11-28,31.919330596923828
2017-11-29,32.03683853149414
2017-11-30,32.310176849365234
2017-12-01,31.936124801635742
2017-12-04,31.125667572021484
2017-12-05,30.804372787475586
2017-12-06,30.864316940307617
2017-12-07,30.907474517822266
2017-12-08,30.87390899658203
2017-12-11,30.451894760131836
2017-12-12,30.52862548828125
2017-12-13,30.6389217376709
2017-12-14,30.63412857055664
2017-12-15,31.05373764038086
2017-12-18,31.070518493652344
2017-12-19,31.00339126586914
2017-12-20,30.972211837768555
2017-12-21,30.876300811767578
2017-12-22,30.770803451538086
2017-12-26,30.806772232055664
2017-12-27,30.7396297454834
2017-12-28,30.87390899658203
2017-12-29,31.063331604003906
2018-01-02,31.52130889892578
2018-01-03,32.247833251953125
2018-01-04,32.350948333740234
2018-01-05,32.70102310180664
2018-01-08,32.70343017578125
2018-01-09,33.02471923828125
2018-01-10,32.943199157714844
2018-01-11,33.130226135253906
2018-01-12,33.573822021484375
2018-01-16,33.63135528564453
2018-01-17,33.72967529296875
2018-01-18,33.573822021484375
2018-01-19,33.741668701171875
2018-01-22,33.80879592895508
2018-01-23,33.926292419433594
2018-01-24,33.89512252807617
2018-01-25,34.074951171875
2018-01-26,34.12531280517578
2018-01-29,34.050960540771484
2018-01-30,33.662532806396484
2018-01-31,33.638553619384766
2018-02-01,33.573822021484375
2018-02-02,33.13501739501953
2018-02-05,31.77548599243164
2018-02-06,33.03191375732422
2018-02-07,32.71780014038086
2018-02-08,31.641202926635742
2018-02-09,32.03203201293945
2018-02-12,32.47563171386719
2018-02-13,32.849674224853516
2018-02-14,33.82318115234375
2018-02-15,34.005836486816406
2018-02-16,33.93373107910156
2018-02-20,33.52759552001953
2018-02-21,33.53718948364258
2018-02-22,33.52518081665039
2018-02-23,34.12358474731445
2018-02-26,34.267784118652344
2018-02-27,34.017845153808594
2018-02-28,33.967376708984375
2018-03-01,33.84481430053711
2018-03-02,33.74147033691406
2018-03-05,33.998634338378906
2018-03-06,34.79648971557617
2018-03-07,34.67633056640625
2018-03-08,34.592227935791016
2018-03-09,35.17381286621094
2018-03-12,35.25310516357422
2018-03-13,35.22186279296875
2018-03-14,35.28436279296875
2018-03-15,35.217063903808594
2018-03-16,35.61119079589844
2018-03-19,35.56313705444336
2018-03-20,35.73135757446289
2018-03-21,35.67607879638672
2018-03-22,35.46220016479492
2018-03-23,34.78928756713867
2018-03-26,35.856327056884766
2018-03-27,35.27714157104492
2018-03-28,35.430946350097656
2018-03-29,36.29852294921875
2018-04-02,34.82293701171875
2018-04-03,35.200233459472656
2018-04-04,35.38048553466797
2018-04-05,35.618404388427734
2018-04-06,34.92626953125
2018-04-09,35.16659927368164
2018-04-10,35.786624908447266
2018-04-11,35.90198516845703
2018-04-12,35.85151672363281
2018-04-13,35.796234130859375
2018-04-16,36.03175354003906
2018-04-17,36.7719612121582
2018-04-18,36.85366439819336
2018-04-19,36.57490158081055
2018-04-20,36.71669387817383
2018-04-23,37.0243034362793
2018-04-24,36.64459228515625
2018-04-25,36.42348098754883
2018-04-26,36.673431396484375
2018-04-27,36.57008743286133
2018-04-30,36.26728057861328
2018-05-01,36.23603820800781
2018-05-02,35.272335052490234
2018-05-03,35.214664459228516
2018-05-04,35.53910446166992
2018-05-07,35.74577713012695
2018-05-08,35.837100982666016
2018-05-09,35.796234130859375
2018-05-10,36.02215576171875
2018-05-11,36.47974395751953
2018-05-14,36.60014724731445
2018-05-15,35.96194076538086
2018-05-16,36.552005767822266
2018-05-17,36.515865325927734
2018-05-18,36.84099197387695
2018-05-21,36.69889831542969
2018-05-22,36.63868713378906
2018-05-23,36.75911331176758
2018-05-24,36.47974395751953
2018-05-25,35.841522216796875
2018-05-29,35.47063064575195
2018-05-30,36.10162353515625
2018-05-31,36.2027702331543
2018-06-01,36.359317779541016
2018-06-04,37.011985778808594
2018-06-05,37.3973388671875
2018-06-06,38.36309051513672
2018-06-07,38.245094299316406
2018-06-08,38.469058990478516
2018-06-11,38.75566482543945
2018-06-12,39.0615348815918
2018-06-13,39.16027069091797
2018-06-14,39.51189422607422
2018-06-15,39.87797164916992
2018-06-18,39.420372009277344
2018-06-19,39.39146041870117
2018-06-20,39.25661087036133
2018-06-21,38.815860748291016
2018-06-22,38.885719299316406
2018-06-25,38.11261749267578
2018-06-26,37.81879806518555
2018-06-27,35.19367218017578
2018-06-28,35.43450927734375
2018-06-29,35.63199234008789
2018-07-02,35.697021484375
2018-07-03,35.50916290283203
2018-07-05,35.71869659423828
2018-07-06,36.224449157714844
2018-07-09,36.747074127197266
2018-07-10,36.80005645751953
2018-07-11,36.636287689208984
2018-07-12,36.925296783447266
2018-07-13,36.874725341796875
2018-07-16,36.49901580810547
2018-07-17,36.7205810546875
2018-07-18,36.650733947753906
2018-07-19,37.062564849853516
2018-07-20,37.67189407348633
2018-07-23,38.269161224365234
2018-07-24,39.1337776184082
2018-07-25,39.89241027832031
2018-07-26,40.12602615356445
2018-07-27,39.11932373046875
2018-07-30,37.9055061340332
2018-07-31,38.688232421875
2018-08-01,39.65398025512695
2018-08-02,40.03450012207031
2018-08-03,40.06098937988281
2018-08-06,40.66551971435547
2018-08-07,43.38455581665039
2018-08-08,42.70540237426758
2018-08-09,42.93659591674805
2018-08-10,43.0329475402832
2018-08-13,42.79691696166992
2018-08-14,43.38455581665039
2018-08-15,43.346038818359375
2018-08-16,43.360511779785156
2018-08-17,43.548702239990234
2018-08-20,43.739295959472656
2018-08-21,44.603031158447266
2018-08-22,44.5933837890625
2018-08-23,45.34372329711914
2018-08-24,45.41851806640625
2018-08-27,45.244808197021484
2018-08-28,45.44023132324219
2018-08-29,46.255714416503906
2018-08-30,46.16402053833008
2018-08-31,46.36428451538086
2018-09-04,46.101295471191406
2018-09-05,45.6477165222168
2018-09-06,45.96861267089844
2018-09-07,46.16884994506836
2018-09-10,47.1773567199707
2018-09-11,47.22077941894531
2018-09-12,47.281105041503906
2018-09-13,47.6357536315918
2018-09-14,48.20756912231445
2018-09-17,47.49341583251953
2018-09-18,47.61404037475586
2018-09-19,47.915626525878906
2018-09-20,48.00730895996094
2018-09-21,47.26904296875
2018-09-24,48.308902740478516
2018-09-25,48.721466064453125
2018-09-26,48.6201286315918
2018-09-27,49.17744827270508
2018-09-28,49.2450065612793
2018-10-01,49.17021942138672
2018-10-02,48.656314849853516
2018-10-03,48.3330192565918
2018-10-04,46.6441535949707
2018-10-05,46.371524810791016
2018-10-08,45.70561981201172
2018-10-09,45.48607635498047
2018-10-10,44.007110595703125
2018-10-11,43.58489227294922
2018-10-12,44.641639709472656
2018-10-15,43.9564323425293
2018-10-16,44.728492736816406
2018-10-17,44.17841720581055
2018-10-18,44.21217727661133
2018-10-19,42.824893951416016
2018-10-22,43.582481384277344
2018-10-23,44.24113082885742
2018-10-24,41.90324401855469
2018-10-25,43.38945388793945
2018-10-26,43.466670989990234
2018-10-29,42.815242767333984
2018-10-30,40.13475799560547
2018-10-31,40.465309143066406
2018-11-01,40.85857391357422
2018-11-02,41.070884704589844
2018-11-05,41.15291976928711
2018-11-06,41.657169342041016
2018-11-07,43.107177734375
2018-11-08,41.78266143798828
2018-11-09,41.282344818115234
2018-11-12,39.55903244018555
2018-11-13,39.145721435546875
2018-11-14,39.012786865234375
2018-11-15,39.4091796875
2018-11-16,38.727577209472656
2018-11-19,37.49974060058594
2018-11-20,37.782535552978516
2018-11-21,37.82120132446289
2018-11-23,38.54629898071289
2018-11-26,38.36502456665039
2018-11-27,38.23208999633789
2018-11-28,39.435752868652344
2018-11-29,39.24722671508789
2018-11-30,39.01519775390625
2018-12-03,39.68954086303711
2018-12-04,38.76625061035156
2018-12-06,38.79042434692383
2018-12-07,37.75837326049805
2018-12-10,37.61576461791992
2018-12-11,38.074981689453125
2018-12-12,39.15055465698242
2018-12-13,37.62541580200195
2018-12-14,36.540191650390625
2018-12-17,35.48154067993164
2018-12-18,35.32443618774414
2018-12-19,35.17700958251953
2018-12-20,34.149776458740234
2018-12-21,33.3038330078125
2018-12-24,32.085670471191406
2018-12-26,33.67363739013672
2018-12-27,34.17153549194336
2018-12-28,34.26096725463867
2018-12-31,34.97880554199219
2019-01-02,34.29963302612305
2019-01-03,32.89293670654297
2019-01-04,34.9232292175293
2019-01-07,35.25918197631836
2019-01-08,35.607234954833984
2019-01-09,36.00361251831055
2019-01-10,37.14685821533203
2019-01-11,38.132999420166016
2019-01-14,37.772857666015625
2019-01-15,38.38195037841797
2019-01-16,38.749332427978516
2019-01-17,39.1432991027832
2019-01-18,39.43818283081055
2019-01-22,38.91609191894531
2019-01-23,39.18681335449219
2019-01-24,39.213409423828125
2019-01-25,39.7088737487793
2019-01-28,39.62428283691406
2019-01-29,39.76688003540039
2019-01-30,40.699851989746094
2019-01-31,42.16696548461914
2019-02-01,42.46426010131836
2019-02-04,42.969417572021484
2019-02-05,45.57977294921875
2019-02-06,45.253475189208984
2019-02-07,44.52837371826172
2019-02-08,44.40752029418945
2019-02-11,44.424434661865234
2019-02-12,45.1132926940918
2019-02-13,45.69336700439453
2019-02-14,45.6497917175293
2019-02-15,46.39548110961914
2019-02-19,46.453582763671875
2019-02-20,46.899078369140625
2019-02-21,46.959598541259766
2019-02-22,47.204139709472656
2019-02-25,47.204139709472656
2019-02-26,46.3785400390625
2019-02-27,47.04676055908203
2019-02-28,46.94507598876953
2019-03-01,47.64961624145508
2019-03-04,47.252559661865234
2019-03-05,47.41960144042969
2019-03-06,46.3058967590332
2019-03-07,46.18727493286133
2019-03-08,45.879798889160156
2019-03-11,46.4777946472168
2019-03-12,46.814334869384766
2019-03-13,47.2089729309082
2019-03-14,47.095184326171875
2019-03-15,47.36875915527344
2019-03-18,47.63508224487305
2019-03-19,48.196781158447266
2019-03-20,48.06362533569336
2019-03-21,48.52846908569336
2019-03-22,46.5673828125
2019-03-25,47.01528549194336
2019-03-26,47.43898010253906
2019-03-27,47.02738952636719
2019-03-28,47.673828125
2019-03-29,48.070884704589844
2019-04-01,48.40498733520508
2019-04-02,48.470359802246094
2019-04-03,48.87953567504883
2019-04-04,48.15803909301758
2019-04-05,48.041839599609375
2019-04-08,48.82142639160156
2019-04-09,48.69068908691406
2019-04-10,49.24754333496094
2019-04-11,48.96669387817383
2019-04-12,48.78511428833008
2019-04-15,48.572052001953125
2019-04-16,47.276763916015625
2019-04-17,45.69093322753906
2019-04-18,45.79747009277344
2019-04-22,46.28168869018555
2019-04-23,46.4632682800293
2019-04-24,46.226009368896484
2019-04-25,46.31074905395508
2019-04-26,47.201717376708984
2019-04-29,47.50918960571289
2019-04-30,49.53321838378906
2019-05-01,48.93762969970703
2019-05-02,48.74394607543945
2019-05-03,49.770503997802734
2019-05-06,50.201454162597656
2019-05-07,48.758480072021484
2019-05-08,48.89163589477539
2019-05-09,48.952266693115234
2019-05-10,48.915889739990234
2019-05-13,47.203880310058594
2019-05-14,47.86830520629883
2019-05-15,47.69371795654297
2019-05-16,48.867393493652344
2019-05-17,47.88286590576172
2019-05-20,47.88042449951172
2019-05-21,48.76311492919922
2019-05-22,48.993473052978516
2019-05-23,47.979862213134766
2019-05-24,47.96288299560547
2019-05-28,47.53852462768555
2019-05-29,46.983219146728516
2019-05-30,47.274208068847656
2019-05-31,48.02594757080078
2019-06-03,48.00168228149414
2019-06-04,49.43967819213867
2019-06-05,50.09198760986328
2019-06-06,50.635169982910156
2019-06-07,50.91160202026367
2019-06-10,51.43782043457031
2019-06-11,51.568763732910156
2019-06-12,52.240478515625
2019-06-13,51.22443389892578
2019-06-14,50.521202087402344
2019-06-17,50.25202560424805
2019-06-18,50.31507873535156
2019-06-19,51.197757720947266
2019-06-20,51.947059631347656
2019-06-21,50.9989013671875
2019-06-24,49.914947509765625
2019-06-25,49.332969665527344
2019-06-26,49.03712844848633
2019-06-27,50.04833221435547
2019-06-28,50.55756759643555
2019-07-01,50.74428939819336
2019-07-02,51.78458786010742
2019-07-03,52.55329513549805
2019-07-05,52.09012985229492
2019-07-08,51.508140563964844
2019-07-09,51.525123596191406
2019-07-10,51.651206970214844
2019-07-11,50.55271911621094
2019-07-12,50.756412506103516
2019-07-15,51.05953598022461
2019-07-16,50.99163055419922
2019-07-17,50.931007385253906
2019-07-18,51.99556350708008
2019-07-19,50.79521942138672
2019-07-22,50.62303924560547
2019-07-23,50.4435920715332
2019-07-24,50.68124008178711
2019-07-25,50.89706039428711
2019-07-26,52.04163360595703
2019-07-29,52.150760650634766
2019-07-30,51.03286361694336
2019-07-31,50.96010208129883
2019-08-01,51.16138458251953
2019-08-02,49.95860290527344
2019-08-05,48.3751220703125
2019-08-06,47.080204010009766
2019-08-07,46.17327880859375
2019-08-08,47.44879150390625
2019-08-09,46.58066940307617
2019-08-12,46.178131103515625
2019-08-13,47.81981658935547
2019-08-14,46.61705017089844
2019-08-15,46.84293746948242
2019-08-16,47.98942565917969
2019-08-19,47.09797668457031
2019-08-20,46.779788970947266
2019-08-21,46.930381774902344
2019-08-22,46.49802017211914
2019-08-23,45.57258987426758
2019-08-26,46.17010498046875
2019-08-27,45.93693542480469
2019-08-28,46.296424865722656
2019-08-29,46.791927337646484
2019-08-30,46.53203201293945
2019-09-03,45.09407043457031
2019-09-04,45.45356369018555
2019-09-05,46.106964111328125
2019-09-06,45.70861053466797
2019-09-09,44.58640670776367
2019-09-10,45.674591064453125
2019-09-11,47.52304458618164
2019-09-12,48.56022262573242
2019-09-13,48.8104133605957
2019-09-16,48.611244201660156
2019-09-17,48.01371383666992
2019-09-18,48.19345474243164
2019-09-19,47.972415924072266
2019-09-20,48.684104919433594
2019-09-23,49.111602783203125
2019-09-24,48.80799102783203
2019-09-25,48.94400405883789
2019-09-26,49.298641204833984
2019-09-27,47.93112564086914
2019-09-30,47.52790451049805
2019-10-01,46.07295227050781
2019-10-02,46.52474594116211
2019-10-03,47.812103271484375
2019-10-04,48.91971206665039
2019-10-07,48.98772048950195
2019-10-08,47.71250915527344
2019-10-09,48.81285095214844
2019-10-10,48.455780029296875
2019-10-11,48.8104133605957
2019-10-14,48.606388092041016
2019-10-15,48.7351188659668
2019-10-16,49.07274627685547
2019-10-17,48.94400405883789
2019-10-18,48.64038848876953
2019-10-21,49.40065383911133
2019-10-22,48.74482727050781
2019-10-23,49.17232894897461
2019-10-24,48.97801971435547
2019-10-25,49.38365936279297
2019-10-28,50.814327239990234
2019-10-29,51.066951751708984
2019-10-30,50.809478759765625
2019-10-31,50.56413650512695
2019-11-01,51.103370666503906
2019-11-04,50.292091369628906
2019-11-05,49.721282958984375
2019-11-06,49.597412109375
2019-11-07,49.37845230102539
2019-11-08,49.43684005737305
2019-11-11,49.40278625488281
2019-11-12,49.619300842285156
2019-11-13,49.84555435180664
2019-11-14,49.526859283447266
2019-11-15,51.68474197387695
2019-11-18,51.43416976928711
2019-11-19,52.63109588623047
2019-11-20,53.06656265258789
2019-11-21,52.22969436645508
2019-11-22,52.42188262939453
2019-11-25,53.54339599609375
2019-11-26,53.51906967163086
2019-11-27,54.00806427001953
2019-11-29,53.09577178955078
2019-12-02,53.00332260131836
2019-12-03,52.434043884277344
2019-12-04,53.12739944458008
2019-12-05,52.97898864746094
2019-12-06,53.353641510009766
2019-12-09,53.341468811035156
2019-12-10,53.51420593261719
2019-12-11,52.47297286987305
2019-12-12,53.11037063598633
2019-12-13,51.82343292236328
2019-12-16,53.24659729003906
2019-12-17,52.8719482421875
2019-12-18,52.555686950683594
2019-12-19,52.738136291503906
2019-12-20,54.029964447021484
2019-12-23,53.932647705078125
2019-12-24,53.701534271240234
2019-12-26,53.11766815185547
2019-12-27,53.112796783447266
2019-12-30,52.90358352661133
2019-12-31,53.40229415893555
2020-01-02,53.39012908935547
2020-01-03,52.71381378173828
2020-01-06,52.830589294433594
2020-01-07,52.54352569580078
2020-01-08,52.32944107055664
2020-01-09,52.716243743896484
2020-01-10,52.58243942260742
2020-01-13,52.86463928222656
2020-01-14,53.00088119506836
2020-01-15,53.594478607177734
2020-01-16,53.37797546386719
2020-01-17,53.6699104309082
2020-01-21,53.88885498046875
2020-01-22,53.32201385498047
2020-01-23,53.21982955932617
2020-01-24,52.295379638671875
2020-01-27,52.74058151245117
2020-01-28,53.13956069946289
2020-01-29,52.92060470581055
2020-01-30,51.818546295166016
2020-01-31,51.08141326904297
2020-02-03,50.41968536376953
2020-02-04,50.692161560058594
2020-02-05,50.27129364013672
2020-02-06,49.71418380737305
2020-02-07,48.913795471191406
2020-02-10,50.0401725769043
2020-02-11,49.99638366699219
2020-02-12,49.98664855957031
2020-02-13,50.10847854614258
2020-02-14,50.810218811035156
2020-02-18,50.28147888183594
2020-02-19,51.326786041259766
2020-02-20,50.89305877685547
2020-02-21,50.20106887817383
2020-02-24,49.12654495239258
2020-02-25,48.156768798828125
2020-02-26,48.20306396484375
2020-02-27,47.028629302978516
2020-02-28,46.02475357055664
2020-03-02,48.156768798828125
2020-03-03,47.1187858581543
2020-03-04,48.16896057128906
2020-03-05,47.28935241699219
2020-03-06,47.3185920715332
2020-03-09,45.96871566772461
2020-03-10,45.80302047729492
2020-03-11,43.99995422363281
2020-03-12,40.56435012817383
2020-03-13,43.76603698730469
2020-03-16,39.27052307128906
2020-03-17,41.30021286010742
2020-03-18,40.13552474975586
2020-03-19,40.54973602294922
2020-03-20,40.75440979003906
2020-03-23,41.504886627197266
2020-03-24,41.39280319213867
2020-03-25,42.02875518798828
2020-03-26,45.398563385009766
2020-03-27,44.928287506103516
2020-03-30,46.487701416015625
2020-03-31,46.20262145996094
2020-04-01,45.18170166015625
2020-04-02,46.49501419067383
2020-04-03,45.415611267089844
2020-04-06,47.403865814208984
2020-04-07,47.17482376098633
2020-04-08,48.488155364990234
2020-04-09,46.95066452026367
2020-04-13,46.50963592529297
2020-04-14,48.556373596191406
2020-04-15,49.09486389160156
2020-04-16,51.65084457397461
2020-04-17,52.09917068481445
2020-04-20,50.629905700683594
2020-04-21,48.821964263916016
2020-04-22,50.64453887939453
2020-04-23,51.102603912353516
2020-04-24,49.18258285522461
2020-04-27,50.89305877685547
2020-04-28,49.889190673828125
2020-04-29,51.45591735839844
2020-04-30,54.823280334472656
2020-05-01,55.44217300415039
2020-05-04,57.657039642333984
2020-05-05,59.954734802246094
2020-05-06,63.74851989746094
2020-05-07,64.20413970947266
2020-05-08,65.98991394042969
2020-05-11,68.20015716552734
2020-05-12,66.58026885986328
2020-05-13,63.87483215332031
2020-05-14,63.92849349975586
2020-05-15,65.21168518066406
2020-05-18,65.0848617553711
2020-05-19,63.440574645996094
2020-05-20,65.80939483642578
2020-05-21,65.0750732421875
2020-05-22,64.98970031738281
2020-05-26,63.58694839477539
2020-05-27,62.76238250732422
2020-05-28,63.038047790527344
2020-05-29,64.599365234375
2020-06-01,63.93092346191406
2020-06-02,64.36517333984375
2020-06-03,63.28932189941406
2020-06-04,61.61091613769531
2020-06-05,62.594051361083984
2020-06-08,62.20859909057617
2020-06-09,61.601158142089844
2020-06-10,63.91628646850586
2020-06-11,59.044498443603516
2020-06-12,59.9471321105957
2020-06-15,62.05247116088867
2020-06-16,61.201072692871094
2020-06-17,62.30131530761719
2020-06-18,61.94025421142578
2020-06-19,62.86972427368164
2020-06-22,63.972412109375
2020-06-23,63.88215255737305
2020-06-24,61.601158142089844
2020-06-25,63.00633239746094
2020-06-26,62.56233596801758
2020-06-29,61.918304443359375
2020-06-30,64.42127990722656
2020-07-01,64.89454650878906
2020-07-02,65.66789245605469
2020-07-06,65.83135986328125
2020-07-07,65.0750732421875
2020-07-08,66.84619903564453
2020-07-09,67.6658935546875
2020-07-10,66.45343017578125
2020-07-13,64.19196319580078
2020-07-14,65.05555725097656
2020-07-15,66.91693878173828
2020-07-16,66.519287109375
2020-07-17,68.24897003173828
2020-07-20,69.02958679199219
2020-07-21,67.56587219238281
2020-07-22,67.31458282470703
2020-07-23,66.70225524902344
2020-07-24,65.885009765625
2020-07-27,67.52684020996094
2020-07-28,66.0338363647461
2020-07-29,66.92914581298828
2020-07-30,67.5439224243164
2020-07-31,67.12675476074219
2020-08-03,68.03182983398438
2020-08-04,67.54878234863281
2020-08-05,65.34832000732422
2020-08-06,65.02627563476562
2020-08-07,64.83354187011719
2020-08-10,62.916080474853516
2020-08-11,63.872379302978516
2020-08-12,64.26273345947266
2020-08-13,64.96286010742188
2020-08-14,63.67966079711914
2020-08-17,64.16815185546875
2020-08-18,64.09976196289062
2020-08-19,63.51844024658203
2020-08-20,63.12518310546875
2020-08-21,62.97376251220703
2020-08-24,61.144287109375
2020-08-25,61.288394927978516
2020-08-26,61.74027633666992
2020-08-27,61.806209564208984
2020-08-28,61.806209564208984
2020-08-31,62.39732360839844
2020-09-01,62.88094711303711
2020-09-02,63.88972473144531
2020-09-03,61.22488784790039
2020-09-04,60.140403747558594
2020-09-08,59.974308013916016
2020-09-09,61.071006774902344
2020-09-10,60.16483688354492
2020-09-11,59.53709411621094
2020-09-14,60.413963317871094
2020-09-15,59.99140930175781
2020-09-16,59.74470901489258
2020-09-17,59.89859390258789
2020-09-18,59.57373046875
2020-09-21,58.05936050415039
2020-09-22,59.41253662109375
2020-09-23,59.35145950317383
2020-09-24,56.7208366394043
2020-09-25,59.046138763427734
2020-09-28,59.53464889526367
2020-09-29,60.27230453491211
2020-09-30,60.50922393798828
2020-10-01,60.74860382080078
2020-10-02,60.30649185180664
2020-10-05,61.593711853027344
2020-10-06,62.575626373291016
2020-10-07,64.46857452392578
2020-10-08,63.970314025878906
2020-10-09,64.7470474243164
2020-10-12,65.59217834472656
2020-10-13,65.84619140625
2020-10-14,65.6727523803711
2020-10-15,64.86430358886719
2020-10-16,64.89115142822266
2020-10-19,64.62490844726562
2020-10-20,64.60293579101562
2020-10-21,63.94588851928711
2020-10-22,65.86573028564453
2020-10-23,65.5726089477539
2020-10-26,64.61758422851562
2020-10-27,65.02061462402344
2020-10-28,62.9322395324707
2020-10-29,62.453495025634766
2020-10-30,61.652339935302734
2020-11-02,63.50624465942383
2020-11-03,65.05480194091797
2020-11-04,65.2551040649414
2020-11-05,74.39999389648438
2020-11-06,73.87973022460938
2020-11-09,74.30228424072266
2020-11-10,73.34481811523438
2020-11-11,74.85187530517578
2020-11-12,74.13864135742188
2020-11-13,74.05062103271484
2020-11-16,74.05305480957031
2020-11-17,75.24384307861328
2020-11-18,73.5860595703125
2020-11-19,73.90636444091797
2020-11-20,74.55186462402344
2020-11-23,74.26821899414062
2020-11-24,74.04329681396484
2020-11-25,73.78164672851562
2020-11-27,72.7791519165039
2020-11-30,74.16310119628906
2020-12-01,74.56165313720703
2020-12-02,72.94540405273438
2020-12-03,73.09700775146484
2020-12-04,74.962646484375
2020-12-07,75.29273986816406
2020-12-08,75.5176773071289
2020-12-09,73.75476837158203
2020-12-10,74.62521362304688
2020-12-11,74.5665283203125
2020-12-14,74.93087005615234
2020-12-15,75.3514404296875
2020-12-16,74.09217834472656
2020-12-17,75.74019622802734
2020-12-18,78.30268096923828
2020-12-21,78.70123291015625
2020-12-22,78.38093566894531
2020-12-23,78.25867462158203
2020-12-24,78.64012908935547
2020-12-28,77.2146224975586
2020-12-29,76.99942779541016
2020-12-30,77.5080337524414
2020-12-31,77.64494323730469
2021-01-04,76.92851257324219
2021-01-05,77.5104751586914
2021-01-06,80.9116439819336
2021-01-07,82.11953735351562
2021-01-08,80.57176971435547
2021-01-11,81.86767578125
2021-01-12,81.66963195800781
2021-01-13,80.83094024658203
2021-01-14,82.44962310791016
2021-01-15,85.01946258544922
2021-01-19,86.01461791992188
2021-01-20,87.21027374267578
2021-01-21,86.96820831298828
2021-01-22,87.19071197509766
2021-01-25,86.17597961425781
2021-01-26,83.2173843383789
2021-01-27,77.8601303100586
2021-01-28,78.86018371582031
2021-01-29,79.44456481933594
2021-02-01,83.15135955810547
2021-02-02,92.12254333496094
2021-02-03,90.08086395263672
2021-02-04,93.58228302001953
2021-02-05,93.07859802246094
2021-02-08,95.49927520751953
2021-02-09,95.34766387939453
2021-02-10,95.43323516845703
2021-02-11,96.66659545898438
2021-02-12,97.6063003540039
2021-02-16,100.57711791992188
2021-02-17,99.6618881225586
2021-02-18,97.17069244384766
2021-02-19,95.32801818847656
2021-02-22,92.2568588256836
2021-02-23,92.22258758544922
2021-02-24,91.69158172607422
2021-02-25,89.3349838256836
2021-02-26,88.51031494140625
2021-03-01,91.1409683227539
2021-03-02,91.87510681152344
2021-03-03,88.40016174316406
2021-03-04,85.13570404052734
2021-03-05,87.16926574707031
2021-03-08,84.39669036865234
2021-03-09,89.10250854492188
2021-03-10,89.0168685913086
2021-03-11,94.95115661621094
2021-03-12,94.24392700195312
2021-03-15,97.15357208251953
2021-03-16,95.03923797607422
2021-03-17,93.43638610839844
2021-03-18,91.52027130126953
2021-03-19,91.82616424560547
2021-03-22,94.30756378173828
2021-03-23,92.12716674804688
2021-03-24,90.4117202758789
2021-03-25,92.31069946289062
2021-03-26,95.0074234008789
2021-03-29,89.8072738647461
2021-03-30,91.39302062988281
2021-03-31,93.46329498291016
2021-04-01,95.0710678100586
2021-04-05,97.09972381591797
2021-04-06,97.65522766113281
2021-04-07,97.14867401123047
2021-04-08,99.1430892944336
2021-04-09,100.01915740966797
2021-04-12,98.63163757324219
2021-04-13,102.64492797851562
2021-04-14,101.40423583984375
2021-04-15,101.59999084472656
2021-04-16,102.42469787597656
2021-04-19,101.43605041503906
2021-04-20,100.7998046875
2021-04-21,103.71923828125
2021-04-22,103.6874008178711
2021-04-23,105.83110809326172
2021-04-26,107.8108139038086
2021-04-27,108.01638793945312
2021-04-28,106.89070892333984
2021-04-29,106.1443099975586
2021-04-30,104.6124267578125
2021-05-03,104.34814453125
2021-05-04,102.34394073486328
2021-05-05,101.99644470214844
2021-05-06,100.57221221923828
2021-05-07,103.5259017944336
2021-05-10,99.89926147460938
2021-05-11,101.68811798095703
2021-05-12,100.05833435058594
2021-05-13,97.06795501708984
2021-05-14,98.29981994628906
2021-05-17,94.86618041992188
2021-05-18,97.96428680419922
2021-05-19,97.36917114257812
2021-05-20,100.14154052734375
2021-05-21,100.25423431396484
2021-05-24,103.107421875
2021-05-25,102.89923858642578
2021-05-26,101.94898986816406
2021-05-27,100.33747863769531
2021-05-28,101.35139465332031
2021-06-01,100.4721908569336
2021-06-02,100.44525909423828
2021-06-03,99.82071685791016
2021-06-04,103.9156494140625
2021-06-07,102.79639434814453
2021-06-08,104.09442901611328
2021-06-09,105.10589599609375
2021-06-10,106.73207092285156
2021-06-11,108.72566223144531
2021-06-14,110.05554962158203
2021-06-15,108.0815658569336
2021-06-16,108.38280487060547
2021-06-17,109.03181457519531
2021-06-18,105.77693939208984
2021-06-21,107.81214904785156
2021-06-22,108.2211685180664
2021-06-23,108.84568786621094
2021-06-24,107.64073181152344
2021-06-25,106.91333770751953
2021-06-28,108.98038482666016
2021-06-29,109.6710433959961
2021-06-30,110.27349853515625
2021-07-01,111.16743469238281
2021-07-02,110.1045150756836
2021-07-06,111.55194854736328
2021-07-07,113.56755828857422
2021-07-08,112.87199401855469
2021-07-09,113.9790267944336
2021-07-12,110.5673828125
2021-07-13,111.05233001708984
2021-07-14,108.95345306396484
2021-07-15,110.08982849121094
2021-07-16,112.33565521240234
2021-07-19,111.53970336914062
2021-07-20,114.38066864013672
2021-07-21,113.42796325683594
2021-07-22,114.90721893310547
2021-07-23,116.18565368652344
2021-07-26,115.62970733642578
2021-07-27,115.98975372314453
2021-07-28,116.76364135742188
2021-07-29,118.31880187988281
2021-07-30,118.10576629638672
2021-08-02,118.96295166015625
2021-08-03,117.86820983886719
2021-08-04,119.2103042602539
2021-08-05,120.16545867919922
2021-08-06,118.0029067993164
2021-08-09,117.37345886230469
2021-08-10,113.56755828857422
2021-08-11,113.36672973632812
2021-08-12,113.60674285888672
2021-08-13,114.43757629394531
2021-08-16,117.01335906982422
2021-08-17,116.1727294921875
2021-08-18,115.38848876953125
2021-08-19,116.62855529785156
2021-08-20,117.50352478027344
2021-08-23,117.6137924194336
2021-08-24,120.69937133789062
2021-08-25,122.5987319946289
2021-08-26,120.87090301513672
2021-08-27,121.31695556640625
2021-08-30,123.9711685180664
2021-08-31,122.32914733886719
2021-09-01,123.85108184814453
2021-09-02,125.18186950683594
2021-09-03,125.74800109863281
2021-09-07,126.0176010131836
2021-09-08,124.44417572021484
2021-09-09,124.54220581054688
2021-09-10,126.65479278564453
2021-09-13,123.17466735839844
2021-09-14,124.96373748779297
2021-09-15,129.80406188964844
2021-09-16,129.75994873046875
2021-09-17,130.9583740234375
2021-09-20,129.60311889648438
2021-09-21,129.94131469726562
2021-09-22,130.62753295898438
2021-09-23,131.58335876464844
2021-09-24,132.068603515625
2021-09-27,125.3460693359375
2021-09-28,119.81216430664062
2021-09-29,120.21898651123047
2021-09-30,118.75831604003906
2021-10-01,121.02531433105469
2021-10-04,117.93976593017578
2021-10-05,118.47402954101562
2021-10-06,118.51325225830078
2021-10-07,119.69699096679688
2021-10-08,117.5451889038086
2021-10-11,117.19961547851562
2021-10-12,117.1506118774414
2021-10-13,118.37109375
2021-10-14,122.01296997070312
2021-10-15,122.05464172363281
2021-10-18,122.41490936279297
2021-10-19,122.44677734375
2021-10-20,124.33634185791016
2021-10-21,121.91497039794922
2021-10-22,123.82903289794922
2021-10-25,125.1941146850586
2021-10-26,127.14006042480469
2021-10-27,124.9343490600586
2021-10-28,126.27491760253906
2021-10-29,128.3360595703125
2021-11-01,128.68161010742188
2021-11-02,123.35602569580078
2021-11-03,123.59864807128906
2021-11-04,121.37088012695312
2021-11-05,121.88309478759766
2021-11-08,124.10841369628906
2021-11-09,123.06437683105469
2021-11-10,123.5156021118164
2021-11-11,124.24395751953125
2021-11-12,123.72161102294922
2021-11-15,123.0521240234375
2021-11-16,123.71915435791016
2021-11-17,121.12702178955078
2021-11-18,121.42621612548828
2021-11-19,122.98592376708984
2021-11-22,120.07496643066406
2021-11-23,115.92801666259766
2021-11-24,116.97025299072266
2021-11-26,116.11193084716797
2021-11-29,117.63729858398438
2021-11-30,115.75878143310547
2021-12-01,113.28437042236328
2021-12-02,114.59146118164062
2021-12-03,111.86444091796875
2021-12-06,114.829345703125
2021-12-07,115.98686981201172
2021-12-08,118.03215026855469
2021-12-09,115.31002807617188
2021-12-10,114.28984069824219
2021-12-13,115.35169982910156
2021-12-14,113.514892578125
2021-12-15,116.34980773925781
2021-12-16,113.1838150024414
2021-12-17,115.3982925415039
2021-12-20,114.07891845703125
2021-12-21,117.62506103515625
2021-12-22,120.08967590332031
2021-12-23,121.30603790283203
2021-12-27,122.77989959716797
2021-12-28,122.07606506347656
2021-12-29,123.23360443115234
2021-12-30,124.77613067626953
2021-12-31,126.87046813964844
2022-01-03,119.62371826171875
2022-01-04,114.77539825439453
2022-01-05,106.61151123046875
2022-01-06,104.60299682617188
2022-01-07,101.8416519165039
2022-01-10,104.9046401977539
2022-01-11,106.01802062988281
2022-01-12,105.0517807006836
2022-01-13,97.5254898071289
2022-01-14,95.6690444946289
2022-01-18,92.94448852539062
2022-01-19,93.1480484008789
2022-01-20,92.50796508789062
2022-01-21,90.02616119384766
2022-01-24,93.6532211303711
2022-01-25,90.24688720703125
2022-01-26,89.21935272216797
2022-01-27,86.77679443359375
2022-01-28,90.02372741699219
2022-01-31,92.30931854248047
2022-02-01,98.47946166992188
2022-02-02,102.4743423461914
2022-02-03,100.4487075805664
2022-02-04,100.56396484375
2022-02-07,101.20404815673828
2022-02-08,101.36833953857422
2022-02-09,104.002197265625
2022-02-10,103.78128814697266
2022-02-11,102.72843933105469
2022-02-14,101.51605224609375
2022-02-15,101.29762268066406
2022-02-16,101.12093353271484
2022-02-17,97.72430419921875
2022-02-18,98.4163818359375
2022-02-22,98.19548797607422
2022-02-23,96.29349517822266
2022-02-24,101.33444213867188
2022-02-25,103.73712921142578
2022-02-28,102.93213653564453
2022-03-01,103.12110900878906
2022-03-02,103.9800796508789
2022-03-03,103.03276824951172
2022-03-04,102.48546600341797
2022-03-07,98.49246978759766
2022-03-08,96.62727355957031
2022-03-09,102.65971374511719
2022-03-10,101.87191009521484
2022-03-11,98.3746566772461
2022-03-14,96.25668334960938
2022-03-15,99.5428695678711
2022-03-16,103.9162826538086
2022-03-17,105.95573425292969
2022-03-18,109.3597412109375
2022-03-21,107.55343627929688
2022-03-22,108.51056671142578
2022-03-23,105.2906265258789
2022-03-24,106.77298736572266
2022-03-25,106.86869049072266
2022-03-28,107.32765197753906
2022-03-29,109.46279907226562
2022-03-30,108.56947326660156
2022-03-31,106.27723693847656
2022-04-01,106.33366394042969
2022-04-04,106.03182220458984
2022-04-05,106.2796859741211
2022-04-06,106.56192779541016
2022-04-07,110.35367584228516
2022-04-08,106.30913543701172
2022-04-11,103.69294738769531
2022-04-12,101.29762268066406
2022-04-13,102.9296875
2022-04-14,102.60572814941406
2022-04-18,101.12828063964844
2022-04-19,101.42033386230469
2022-04-20,104.20832061767578
2022-04-21,101.13565826416016
2022-04-22,98.9023208618164
2022-04-25,98.39183807373047
2022-04-26,93.78282928466797
2022-04-27,93.48831939697266
2022-04-28,94.95104217529297
2022-04-29,93.18399810791016
2022-05-02,93.89327239990234
2022-05-03,94.10188293457031
2022-05-04,97.14756774902344
2022-05-05,94.7694320678711
2022-05-06,91.52497100830078
2022-05-09,85.1759262084961
2022-05-10,86.275390625
2022-05-11,83.11682891845703
2022-05-12,85.62256622314453
2022-05-13,90.34143829345703
2022-05-16,88.95600891113281
2022-05-17,91.14716339111328
2022-05-18,88.20922088623047
2022-05-19,90.01473999023438
2022-05-20,89.99263000488281
2022-05-23,89.54064178466797
2022-05-24,87.73759460449219
2022-05-25,86.66657257080078
2022-05-26,89.73961639404297
2022-05-27,94.95714569091797
2022-05-31,90.82292938232422
2022-06-01,88.42048645019531
2022-06-02,91.87428283691406
2022-06-03,89.19429779052734
2022-06-06,89.2679672241211
2022-06-07,89.90665435791016
2022-06-08,89.5259017944336
2022-06-09,87.31261444091797
2022-06-10,82.18106079101562
2022-06-13,79.8302230834961
2022-06-14,79.63371276855469
2022-06-15,81.22550964355469
2022-06-16,79.26278686523438
2022-06-17,80.36326599121094
2022-06-21,80.89140319824219
2022-06-22,80.98968505859375
2022-06-23,84.82174682617188
2022-06-24,86.65430450439453
2022-06-27,86.79676055908203
2022-06-28,84.99617767333984
2022-06-29,85.60782623291016
2022-06-30,85.15094757080078
2022-07-01,86.7574691772461
2022-07-05,88.99776458740234
2022-07-06,89.11566925048828
2022-07-07,90.45689392089844
2022-07-08,90.87203216552734
2022-07-11,89.1795425415039
2022-07-12,86.66411590576172
2022-07-13,85.7183837890625
2022-07-14,83.86129760742188
2022-07-15,84.5884017944336
2022-07-18,82.59622192382812
2022-07-19,86.0352554321289
2022-07-20,87.59020233154297
2022-07-21,90.91625213623047
2022-07-22,89.23110961914062
2022-07-25,88.7029800415039
2022-07-26,91.04399871826172
2022-07-27,91.97992706298828
2022-07-28,93.53238677978516
2022-07-29,94.6427230834961
2022-08-01,94.14652252197266
2022-08-02,95.06768798828125
2022-08-03,96.25659942626953
2022-08-04,96.02325439453125
2022-08-05,94.07527160644531
2022-08-08,92.15430450439453
2022-08-09,88.70790100097656
2022-08-10,93.33342742919922
2022-08-11,91.97744750976562
2022-08-12,93.33950805664062
2022-08-15,92.9535140991211
2022-08-16,90.98172760009766
2022-08-17,89.18944549560547
2022-08-18,88.86491394042969
2022-08-19,87.23734283447266
2022-08-22,84.98036193847656
2022-08-23,84.11495208740234
2022-08-24,85.307373046875
2022-08-25,88.16419982910156
2022-08-26,83.281494140625
2022-08-29,81.96617126464844
2022-08-30,81.96370697021484
2022-08-31,81.57770538330078
2022-09-01,81.8309326171875
2022-09-02,81.14009857177734
2022-09-06,80.89669799804688
2022-09-07,82.14810943603516
2022-09-08,84.25016021728516
2022-09-09,85.25819396972656
2022-09-12,84.77384948730469
2022-09-13,79.62313079833984
2022-09-14,78.59300994873047
2022-09-15,77.78167724609375
2022-09-16,75.62306213378906
2022-09-19,74.73552703857422
2022-09-20,73.77912902832031
2022-09-21,72.83504486083984
2022-09-22,71.3525161743164
2022-09-23,71.55903625488281
2022-09-26,71.318115234375
2022-09-27,69.46436309814453
2022-09-28,71.21240234375
2022-09-29,70.22406005859375
2022-09-30,69.82329559326172
2022-10-03,72.05323028564453
2022-10-04,75.86153411865234
2022-10-05,75.85908508300781
2022-10-06,75.9893798828125
2022-10-07,72.77357482910156
2022-10-10,69.94376373291016
2022-10-11,69.32667541503906
2022-10-12,69.54548645019531
2022-10-13,71.040283203125
2022-10-14,69.54301452636719
2022-10-17,72.81291961669922
2022-10-18,74.4011459350586
2022-10-19,71.30335235595703
2022-10-20,69.3635482788086
2022-10-21,69.64875030517578
2022-10-24,69.76921844482422
2022-10-25,72.92109680175781
2022-10-26,74.22167205810547
2022-10-27,72.71703338623047
2022-10-28,72.65064239501953
2022-10-31,72.8375015258789
2022-11-01,76.04102325439453
2022-11-02,73.25299835205078
2022-11-03,75.03546905517578
2022-11-04,74.63471984863281
2022-11-07,77.39077758789062
2022-11-08,76.31147003173828
2022-11-09,76.9678955078125
2022-11-10,82.96063232421875
2022-11-11,86.13050842285156
2022-11-14,84.93934631347656
2022-11-15,86.70149230957031
2022-11-16,85.7638168334961
2022-11-17,81.6267318725586
2022-11-18,80.87362670898438
2022-11-21,81.72270965576172
2022-11-22,81.82362365722656
2022-11-23,82.77113342285156
2022-11-25,83.4233169555664
2022-11-28,81.31417083740234
2022-11-29,80.49462127685547
2022-11-30,83.66695404052734
2022-12-01,85.06485748291016
2022-12-02,83.37163543701172
2022-12-05,81.31417083740234
2022-12-06,79.41421508789062
2022-12-07,79.41421508789062
2022-12-08,80.67427825927734
2022-12-09,79.4732666015625
2022-12-12,81.68826293945312
2022-12-13,85.62599182128906
2022-12-14,85.45862579345703
2022-12-15,82.87940979003906
2022-12-16,81.09758758544922
2022-12-19,79.5323486328125
2022-12-20,79.76859283447266
2022-12-21,81.87528228759766
2022-12-22,81.65869903564453
2022-12-23,81.44214630126953
2022-12-27,80.93024444580078
2022-12-28,79.43391418457031
2022-12-29,83.15506744384766
2022-12-30,81.58980560302734
2023-01-03,81.24526977539062
2023-01-04,83.07630920410156
2023-01-05,81.00900268554688
2023-01-06,81.23540496826172
2023-01-09,82.63330841064453
2023-01-10,85.19283294677734
2023-01-11,85.27159118652344
2023-01-12,80.89086151123047
2023-01-13,79.59140014648438
2023-01-17,79.59140014648438
2023-01-18,78.74481201171875
2023-01-19,79.5323486328125
2023-01-20,80.19190979003906
2023-01-23,81.00900268554688
2023-01-24,78.90230560302734
2023-01-25,78.58729553222656
2023-01-26,79.06966400146484
2023-01-27,79.92610931396484
2023-01-30,77.45518493652344
2023-01-31,78.41995239257812
2023-02-01,80.01470947265625
2023-02-02,79.59140014648438
2023-02-03,77.92772674560547
2023-02-06,74.39361572265625
2023-02-07,77.21891784667969
2023-02-08,75.80136108398438
2023-02-09,74.67910766601562
2023-02-10,75.18169403076172
2023-02-13,75.97006225585938
2023-02-14,75.8813705444336
2023-02-15,75.68426513671875
2023-02-16,75.13240814208984
2023-02-17,74.85648345947266
2023-02-21,72.58988952636719
2023-02-22,73.16146850585938
2023-02-23,73.19102478027344
2023-02-24,71.42704010009766
2023-02-27,71.62413787841797
2023-02-28,71.58470916748047
2023-03-01,73.82174682617188
2023-03-02,76.4726333618164
2023-03-03,77.10336303710938
2023-03-06,75.79267120361328
2023-03-07,73.73304748535156
2023-03-08,73.45709228515625
2023-03-09,72.98408508300781
2023-03-10,70.9244384765625
2023-03-13,70.77661895751953
2023-03-14,72.20555114746094
2023-03-15,71.71282196044922
2023-03-16,72.42237091064453
2023-03-17,71.25949096679688
2023-03-20,71.50586700439453
2023-03-21,72.7771224975586
2023-03-22,71.39745330810547
2023-03-23,70.87517547607422
2023-03-24,71.48616790771484
2023-03-27,72.34353637695312
2023-03-28,70.57953643798828
2023-03-29,71.01313781738281
2023-03-30,71.37776184082031
2023-03-31,73.11219024658203
2023-04-03,72.68843841552734
2023-04-04,72.72785949707031
2023-04-05,72.96438598632812
2023-04-06,74.55097198486328
2023-04-10,74.09767150878906
2023-04-11,76.66975402832031
2023-04-12,80.0400619506836
2023-04-13,82.3362045288086
2023-04-14,84.00164794921875
2023-04-17,83.99181365966797
2023-04-18,83.10487365722656
2023-04-19,83.74544525146484
2023-04-20,80.84814453125
2023-04-21,82.25737762451172
2023-04-24,82.87821960449219
2023-04-25,77.58623504638672
2023-04-26,77.27088165283203
2023-04-27,76.5711898803711
2023-04-28,78.71951293945312
2023-05-01,78.07897186279297
2023-05-02,79.03487396240234
2023-05-03,84.73091125488281
2023-05-04,82.8092269897461
2023-05-05,81.92230987548828
2023-05-08,81.07479858398438
2023-05-09,79.90209197998047
2023-05-10,80.02033996582031
2023-05-11,80.73974609375
2023-05-12,80.19721221923828
2023-05-15,79.9802017211914
2023-05-16,80.82852935791016
2023-05-17,80.92717742919922
2023-05-18,82.14047241210938
2023-05-19,82.7422103881836
2023-05-22,83.0677261352539
2023-05-23,82.08130645751953
2023-05-24,80.62138366699219
2023-05-25,81.19351196289062
2023-05-26,82.36736297607422
2023-05-30,82.05170440673828
2023-05-31,80.68055725097656
2023-06-01,80.58191680908203
2023-06-02,81.87416076660156
2023-06-05,81.54862976074219
2023-06-06,81.50916290283203
2023-06-07,81.13431549072266
2023-06-08,78.21446990966797
2023-06-09,77.36612701416016
2023-06-12,77.59302520751953
2023-06-13,75.68920135498047
2023-06-14,73.85443115234375
2023-06-15,75.57083129882812
2023-06-16,77.42532348632812
2023-06-20,76.37970733642578
2023-06-21,75.61028289794922
2023-06-22,75.4721908569336
2023-06-23,75.58069610595703
2023-06-26,75.74837493896484
2023-06-27,74.56465148925781
2023-06-28,75.05787658691406
2023-06-29,78.2736587524414
2023-06-30,80.52273559570312
2023-07-03,80.03936767578125
2023-07-05,79.74344635009766
2023-07-06,80.04923248291016
2023-07-07,79.70398712158203
2023-07-10,81.71630859375
2023-07-11,82.66329956054688
2023-07-12,83.4623031616211
2023-07-13,83.29460906982422
2023-07-14,83.07759857177734
2023-07-17,81.67687225341797
2023-07-18,81.18363952636719
2023-07-19,82.7422103881836
2023-07-20,85.74098205566406
2023-07-21,88.2070541381836
2023-07-24,86.7175521850586
2023-07-25,85.03074645996094
2023-07-26,83.82730102539062
2023-07-27,82.54492950439453
2023-07-28,82.65342712402344
2023-07-31,82.26871490478516
2023-08-01,80.98634338378906
2023-08-02,80.90744018554688
2023-08-03,79.91114044189453
2023-08-04,81.05538940429688
2023-08-07,80.18734741210938
2023-08-08,83.15652465820312
2023-08-09,81.87416076660156
2023-08-10,81.87416076660156
2023-08-11,83.24529266357422
2023-08-14,83.65958404541016
2023-08-15,83.4623031616211
2023-08-16,81.02581024169922
2023-08-17,79.22874450683594
2023-08-18,77.25395202636719
2023-08-21,77.68841552734375
2023-08-22,77.25395202636719
2023-08-23,77.68841552734375
2023-08-24,77.7970199584961
2023-08-25,79.1497573852539
2023-08-28,77.2737045288086
2023-08-29,79.26824951171875
2023-08-30,79.22874450683594
2023-08-31,77.41194152832031
2023-09-01,77.76740264892578
2023-09-05,76.28631591796875
2023-09-06,74.5583724975586
2023-09-07,73.04764556884766
2023-09-08,70.91487121582031
2023-09-11,70.72725677490234
2023-09-12,71.06297302246094
2023-09-13,71.576416015625
2023-09-14,73.10688781738281
2023-09-15,72.7218017578125
2023-09-18,70.27305603027344
2023-09-19,69.73986053466797
2023-09-20,69.97683715820312
2023-09-21,69.03880310058594
2023-09-22,68.47599029541016
2023-09-25,67.56759643554688
2023-09-26,66.66905212402344
2023-09-27,66.71841430664062
2023-09-28,67.1627426147461
2023-09-29,67.21212768554688
2023-10-02,66.30372619628906
2023-10-03,65.66191864013672
2023-10-04,65.95813751220703
2023-10-05,66.85667419433594
2023-10-06,67.37012481689453
2023-10-09,67.08377075195312
2023-10-10,68.53524780273438
2023-10-11,68.416748046875
2023-10-12,67.34048461914062
2023-10-13,66.93565368652344
2023-10-16,67.71570587158203
2023-10-17,67.49848175048828
2023-10-18,65.47431182861328
2023-10-19,62.69972610473633
2023-10-20,63.262535095214844
2023-10-23,62.61085891723633
2023-10-24,62.82807922363281
2023-10-25,60.507694244384766
2023-10-26,60.73479461669922
2023-10-27,58.78962707519531
2023-10-30,55.92617416381836
2023-10-31,53.94150924682617
2023-11-01,52.16419219970703
2023-11-02,54.71168518066406
2023-11-03,57.97995376586914
2023-11-06,57.950340270996094
2023-11-07,58.868621826171875
2023-11-08,57.93059158325195
2023-11-09,56.220069885253906
2023-11-10,56.84297180175781
2023-11-13,56.45736312866211
2023-11-14,59.6806755065918
2023-11-15,60.204708099365234
2023-11-16,60.21459197998047
2023-11-17,60.3629035949707
2023-11-20,62.874324798583984
2023-11-21,62.80510330200195
2023-11-22,62.86443328857422
2023-11-24,63.28959274291992
2023-11-27,61.559288024902344
2023-11-28,60.966041564941406
2023-11-29,62.409603118896484
2023-11-30,62.19208908081055
2023-12-01,63.843284606933594
2023-12-04,64.5650863647461
2023-12-05,63.65542221069336
2023-12-06,65.29673767089844
2023-12-07,67.28412628173828
2023-12-08,67.54119873046875
2023-12-11,68.22343444824219
2023-12-12,68.42117309570312
2023-12-13,73.16716003417969
2023-12-14,74.19544982910156
2023-12-15,75.134765625
2023-12-18,75.16442108154297
2023-12-19,76.54866027832031
2023-12-20,75.00623321533203
2023-12-21,76.84529876708984
2023-12-22,76.64753723144531
2023-12-26,77.06281280517578
2023-12-27,77.30012512207031
2023-12-28,77.33966827392578
2023-12-29,76.2916030883789
2024-01-02,75.8466567993164
2024-01-03,71.32809448242188
2024-01-04,71.60494232177734
2024-01-05,70.2899169921875
2024-01-08,72.08942413330078
2024-01-09,71.17977142333984
2024-01-10,72.32672119140625
2024-01-11,72.31684112548828
2024-01-12,71.35774993896484
2024-01-16,70.62608337402344
2024-01-17,69.0539779663086
2024-01-18,69.0737533569336
2024-01-19,69.52857971191406
2024-01-22,71.20944213867188
2024-01-23,71.66426086425781
2024-01-24,70.26024627685547
2024-01-25,70.319580078125
2024-01-26,71.81257629394531
2024-01-29,71.96089172363281
2024-01-30,71.89167785644531
2024-01-31,69.52857971191406
2024-02-01,67.76860046386719
2024-02-02,65.2374267578125
2024-02-05,66.0185317993164
2024-02-06,66.61178588867188
2024-02-07,65.61314392089844
2024-02-08,67.21491241455078
2024-02-09,67.264404296875
2024-02-12,69.24422454833984
2024-02-13,66.83873748779297
2024-02-14,69.41250610351562
2024-02-15,70.54100036621094
2024-02-16,70.88748931884766
2024-02-20,69.62039947509766
2024-02-21,70.99637603759766
2024-02-22,71.03597259521484
2024-02-23,70.89737701416016
2024-02-26,71.1844482421875
2024-02-27,72.4713363647461
2024-02-28,73.63943481445312
2024-02-29,72.82769012451172
2024-03-01,73.62953186035156
2024-03-04,74.12448120117188
2024-03-05,72.65943145751953
2024-03-06,73.92650604248047
2024-03-07,76.16370391845703
2024-03-08,76.31218719482422
2024-03-11,74.37196350097656
2024-03-12,73.37216186523438
2024-03-13,71.75860595703125
2024-03-14,70.50141906738281
2024-03-15,71.78829193115234
2024-03-18,71.1547622680664
2024-03-19,70.04605865478516
2024-03-20,71.1547622680664
2024-03-21,71.60022735595703
2024-03-22,70.7785873413086
2024-03-25,68.52159881591797
2024-03-26,67.70987701416016
2024-03-27,68.71956634521484
2024-03-28,69.6797866821289
2024-04-01,68.70968627929688
2024-04-02,68.06623840332031
2024-04-03,67.18521118164062
2024-04-04,66.37349700927734
2024-04-05,66.31410217285156
2024-04-08,67.53167724609375
2024-04-09,70.51132202148438
2024-04-10,68.80867767333984
2024-04-11,68.11573028564453
2024-04-12,66.05670928955078
2024-04-15,64.85891723632812
2024-04-16,63.364158630371094
2024-04-17,62.097076416015625
2024-04-18,61.58232498168945
2024-04-19,61.49323272705078
2024-04-22,62.166378021240234
2024-04-23,63.04738998413086
2024-04-24,62.87910842895508
2024-04-25,62.02777862548828
2024-04-26,63.413658142089844
2024-04-29,63.8591194152832
2024-04-30,62.572235107421875
2024-05-01,72.71881866455078
2024-05-02,74.83721923828125
2024-05-03,76.51016998291016
2024-05-06,75.29258728027344
2024-05-07,76.67845153808594
2024-05-08,76.27259063720703
2024-05-09,78.82655334472656
2024-05-10,80.17418670654297
2024-05-13,81.22455596923828
2024-05-14,83.38472747802734
2024-05-15,82.74063873291016
2024-05-16,82.0866470336914
2024-05-17,83.0478286743164
2024-05-20,81.7497329711914
2024-05-21,81.92809295654297
2024-05-22,82.22535705566406
2024-05-23,79.6787338256836
2024-05-24,80.05528259277344
2024-05-28,78.66801452636719
2024-05-29,77.88520812988281
2024-05-30,76.54747009277344
2024-05-31,76.48802947998047
2024-06-03,77.19157409667969
2024-06-04,76.20066833496094
2024-06-05,78.5392074584961
2024-06-06,78.11310577392578
2024-06-07,76.92401885986328
2024-06-10,76.39884185791016
2024-06-11,76.19075775146484
2024-06-12,76.74565124511719
2024-06-13,76.18083953857422
2024-06-14,75.18003845214844
2024-06-17,74.12966918945312
2024-06-18,73.86212158203125
2024-06-20,73.85220336914062
2024-06-21,72.99014282226562
2024-06-24,73.81256866455078
2024-06-25,72.40550231933594
2024-06-26,71.44430541992188
2024-06-27,71.16685485839844
2024-06-28,70.99839782714844
2024-07-01,70.95877838134766
2024-07-02,70.59212493896484
2024-07-03,70.80021667480469
2024-07-05,70.79032135009766
2024-07-08,70.90921783447266
2024-07-09,70.64167022705078
2024-07-10,71.41458892822266
2024-07-11,75.67549133300781
2024-07-12,76.60693359375
2024-07-15,76.50784301757812
2024-07-16,79.09410858154297
2024-07-17,77.57801055908203
2024-07-18,75.22957611083984
2024-07-19,74.77376556396484
2024-07-22,77.06273651123047
2024-07-23,75.81420135498047
2024-07-24,76.9041976928711
2024-07-25,77.9545669555664
2024-07-26,79.86701965332031
2024-07-29,78.99501037597656
2024-07-30,81.22455596923828
2024-07-31,80.84800720214844
2024-08-01,81.60111236572266
2024-08-02,79.44091796875
2024-08-05,76.9537582397461
2024-08-06,77.70684051513672
2024-08-07,70.31466674804688
2024-08-08,72.7027587890625
2024-08-09,71.1173095703125
2024-08-12,71.12721252441406
2024-08-13,72.78202819824219
2024-08-14,72.08840942382812
2024-08-15,74.228759765625
2024-08-16,73.84230041503906
2024-08-19,74.38788604736328
2024-08-20,71.75917053222656
2024-08-21,72.06668090820312
2024-08-22,70.77711486816406
2024-08-23,71.70956420898438
2024-08-26,70.76719665527344
2024-08-27,70.45967864990234
2024-08-28,71.02510833740234
2024-08-29,73.92166137695312
2024-08-30,73.39591979980469
2024-09-03,71.1540756225586
2024-09-04,70.54896545410156
2024-09-05,71.78892517089844
2024-09-06,70.91598510742188
2024-09-09,71.51116943359375
2024-09-10,73.18760681152344
2024-09-11,72.89993286132812
2024-09-12,72.61225891113281
2024-09-13,74.0704574584961
2024-09-16,74.15972900390625
2024-09-17,74.67555236816406
2024-09-18,75.89569091796875
2024-09-19,79.71478271484375
2024-09-20,77.67131042480469
2024-09-23,76.5900650024414
2024-09-24,76.79837799072266
2024-09-25,74.34819793701172
2024-09-26,77.43323516845703
2024-09-27,78.08794403076172
2024-09-30,79.28822326660156
2024-10-01,77.54235076904297
2024-10-02,76.80829620361328
2024-10-03,73.40583801269531
2024-10-04,74.17957305908203
2024-10-07,72.9296875
2024-10-08,73.1479263305664
2024-10-09,73.66375732421875
2024-10-10,72.39403533935547
2024-10-11,72.77096557617188
2024-10-14,73.22727966308594
2024-10-15,72.9991226196289
2024-10-16,71.22350311279297
2024-10-17,69.58675384521484
2024-10-18,70.66799926757812
2024-10-21,69.79505920410156
2024-10-22,69.38834381103516
2024-10-23,68.78325653076172
2024-10-24,67.82105255126953
2024-10-25,68.12855529785156
2024-10-28,69.81490325927734
2024-10-29,70.17201232910156
2024-10-30,75.40962219238281
2024-10-31,73.15784454345703
2024-11-01,74.705322265625
2024-11-04,75.29057312011719
2024-11-05,76.99678039550781
2024-11-06,75.22114562988281
2024-11-07,75.80641174316406
2024-11-08,75.42906951904297
2024-11-11,74.16793823242188
2024-11-12,73.889892578125
2024-11-13,75.39927673339844
2024-11-14,72.03296661376953
2024-11-15,67.09770965576172
2024-11-18,66.39266967773438
2024-11-19,65.90608978271484
2024-11-20,68.23966979980469
2024-11-21,70.55337524414062
2024-11-22,70.78177642822266
2024-11-25,73.87004089355469
2024-11-26,74.3466796875
2024-11-27,74.85311889648438
2024-11-29,74.833251953125
2024-12-02,75.48863983154297
2024-12-03,74.52543640136719
2024-12-04,75.35955047607422
2024-12-05,73.37353515625
2024-12-06,73.98919677734375
2024-12-09,76.85899353027344
2024-12-10,76.5809555053711
2024-12-11,76.27311706542969
2024-12-12,76.14403533935547
2024-12-13,75.16095733642578
2024-12-16,75.62767028808594
2024-12-17,74.74388122558594
2024-12-18,70.91087341308594
2024-12-19,70.89099884033203
2024-12-20,72.65856170654297
2024-12-23,72.23157501220703
2024-12-24,72.51953887939453
2024-12-26,72.70822143554688
2024-12-27,72.46990203857422
2024-12-30,71.78472137451172
2024-12-31,71.52653503417969
2025-01-02,70.9803695678711
2025-01-03,73.27423095703125
2025-01-06,73.73101043701172
2025-01-07,74.24738311767578
2025-01-08,74.66444396972656
2025-01-10,72.7975845336914
2025-01-13,75.88585662841797
2025-01-14,74.20765686035156
2025-01-15,74.60486602783203
2025-01-16,75.56808471679688
2025-01-17,75.29997253417969
2025-01-21,78.19955444335938
2025-01-22,78.15983581542969
2025-01-23,76.37242889404297
2025-01-24,76.51144409179688
2025-01-27,75.91563415527344
2025-01-28,74.07856750488281
2025-01-29,71.32793426513672
2025-01-30,72.25142669677734
2025-01-31,73.03590393066406
2025-02-03,71.54639434814453
2025-02-04,72.04290008544922
2025-02-05,74.72403717041016
2025-02-06,74.48571014404297
2025-02-07,72.30107879638672
2025-02-10,69.4312744140625
2025-02-11,67.86231231689453
2025-02-12,66.96862030029297
2025-02-13,66.30330657958984
2025-02-14,65.55765533447266
2025-02-18,64.91141510009766
2025-02-19,65.41846466064453
2025-02-20,65.1102523803711
2025-02-21,64.54357147216797
2025-02-24,65.17985534667969
2025-02-25,63.84762191772461
2025-02-26,63.77802658081055
2025-02-27,60.874961853027344
2025-02-28,61.39194107055664
2025-03-03,60.83518981933594
2025-03-04,59.771392822265625
2025-03-05,61.83933639526367
2025-03-06,63.02243423461914
2025-03-07,63.99675369262695
2025-03-10,62.535274505615234
2025-03-11,58.1309700012207
2025-03-12,59.89070129394531
2025-03-13,59.53279113769531
2025-03-14,61.79956817626953
2025-03-17,62.217132568359375
2025-03-18,62.46568298339844
2025-03-19,60.536930084228516
2025-03-20,59.99011993408203
2025-03-21,60.2585563659668
2025-03-24,60.715885162353516
2025-03-25,59.632205963134766
2025-03-26,59.03568649291992
2025-03-27,59.60238265991211
2025-03-28,58.38945388793945
2025-03-31,58.290035247802734
2025-04-01,57.0174560546875
2025-04-02,58.04148483276367
2025-04-03,54.54189682006836
2025-04-04,51.42010498046875
2025-04-07,52.006683349609375
2025-04-08,48.5269775390625
2025-04-09,53.756473541259766
2025-04-10,48.974365234375
2025-04-11,50.4259033203125
2025-04-14,52.235347747802734
2025-04-15,50.77387237548828
2025-04-16,49.690189361572266
2025-04-17,47.82109451293945
2025-04-21,47.23451232910156
2025-04-22,48.795413970947266
2025-04-23,49.86914825439453
2025-04-24,50.48555374145508
2025-04-25,49.94868850708008
2025-04-28,49.95862579345703
2025-04-29,50.207176208496094
2025-04-30,50.05804443359375
2025-05-01,49.342220306396484
2025-05-02,50.19723892211914
2025-05-05,49.51123809814453
2025-05-06,47.44329833984375
2025-05-07,48.46732711791992
2025-05-08,49.49135208129883
2025-05-09,49.650421142578125
2025-05-12,53.587467193603516
2025-05-13,51.31074142456055
2025-05-14,47.58248519897461
2025-05-15,47.96028137207031
2025-05-16,48.86500549316406
2025-05-19,49.074127197265625
2025-05-20,49.32308578491211
2025-05-21,46.4650764465332
2025-05-22,47.122314453125
2025-05-23,46.584571838378906
2025-05-27,48.48659133911133
2025-05-28,47.729766845703125
2025-05-29,48.12810134887695
2025-05-30,48.19780731201172
2025-06-02,48.40692901611328
2025-06-03,48.57621383666992
2025-06-04,49.64174270629883
2025-06-05,48.108184814453125
2025-06-06,48.48659133911133
2025-06-09,49.671627044677734
2025-06-10,51.185272216796875
2025-06-11,51.32468795776367
2025-06-12,51.314727783203125
2025-06-13,50.30894470214844
2025-06-16,51.414310455322266
2025-06-17,49.293209075927734
2025-06-18,49.92058181762695
2025-06-20,49.68157958984375
2025-06-23,49.09404754638672
2025-06-24,49.79111862182617
2025-06-25,51.67322540283203
2025-06-26,52.57942199707031
2025-06-27,51.62343215942383
2025-06-30,51.23506164550781
2025-07-01,51.86243438720703
2025-07-02,52.95783615112305
2025-07-03,52.91800308227539
2025-07-07,51.32468795776367
2025-07-08,52.45992660522461
2025-07-09,52.370296478271484
2025-07-10,54.18269348144531
2025-07-11,53.913822174072266
2025-07-14,52.400177001953125
2025-07-15,51.20518493652344
2025-07-16,51.57364273071289
2025-07-17,53.06737518310547
2025-07-18,51.80268096923828
2025-07-21,50.05998992919922
2025-07-22,52.89808654785156
2025-07-23,55.07893753051758
2025-07-24,58.22574234008789
2025-07-25,58.5344352722168
2025-07-28,58.305397033691406
2025-07-29,57.62824249267578
2025-07-30,57.468910217285156
2025-07-31,54.50136184692383
2025-08-01,54.66069030761719
2025-08-04,54.650733947753906
2025-08-05,54.4117317199707
2025-08-06,49.66166305541992
2025-08-07,49.94049835205078
2025-08-08,50.20936584472656
2025-08-11,49.94049835205078
2025-08-12,52.60929870605469
2025-08-13,54.4814453125
2025-08-14,53.51549530029297
2025-08-15,53.37607955932617
2025-08-18,53.14670181274414
2025-08-19,54.722450256347656
2025-08-20,54.18390655517578
2025-08-21,53.85478973388672
2025-08-22,56.936485290527344
2025-08-25,56.5575065612793
2025-08-26,56.63728713989258
2025-08-27,56.06882095336914
2025-08-28,54.18390655517578
2025-08-29,54.483097076416016
2025-09-02,53.27634811401367
2025-09-03,53.19656753540039
2025-09-04,52.77769470214844
2025-09-05,54.26369094848633
2025-09-08,53.96449661254883
2025-09-09,54.054256439208984
2025-09-10,50.822967529296875
2025-09-11,53.06691360473633
2025-09-12,51.12215805053711
2025-09-15,51.4811897277832
2025-09-16,51.6407585144043
2025-09-17,51.38146209716797
2025-09-18,52.847511291503906
2025-09-19,53.007080078125
2025-09-22,52.89737319946289
2025-09-23,52.77769470214844
2025-09-24,51.08226776123047
2025-09-25,50.34425735473633
2025-09-26,51.7105712890625
2025-09-29,52.08955383300781
2025-09-30,55.48040771484375
2025-10-01,59.75886917114258
2025-10-02,61.923038482666016
2025-10-03,62.78072738647461
2025-10-06,61.75349426269531
2025-10-07,59.03083419799805
2025-10-08,60.39715576171875
2025-10-09,59.73892593383789
2025-10-10,58.502262115478516
2025-10-13,59.489601135253906
2025-10-14,59.11062240600586
2025-10-15,59.4197883605957
2025-10-16,61.43435287475586
2025-10-17,61.69365692138672
2025-10-20,62.371826171875
2025-10-21,63.28935241699219
2025-10-22,63.618465423583984
2025-10-23,65.88235473632812
2025-10-24,65.73277282714844
2025-10-27,64.07723236083984
2025-10-28,63.768062591552734
2025-10-29,61.85322570800781
2025-10-30,60.796077728271484
2025-10-31,62.40174865722656
2025-11-03,61.09526824951172
2025-11-04,60.93569564819336
2025-11-05,59.77881622314453
2025-11-06,58.02355194091797
2025-11-07,57.25562286376953
2025-11-10,57.30548858642578
2025-11-11,59.0208625793457
2025-11-12,61.234893798828125
2025-11-13,60.58664321899414
2025-11-14,59.2203254699707
2025-11-17,58.53125
2025-11-18,58.071868896484375
2025-11-19,57.73232650756836
2025-11-20,58.65108871459961
2025-11-21,61.44732666015625
2025-11-24,63.40469741821289
2025-11-25,65.76152038574219
2025-11-26,64.54315948486328
2025-11-28,64.42332458496094
2025-12-01,63.67433166503906
2025-12-02,62.865421295166016
2025-12-03,63.734249114990234
2025-12-04,63.454627990722656
2025-12-05,61.59712600708008
2025-12-08,60.2089958190918
2025-12-09,58.740966796875
2025-12-10,60.74827194213867
2025-12-11,60.17903137207031
2025-12-12,58.4313850402832
2025-12-15,58.611141204833984
2025-12-16,57.362823486328125
2025-12-17,56.913429260253906
2025-12-18,57.023277282714844
2025-12-19,58.191707611083984
2025-12-22,58.88077926635742
2025-12-23,59.17039108276367
2025-12-24,59.110469818115234
2025-12-26,59.14043426513672
2025-12-29,59.16040802001953
2025-12-30,59.040565490722656
2025-12-31,58.73098373413086
