date,CTLT
2020-07-01,73.37
2020-07-02,72.74
2020-07-06,73.53
2020-07-07,73.73
2020-07-08,76.22
2020-07-09,79.15
2020-07-10,78.01
2020-07-13,77.47
2020-07-14,79.32
2020-07-15,83.71
2020-07-16,83.53
2020-07-17,85.35
2020-07-20,85.86
2020-07-21,85.98
2020-07-22,85.04
2020-07-23,83.48
2020-07-24,81.64
2020-07-27,83.25
2020-07-28,80.68
2020-07-29,81.52
2020-07-30,88.1
2020-07-31,87.34
2020-08-03,90.17
2020-08-04,88.18
2020-08-05,89.62
2020-08-06,88.19
2020-08-07,88.17
2020-08-10,87.59
2020-08-11,84.9
2020-08-12,87.8
2020-08-13,88.41
2020-08-14,87.02
2020-08-17,91.03
2020-08-18,89.0
2020-08-19,87.13
2020-08-20,86.54
2020-08-21,86.49
2020-08-24,88.46
2020-08-25,88.35
2020-08-26,88.71
2020-08-27,87.71
2020-08-28,87.66
2020-08-31,92.5
2020-09-01,90.68
2020-09-02,89.44
2020-09-03,86.4
2020-09-04,83.95
2020-09-08,83.07
2020-09-09,84.8
2020-09-10,83.88
2020-09-11,82.7
2020-09-14,83.91
2020-09-15,84.32
2020-09-16,84.17
2020-09-17,84.23
2020-09-18,84.87
2020-09-21,85.55
2020-09-22,85.17
2020-09-23,83.9
2020-09-24,80.79
2020-09-25,81.98
2020-09-28,84.11
2020-09-29,85.19
2020-09-30,85.66
2020-10-01,86.33
2020-10-02,85.88
2020-10-05,89.47
2020-10-06,88.85
2020-10-07,91.53
2020-10-08,92.71
2020-10-09,94.48
2020-10-12,95.01
2020-10-13,94.88
2020-10-14,92.61
2020-10-15,92.2
2020-10-16,92.4
2020-10-19,91.26
2020-10-20,93.16
2020-10-21,92.41
2020-10-22,93.4
2020-10-23,94.02
2020-10-26,91.31
2020-10-27,91.49
2020-10-28,88.93
2020-10-29,89.39
2020-10-30,87.77
2020-11-02,88.53
2020-11-03,95.51
2020-11-04,101.51
2020-11-05,102.48
2020-11-06,103.31
2020-11-09,101.91
2020-11-10,99.94
2020-11-11,101.73
2020-11-12,103.44
2020-11-13,104.61
2020-11-16,105.36
2020-11-17,104.97
2020-11-18,103.14
2020-11-19,104.16
2020-11-20,103.33
2020-11-23,99.8
2020-11-24,94.66
2020-11-25,94.65
2020-11-27,97.4
2020-11-30,96.14
2020-12-01,95.77
2020-12-02,93.21
2020-12-03,93.47
2020-12-04,95.4
2020-12-07,93.43
2020-12-08,94.25
2020-12-09,92.31
2020-12-10,95.18
2020-12-11,95.23
2020-12-14,97.93
2020-12-15,100.01
2020-12-16,100.13
2020-12-17,103.62
2020-12-18,105.0
2020-12-21,103.67
2020-12-22,104.89
2020-12-23,104.86
2020-12-24,105.31
2020-12-28,102.88
2020-12-29,102.71
2020-12-30,103.19
2020-12-31,104.07
2021-01-04,103.73
2021-01-05,104.83
2021-01-06,106.24
2021-01-07,108.57
2021-01-08,112.49
2021-01-11,115.4
2021-01-12,115.69
2021-01-13,114.75
2021-01-14,115.24
2021-01-15,115.5
2021-01-19,119.83
2021-01-20,119.67
2021-01-21,118.28
2021-01-22,116.82
2021-01-25,115.73
2021-01-26,113.35
2021-01-27,109.55
2021-01-28,114.89
2021-01-29,115.05
2021-02-01,117.49
2021-02-02,117.73
2021-02-03,113.83
2021-02-04,113.43
2021-02-05,113.53
2021-02-08,113.5
2021-02-09,114.17
2021-02-10,119.22
2021-02-11,123.0
2021-02-12,125.27
2021-02-16,122.78
2021-02-17,120.95
2021-02-18,118.24
2021-02-19,117.99
2021-02-22,114.32
2021-02-23,112.8
2021-02-24,115.15
2021-02-25,112.25
2021-02-26,113.71
2021-03-01,116.4
2021-03-02,113.77
2021-03-03,108.37
2021-03-04,103.08
2021-03-05,104.55
2021-03-08,101.51
2021-03-09,103.3
2021-03-10,103.05
2021-03-11,106.26
2021-03-12,105.76
2021-03-15,106.67
2021-03-16,103.52
2021-03-17,106.04
2021-03-18,104.0
2021-03-19,106.01
2021-03-22,109.82
2021-03-23,107.4
2021-03-24,102.98
2021-03-25,102.22
2021-03-26,103.3
2021-03-29,102.13
2021-03-30,103.57
2021-03-31,105.31
2021-04-01,106.54
2021-04-05,105.75
2021-04-06,107.03
2021-04-07,106.16
2021-04-08,107.42
2021-04-09,109.26
2021-04-12,109.38
2021-04-13,109.04
2021-04-14,109.91
2021-04-15,110.99
2021-04-16,110.6
2021-04-19,108.63
2021-04-20,109.36
2021-04-21,111.27
2021-04-22,113.21
2021-04-23,114.89
2021-04-26,115.69
2021-04-27,112.73
2021-04-28,113.22
2021-04-29,113.92
2021-04-30,112.47
2021-05-03,111.78
2021-05-04,103.5
2021-05-05,106.48
2021-05-06,106.18
2021-05-07,107.56
2021-05-10,104.8
2021-05-11,104.0
2021-05-12,101.48
2021-05-13,100.48
2021-05-14,102.7
2021-05-17,102.02
2021-05-18,100.34
2021-05-19,100.37
2021-05-20,103.64
2021-05-21,101.82
2021-05-24,102.56
2021-05-25,103.45
2021-05-26,104.29
2021-05-27,105.1
2021-05-28,104.83
2021-06-01,102.01
2021-06-02,100.72
2021-06-03,100.61
2021-06-04,101.16
2021-06-07,103.92
2021-06-08,104.12
2021-06-09,107.3
2021-06-10,108.87
2021-06-11,109.05
2021-06-14,109.58
2021-06-15,108.47
2021-06-16,107.79
2021-06-17,110.56
2021-06-18,108.61
2021-06-21,109.75
2021-06-22,110.01
2021-06-23,109.09
2021-06-24,109.26
2021-06-25,109.16
2021-06-28,109.61
2021-06-29,109.15
2021-06-30,108.12
2021-07-01,110.85
2021-07-02,111.12
2021-07-06,113.15
2021-07-07,114.59
2021-07-08,112.89
2021-07-09,113.25
2021-07-12,113.54
2021-07-13,113.33
2021-07-14,111.14
2021-07-15,109.7
2021-07-16,109.17
2021-07-19,110.84
2021-07-20,112.69
2021-07-21,113.54
2021-07-22,115.19
2021-07-23,116.26
2021-07-26,113.0
2021-07-27,114.0
2021-07-28,116.51
2021-07-29,119.32
2021-07-30,119.81
2021-08-02,120.34
2021-08-03,122.16
2021-08-04,122.9
2021-08-05,122.12
2021-08-06,121.43
2021-08-09,121.72
2021-08-10,119.19
2021-08-11,118.14
2021-08-12,120.29
2021-08-13,120.56
2021-08-16,120.98
2021-08-17,120.66
2021-08-18,120.02
2021-08-19,120.9
2021-08-20,123.42
2021-08-23,125.04
2021-08-24,126.25
2021-08-25,129.15
2021-08-26,130.3
2021-08-27,129.85
2021-08-30,130.31
2021-08-31,130.44
2021-09-01,133.86
2021-09-02,139.6
2021-09-03,140.35
2021-09-07,141.11
2021-09-08,142.35
2021-09-09,141.03
2021-09-10,137.66
2021-09-13,136.63
2021-09-14,138.15
2021-09-15,138.26
2021-09-16,138.17
2021-09-17,136.15
2021-09-20,135.98
2021-09-21,136.09
2021-09-22,137.21
2021-09-23,141.02
2021-09-24,141.34
2021-09-27,136.39
2021-09-28,133.22
2021-09-29,134.24
2021-09-30,133.07
2021-10-01,131.93
2021-10-04,129.02
2021-10-05,130.19
2021-10-06,129.36
2021-10-07,131.04
2021-10-08,130.34
2021-10-11,128.53
2021-10-12,128.63
2021-10-13,128.16
2021-10-14,128.94
2021-10-15,128.77
2021-10-18,130.4
2021-10-19,133.22
2021-10-20,131.78
2021-10-21,132.31
2021-10-22,132.73
2021-10-25,130.89
2021-10-26,133.51
2021-10-27,133.02
2021-10-28,135.5
2021-10-29,137.86
2021-11-01,139.07
2021-11-02,136.35
2021-11-03,136.01
2021-11-04,129.04
2021-11-05,122.21
2021-11-08,124.0
2021-11-09,125.04
2021-11-10,123.66
2021-11-11,126.4
2021-11-12,128.05
2021-11-15,128.21
2021-11-16,131.4
2021-11-17,130.05
2021-11-18,128.03
2021-11-19,127.11
2021-11-22,128.65
2021-11-23,127.86
2021-11-24,129.59
2021-11-26,132.31
2021-11-29,133.96
2021-11-30,128.66
2021-12-01,127.31
2021-12-02,127.65
2021-12-03,122.47
2021-12-06,120.86
2021-12-07,123.49
2021-12-08,127.46
2021-12-09,123.79
2021-12-10,122.32
2021-12-13,124.88
2021-12-14,122.38
2021-12-15,127.08
2021-12-16,126.97
2021-12-17,125.37
2021-12-20,119.57
2021-12-21,124.53
2021-12-22,124.58
2021-12-23,124.96
2021-12-27,126.36
2021-12-28,125.36
2021-12-29,128.08
2021-12-30,128.51
2021-12-31,128.03
2022-01-03,124.49
2022-01-04,119.64
2022-01-05,116.06
2022-01-06,116.92
2022-01-07,115.46
2022-01-10,118.31
2022-01-11,117.83
2022-01-12,115.38
2022-01-13,109.98
2022-01-14,108.24
2022-01-18,103.93
2022-01-19,102.56
2022-01-20,102.02
2022-01-21,102.08
2022-01-24,103.74
2022-01-25,100.35
2022-01-26,98.12
2022-01-27,96.88
2022-01-28,99.88
2022-01-31,103.93
2022-02-01,106.57
2022-02-02,106.19
2022-02-03,103.05
2022-02-04,102.65
2022-02-07,103.18
2022-02-08,101.18
2022-02-09,103.66
2022-02-10,101.35
2022-02-11,99.24
2022-02-14,98.97
2022-02-15,99.68
2022-02-16,99.93
2022-02-17,97.97
2022-02-18,99.04
2022-02-22,97.86
2022-02-23,94.19
2022-02-24,99.08
2022-02-25,102.35
2022-02-28,102.04
2022-03-01,102.0
2022-03-02,102.55
2022-03-03,101.78
2022-03-04,100.36
2022-03-07,98.55
2022-03-08,94.2
2022-03-09,98.69
2022-03-10,98.33
2022-03-11,96.12
2022-03-14,95.65
2022-03-15,96.57
2022-03-16,102.82
2022-03-17,106.44
2022-03-18,109.14
2022-03-21,107.77
2022-03-22,107.89
2022-03-23,104.98
2022-03-24,107.91
2022-03-25,107.08
2022-03-28,108.0
2022-03-29,110.81
2022-03-30,110.83
2022-03-31,110.9
2022-04-01,114.05
2022-04-04,113.4
2022-04-05,112.47
2022-04-06,110.17
2022-04-07,112.75
2022-04-08,110.71
2022-04-11,107.05
2022-04-12,100.06
2022-04-13,100.88
2022-04-14,97.32
2022-04-18,94.57
2022-04-19,95.33
2022-04-20,96.15
2022-04-21,92.28
2022-04-22,90.67
2022-04-25,90.14
2022-04-26,87.2
2022-04-27,88.26
2022-04-28,89.9
2022-04-29,90.56
2022-05-02,90.12
2022-05-03,99.95
2022-05-04,104.08
2022-05-05,100.65
2022-05-06,98.83
2022-05-09,93.7
2022-05-10,94.47
2022-05-11,92.35
2022-05-12,95.0
2022-05-13,98.18
2022-05-16,97.67
2022-05-17,100.76
2022-05-18,97.82
2022-05-19,99.73
2022-05-20,100.19
2022-05-23,98.54
2022-05-24,96.76
2022-05-25,96.69
2022-05-26,100.97
2022-05-27,105.37
2022-05-31,103.06
2022-06-01,104.48
2022-06-02,110.67
2022-06-03,110.82
2022-06-06,111.23
2022-06-07,113.71
2022-06-08,110.83
2022-06-09,109.84
2022-06-10,106.67
2022-06-13,103.35
2022-06-14,104.29
2022-06-15,104.96
2022-06-16,100.8
2022-06-17,102.51
2022-06-21,103.99
2022-06-22,105.32
2022-06-23,109.61
2022-06-24,109.61
2022-06-27,110.87
2022-06-28,107.14
2022-06-29,106.15
2022-06-30,107.29
2022-07-01,107.02
2022-07-05,105.99
2022-07-06,109.2
2022-07-07,111.01
2022-07-08,111.81
2022-07-11,110.79
2022-07-12,104.61
2022-07-13,103.69
2022-07-14,100.2
2022-07-15,103.17
2022-07-18,99.93
2022-07-19,102.72
2022-07-20,104.21
2022-07-21,110.1
2022-07-22,107.61
2022-07-25,107.92
2022-07-26,107.63
2022-07-27,109.41
2022-07-28,111.88
2022-07-29,113.1
2022-08-01,111.8
2022-08-02,111.39
2022-08-03,108.75
2022-08-04,109.4
2022-08-05,110.56
2022-08-08,110.04
2022-08-09,108.13
2022-08-10,112.84
2022-08-11,109.94
2022-08-12,109.97
2022-08-15,110.85
2022-08-16,109.22
2022-08-17,108.4
2022-08-18,106.31
2022-08-19,105.24
2022-08-22,102.36
2022-08-23,102.51
2022-08-24,102.69
2022-08-25,104.2
2022-08-26,99.7
2022-08-29,92.28
2022-08-30,89.28
2022-08-31,88.0
2022-09-01,88.34
2022-09-02,87.58
2022-09-06,88.97
2022-09-07,91.85
2022-09-08,93.27
2022-09-09,95.97
2022-09-12,96.05
2022-09-13,91.87
2022-09-14,91.9
2022-09-15,89.24
2022-09-16,89.94
2022-09-19,89.28
2022-09-20,87.15
2022-09-21,83.15
2022-09-22,79.06
2022-09-23,76.07
2022-09-26,74.73
2022-09-27,72.74
2022-09-28,76.24
2022-09-29,74.28
2022-09-30,72.36
2022-10-03,76.52
2022-10-04,79.79
2022-10-05,81.0
2022-10-06,78.71
2022-10-07,77.02
2022-10-10,74.98
2022-10-11,73.18
2022-10-12,73.2
2022-10-13,74.15
2022-10-14,72.11
2022-10-17,74.36
2022-10-18,74.93
2022-10-19,71.08
2022-10-20,68.27
2022-10-21,67.63
2022-10-24,69.0
2022-10-25,71.36
2022-10-26,71.97
2022-10-27,66.27
2022-10-28,66.18
2022-10-31,65.73
2022-11-01,49.53
2022-11-02,44.9
2022-11-03,42.25
2022-11-04,42.45
2022-11-07,41.48
2022-11-08,42.83
2022-11-09,41.51
2022-11-10,44.89
2022-11-11,47.18
2022-11-14,46.76
2022-11-15,48.91
2022-11-16,44.67
2022-11-17,42.07
2022-11-18,43.04
2022-11-21,41.89
2022-11-22,41.54
2022-11-23,42.18
2022-11-25,41.39
2022-11-28,46.92
2022-11-29,47.18
2022-11-30,50.13
2022-12-01,52.23
2022-12-02,52.25
2022-12-05,50.77
2022-12-06,48.22
2022-12-07,47.22
2022-12-08,45.54
2022-12-09,44.68
2022-12-12,45.5
2022-12-13,46.78
2022-12-14,46.26
2022-12-15,45.35
2022-12-16,44.26
2022-12-19,43.88
2022-12-20,44.36
2022-12-21,43.45
2022-12-22,43.0
2022-12-23,43.35
2022-12-27,43.32
2022-12-28,42.94
2022-12-29,45.26
2022-12-30,45.01
2023-01-03,45.45
2023-01-04,46.45
2023-01-05,46.17
2023-01-06,47.66
2023-01-09,48.18
2023-01-10,48.1
2023-01-11,49.46
2023-01-12,49.35
2023-01-13,49.08
2023-01-17,47.96
2023-01-18,48.18
2023-01-19,49.29
2023-01-20,49.45
2023-01-23,52.59
2023-01-24,49.57
2023-01-25,50.16
2023-01-26,52.27
2023-01-27,53.65
2023-01-30,52.58
2023-01-31,53.55
2023-02-01,54.72
2023-02-02,56.64
2023-02-03,56.05
2023-02-06,67.0
2023-02-07,71.58
2023-02-08,71.31
2023-02-09,72.0
2023-02-10,70.46
2023-02-13,70.55
2023-02-14,70.35
2023-02-15,69.09
2023-02-16,71.89
2023-02-17,71.37
2023-02-21,68.66
2023-02-22,67.66
2023-02-23,67.65
2023-02-24,67.98
2023-02-27,67.24
2023-02-28,68.22
2023-03-01,69.01
2023-03-02,71.19
2023-03-03,74.26
2023-03-06,71.34
2023-03-07,67.81
2023-03-08,69.79
2023-03-09,69.94
2023-03-10,67.92
2023-03-13,65.67
2023-03-14,70.31
2023-03-15,69.84
2023-03-16,71.2
2023-03-17,67.11
2023-03-20,66.98
2023-03-21,66.78
2023-03-22,64.65
2023-03-23,62.64
2023-03-24,64.27
2023-03-27,67.51
2023-03-28,65.92
2023-03-29,66.91
2023-03-30,64.67
2023-03-31,65.71
2023-04-03,62.92
2023-04-04,62.25
2023-04-05,61.62
2023-04-06,64.95
2023-04-10,67.26
2023-04-11,65.44
2023-04-12,64.25
2023-04-13,63.31
2023-04-14,46.32
2023-04-17,45.43
2023-04-18,42.08
2023-04-19,43.07
2023-04-20,44.4
2023-04-21,45.03
2023-04-24,44.94
2023-04-25,42.36
2023-04-26,43.73
2023-04-27,46.95
2023-04-28,50.12
2023-05-01,50.12
2023-05-02,48.72
2023-05-03,48.84
2023-05-04,49.23
2023-05-05,47.75
2023-05-08,35.46
2023-05-09,35.04
2023-05-10,33.59
2023-05-11,34.19
2023-05-12,32.86
2023-05-15,33.19
2023-05-16,31.86
2023-05-17,32.12
2023-05-18,32.14
2023-05-19,37.17
2023-05-22,37.51
2023-05-23,38.13
2023-05-24,37.44
2023-05-25,36.88
2023-05-26,37.12
2023-05-30,36.42
2023-05-31,37.23
2023-06-01,37.0
2023-06-02,37.72
2023-06-05,37.8
2023-06-06,38.82
2023-06-07,39.96
2023-06-08,39.0
2023-06-09,38.81
2023-06-12,42.78
2023-06-13,43.85
2023-06-14,42.09
2023-06-15,43.59
2023-06-16,44.11
2023-06-20,44.26
2023-06-21,43.49
2023-06-22,44.21
2023-06-23,44.06
2023-06-26,43.82
2023-06-27,41.72
2023-06-28,40.33
2023-06-29,43.04
2023-06-30,43.36
2023-07-03,44.29
2023-07-05,44.76
2023-07-06,44.42
2023-07-07,44.68
2023-07-10,45.57
2023-07-11,45.39
2023-07-12,46.2
2023-07-13,46.25
2023-07-14,46.65
2023-07-17,46.46
2023-07-18,45.79
2023-07-19,46.32
2023-07-20,47.58
2023-07-21,47.59
2023-07-24,47.94
2023-07-25,48.2
2023-07-26,48.9
2023-07-27,47.64
2023-07-28,48.18
2023-07-31,48.52
2023-08-01,46.51
2023-08-02,46.54
2023-08-03,46.07
2023-08-04,45.74
2023-08-07,45.3
2023-08-08,47.24
2023-08-09,45.52
2023-08-10,46.33
2023-08-11,45.99
2023-08-14,45.29
2023-08-15,45.43
2023-08-16,45.09
2023-08-17,44.2
2023-08-18,44.36
2023-08-21,45.4
2023-08-22,44.41
2023-08-23,45.36
2023-08-24,44.6
2023-08-25,44.89
2023-08-28,45.64
2023-08-29,47.81
2023-08-30,48.98
2023-08-31,49.97
2023-09-01,50.2
2023-09-05,50.07
2023-09-06,49.7
2023-09-07,48.96
2023-09-08,48.48
2023-09-11,49.02
2023-09-12,48.29
2023-09-13,48.82
2023-09-14,49.67
2023-09-15,49.16
2023-09-18,47.19
2023-09-19,47.52
2023-09-20,48.25
2023-09-21,46.55
2023-09-22,45.34
2023-09-25,45.79
2023-09-26,45.63
2023-09-27,45.78
2023-09-28,45.71
2023-09-29,45.53
2023-10-02,44.58
2023-10-03,43.95
2023-10-04,43.19
2023-10-05,42.86
2023-10-06,43.87
2023-10-09,44.3
2023-10-10,44.11
2023-10-11,46.57
2023-10-12,46.32
2023-10-13,46.4
2023-10-16,46.52
2023-10-17,45.71
2023-10-18,45.01
2023-10-19,43.14
2023-10-20,42.16
2023-10-23,42.22
2023-10-24,42.48
2023-10-25,39.43
2023-10-26,39.27
2023-10-27,39.32
2023-10-30,39.92
2023-10-31,34.39
2023-11-01,32.18
2023-11-02,32.89
2023-11-03,35.27
2023-11-06,34.28
2023-11-07,34.82
2023-11-08,34.09
2023-11-09,33.67
2023-11-10,33.55
2023-11-13,33.1
2023-11-14,35.53
2023-11-15,39.56
2023-11-16,39.74
2023-11-17,39.87
2023-11-20,39.93
2023-11-21,39.84
2023-11-22,39.6
2023-11-24,39.99
2023-11-27,39.11
2023-11-28,39.46
2023-11-29,39.57
2023-11-30,38.85
2023-12-01,40.15
2023-12-04,39.97
2023-12-05,38.91
2023-12-06,37.95
2023-12-07,37.45
2023-12-08,37.18
2023-12-11,37.93
2023-12-12,37.3
2023-12-13,39.65
2023-12-14,41.36
2023-12-15,41.48
2023-12-18,41.89
2023-12-19,44.64
2023-12-20,42.87
2023-12-21,43.9
2023-12-22,44.08
2023-12-26,45.25
2023-12-27,45.5
2023-12-28,45.54
2023-12-29,44.93
2024-01-02,45.05
2024-01-03,42.56
2024-01-04,43.45
2024-01-05,45.73
2024-01-08,46.66
2024-01-09,49.41
2024-01-10,50.36
2024-01-11,50.09
2024-01-12,49.33
2024-01-16,49.42
2024-01-17,48.58
2024-01-18,48.72
2024-01-19,49.21
2024-01-22,49.82
2024-01-23,49.2
2024-01-24,49.66
2024-01-25,50.41
2024-01-26,52.23
2024-01-29,53.63
2024-01-30,53.04
2024-01-31,51.64
2024-02-01,53.09
2024-02-02,54.51
2024-02-05,59.82
2024-02-06,58.46
2024-02-07,56.5
2024-02-08,56.55
2024-02-09,56.71
2024-02-12,56.99
2024-02-13,56.24
2024-02-14,56.94
2024-02-15,57.44
2024-02-16,58.14
2024-02-20,57.98
2024-02-21,58.24
2024-02-22,58.4
2024-02-23,58.77
2024-02-26,58.29
2024-02-27,58.2
2024-02-28,57.94
2024-02-29,57.34
2024-03-01,57.19
2024-03-04,56.95
2024-03-05,56.96
2024-03-06,56.65
2024-03-07,56.36
2024-03-08,56.51
2024-03-11,56.81
2024-03-12,56.5
2024-03-13,56.6
2024-03-14,56.7
2024-03-15,56.22
2024-03-18,55.96
2024-03-19,55.95
2024-03-20,55.88
2024-03-21,55.85
2024-03-22,55.79
2024-03-25,56.4
2024-03-26,56.26
2024-03-27,56.48
2024-03-28,56.45
2024-04-01,56.39
2024-04-02,56.45
2024-04-03,56.68
2024-04-04,56.96
2024-04-05,56.75
2024-04-08,56.69
2024-04-09,57.01
2024-04-10,57.02
2024-04-11,56.92
2024-04-12,56.3
2024-04-15,56.08
2024-04-16,55.78
2024-04-17,55.96
2024-04-18,55.8
2024-04-19,55.48
2024-04-22,56.05
2024-04-23,56.03
2024-04-24,55.95
2024-04-25,55.8
2024-04-26,55.92
2024-04-29,56.3
2024-04-30,55.85
2024-05-01,56.0
2024-05-02,56.34
2024-05-03,56.5
2024-05-06,56.37
2024-05-07,56.53
2024-05-08,56.2
2024-05-09,55.98
2024-05-10,55.81
2024-05-13,55.8
2024-05-14,55.52
2024-05-15,55.61
2024-05-16,55.25
2024-05-17,55.37
2024-05-20,55.0
2024-05-21,54.96
2024-05-22,54.97
2024-05-23,54.65
2024-05-24,54.82
2024-05-28,54.0
2024-05-29,53.58
2024-05-30,53.61
2024-05-31,53.79
2024-06-03,54.28
2024-06-04,54.96
2024-06-05,55.47
2024-06-06,56.21
2024-06-07,56.39
2024-06-10,56.19
2024-06-11,55.81
2024-06-12,55.95
2024-06-13,55.97
2024-06-14,55.48
2024-06-17,55.21
2024-06-18,55.07
2024-06-20,54.82
2024-06-21,56.5
2024-06-24,56.47
2024-06-25,56.14
2024-06-26,56.16
2024-06-27,56.41
2024-06-28,56.23
