date,SYMC
2015-07-01,8.9575121348
2015-07-02,8.8880441389
2015-07-06,8.7510378137
2015-07-07,8.7954201444
2015-07-08,8.8069981437
2015-07-09,8.8726068065
2015-07-10,8.9999647989
2015-07-13,9.03855813
2015-07-14,9.0462767962
2015-07-15,8.9961054658
2015-07-16,9.0346987969
2015-07-17,9.0578547955
2015-07-20,8.9999647989
2015-07-21,8.891903472
2015-07-22,8.8610288072
2015-07-23,8.9613714679
2015-07-24,8.8957628051
2015-07-27,8.7684048127
2015-07-28,8.7877014782
2015-07-29,8.8147168099
2015-07-30,8.7954201444
2015-07-31,8.7761234789
2015-08-03,8.6757808182
2015-08-04,8.6526248195
2015-08-05,8.8378728085
2015-08-06,8.6256094878
2015-08-07,8.762615813
2015-08-10,8.8417321417
2015-08-11,8.2358168443
2015-08-12,8.3515968374
2015-08-13,8.1972235133
2015-08-14,8.336159505
2015-08-17,8.4365021657
2015-08-18,8.3554561705
2015-08-19,8.4365021657
2015-08-20,8.2396761774
2015-08-21,8.0930215194
2015-08-24,7.780415538
2015-08-25,7.7337563744
2015-08-26,8.0214878835
2015-08-27,8.134247529
2015-08-28,8.1031414199
2015-08-31,7.9670521926
2015-09-01,7.7493094289
2015-09-02,7.7531976925
2015-09-03,7.7570859562
2015-09-04,7.6404380471
2015-09-08,7.8115216471
2015-09-09,7.6365497834
2015-09-10,7.780415538
2015-09-11,7.7726390107
2015-09-14,7.7026502653
2015-09-15,7.7415329016
2015-09-16,7.7570859562
2015-09-17,7.8056892516
2015-09-18,7.8426277562
2015-09-21,7.8776221289
2015-09-22,7.7182033198
2015-09-23,7.7570859562
2015-09-24,7.7182033198
2015-09-25,7.7531976925
2015-09-28,7.7765272744
2015-09-29,7.523790138
2015-09-30,7.566561038
2015-10-01,7.5160136107
2015-10-02,7.6404380471
2015-10-05,7.9437226108
2015-10-06,8.1653536381
2015-10-07,8.1070296835
2015-10-08,8.1809066926
2015-10-09,8.1653536381
2015-10-12,8.1186944744
2015-10-13,8.0214878835
2015-10-14,8.0098230926
2015-10-15,8.0253761471
2015-10-16,8.0525939926
2015-10-19,8.0720353108
2015-10-20,8.0525939926
2015-10-21,7.9437226108
2015-10-22,8.0253761471
2015-10-23,8.0253761471
2015-10-26,7.9942700381
2015-10-27,7.9476108744
2015-10-28,8.0098230926
2015-10-29,7.9670521926
2015-10-30,8.0098230926
2015-11-02,8.048705729
2015-11-03,8.1070296835
2015-11-04,8.1264710017
2015-11-05,8.1186944744
2015-11-06,7.9981583017
2015-11-09,7.823186438
2015-11-10,7.7648624835
2015-11-11,7.7493094289
2015-11-12,7.7143150562
2015-11-13,7.6637676289
2015-11-16,7.7609742198
2015-11-17,7.7687507471
2015-11-18,7.7843038016
2015-11-19,7.8329070971
2015-11-20,7.8113612161
2015-11-23,7.7917740516
2015-11-24,7.7604345883
2015-11-25,7.7800217529
2015-11-27,7.6389941682
2015-11-30,7.6703336315
2015-12-01,7.733012558
2015-12-02,7.7016730947
2015-12-03,7.7212602593
2015-12-04,7.8505355452
2015-12-07,7.8897098743
2015-12-08,7.9132144717
2015-12-09,7.8387832465
2015-12-10,7.8113612161
2015-12-11,7.6977556618
2015-12-14,7.6546638998
2015-12-15,7.9053796059
2015-12-16,8.0189851602
2015-12-17,7.8975447401
2015-12-18,7.9171319046
2015-12-21,7.9954805627
2015-12-22,8.0405310412
2015-12-23,8.1717650435
2015-12-24,8.1717650435
2015-12-28,8.277535732
2015-12-29,8.3715541218
2015-12-30,8.3402146585
2015-12-31,8.2266091042
2016-01-04,8.1639301777
2016-01-05,8.1795999094
2016-01-06,8.1678476106
2016-01-07,8.0307374589
2016-01-08,8.026820026
2016-01-11,7.9758933982
2016-01-12,8.0894989525
2016-01-13,7.9328016362
2016-01-14,8.0229025931
2016-01-15,7.7290951251
2016-01-19,7.4548748216
2016-01-20,7.3726087306
2016-01-21,7.4352876571
2016-01-22,7.6272418695
2016-01-25,7.3726087306
2016-01-26,7.5332234797
2016-01-27,7.5273473304
2016-01-28,7.6389941682
2016-01-29,7.7721868871
2016-02-01,7.7369299909
2016-02-02,7.5488932114
2016-02-03,7.5528106443
2016-02-04,7.5136363152
2016-02-05,7.7408474238
2016-02-08,7.5371409126
2016-02-09,7.3334344015
2016-02-10,7.4019894774
2016-02-11,7.353021566
2016-02-12,7.5018840165
2016-02-16,7.6585813328
2016-02-17,7.8231135148
2016-02-18,7.8191960819
2016-02-19,7.8665612273
2016-02-22,7.9455031363
2016-02-23,7.7205186957
2016-02-24,7.6139471187
2016-02-25,7.7639367457
2016-02-26,7.6731535504
2016-02-29,7.6218413095
2016-03-01,8.004709568
2016-03-02,8.0560218088
2016-03-03,8.0994398587
2016-03-04,8.1389108132
2016-03-07,8.369072551
2016-03-08,8.3005137355
2016-03-09,8.6139254635
2016-03-10,8.6677931043
2016-03-11,9.0056901236
2016-03-14,9.0791459974
2016-03-15,9.0399695314
2016-03-16,9.0987342304
2016-03-17,9.1721901042
2016-03-18,9.1085283469
2016-03-21,9.2309548032
2016-03-22,9.2162636284
2016-03-23,9.1281165799
2016-03-24,9.1623959877
2016-03-28,9.0448665896
2016-03-29,9.0056901236
2016-03-30,9.0007930654
2016-03-31,9.0007930654
2016-04-01,9.0154842401
2016-04-04,9.1085283469
2016-04-05,8.9958960071
2016-04-06,9.0595577644
2016-04-07,8.9028519004
2016-04-08,8.8881607256
2016-04-11,8.8000136771
2016-04-12,8.8000136771
2016-04-13,8.8930577839
2016-04-14,8.7608372111
2016-04-15,8.8342930848
2016-04-18,8.8685724926
2016-04-19,8.8783666091
2016-04-20,8.8489842596
2016-04-21,8.8636754344
2016-04-22,8.8196019101
2016-04-25,8.8636754344
2016-04-26,8.8342930848
2016-04-27,8.8685724926
2016-04-28,8.2564402112
2016-04-29,8.1511534588
2016-05-02,8.2025725705
2016-05-03,8.1438078715
2016-05-04,8.1633961045
2016-05-05,8.1291166967
2016-05-06,8.1340137549
2016-05-09,8.1487049297
2016-05-10,8.2172637452
2016-05-11,8.1829843375
2016-05-12,8.2760284442
2016-05-13,8.2221608035
2016-05-16,8.2809255025
2016-05-17,8.2956166772
2016-05-18,8.3249990267
2016-05-19,8.271131386
2016-05-20,8.2858225607
2016-05-23,8.2858225607
2016-05-24,8.3592784345
2016-05-25,8.447425483
2016-05-26,8.4180431335
2016-05-27,8.3984549005
2016-05-31,8.5012931238
2016-06-01,8.4768078325
2016-06-02,8.506190182
2016-06-03,8.4523225413
2016-06-06,8.4498740121
2016-06-07,8.4941399412
2016-06-08,8.5728349262
2016-06-09,8.5531611799
2016-06-10,8.5088952509
2016-06-13,8.9564729779
2016-06-14,9.2319054254
2016-06-15,9.3401110297
2016-06-16,9.7286675181
2016-06-17,9.8221178127
2016-06-20,10.0680396408
2016-06-21,10.289369286
2016-06-22,10.2205111742
2016-06-23,10.446759256
2016-06-24,10.0483658945
2016-06-27,9.8122809396
2016-06-28,9.9008127977
2016-06-29,10.009018402
2016-06-30,10.1024686967
2016-07-01,10.0631212042
2016-07-05,10.009018402
2016-07-06,10.0237737117
2016-07-07,10.0532843311
2016-07-08,10.1811636817
2016-07-11,10.2303480473
2016-07-12,10.3385536516
2016-07-13,10.3779011441
2016-07-14,10.2992061592
2016-07-15,10.2992061592
2016-07-18,10.2303480473
2016-07-19,10.1762452451
2016-07-20,10.1811636817
2016-07-21,9.9745893461
2016-07-22,10.0778765139
2016-07-25,10.009018402
2016-07-26,10.0188552752
2016-07-27,9.9795077827
2016-07-28,10.0582027677
2016-07-29,10.0483658945
2016-08-01,10.1073871333
2016-08-02,10.1713268086
2016-08-03,10.2795324129
2016-08-04,10.3434720882
2016-08-05,10.7639984142
2016-08-08,10.7123548303
2016-08-09,10.6533335916
2016-08-10,10.6877626475
2016-08-11,10.8746632368
2016-08-12,11.0861560089
2016-08-15,11.253382852
2016-08-16,11.3025672176
2016-08-17,11.2730565983
2016-08-18,11.4033951671
2016-08-19,11.7043934818
2016-08-22,11.714262279
2016-08-23,11.7784094608
2016-08-24,11.7241310762
2016-08-25,11.7093278804
2016-08-26,11.7043934818
2016-08-29,11.9067038245
2016-08-30,11.8326878454
2016-08-31,11.9067038245
2016-09-01,11.9165726217
2016-09-02,11.9807198035
2016-09-06,12.2422429293
2016-09-07,12.2965213139
2016-09-08,12.3113245097
2016-09-09,12.0843421741
2016-09-12,12.2619805237
2016-09-13,12.1830301461
2016-09-14,12.1287517615
2016-09-15,12.2718493209
2016-09-16,12.4396188734
2016-09-19,12.2570461251
2016-09-20,12.1928989433
2016-09-21,12.3754716916
2016-09-22,12.3754716916
2016-09-23,12.3557340972
2016-09-26,12.3162589083
2016-09-27,12.4149468804
2016-09-28,12.469225265
2016-09-29,12.3409309013
2016-09-30,12.3853404888
2016-10-03,12.3902748874
2016-10-04,12.4593564678
2016-10-05,12.5284380482
2016-10-06,12.4840284608
2016-10-07,12.4396188734
2016-10-10,12.4593564678
2016-10-11,12.3656028944
2016-10-12,12.3063901111
2016-10-13,11.9807198035
2016-10-14,11.88696623
2016-10-17,11.9363102161
2016-10-18,11.9511134119
2016-10-19,11.9560478105
2016-10-20,11.9412446147
2016-10-21,11.8820318314
2016-10-24,12.2866525167
2016-10-25,12.3310621041
2016-10-26,12.3507996986
2016-10-27,12.3014557125
2016-10-28,12.2767837195
2016-10-31,12.3507996986
2016-11-01,12.444553272
2016-11-02,12.4494876706
2016-11-03,12.5580444398
2016-11-04,11.590902314
2016-11-07,12.0399325867
2016-11-08,12.1928989433
2016-11-09,12.2570461251
2016-11-10,12.3606684958
2016-11-11,12.3359965027
2016-11-14,12.1534237545
2016-11-15,11.9511134119
2016-11-16,11.7932126566
2016-11-17,11.7956798559
2016-11-18,11.7560804271
2016-11-21,12.1372249294
2016-11-22,12.4292707168
2016-11-23,12.3005725732
2016-11-25,12.2857227874
2016-11-28,12.0778257862
2016-11-29,12.0382263574
2016-11-30,12.0728758576
2016-12-01,11.7610303557
2016-12-02,11.6372821407
2016-12-05,12.0530761432
2016-12-06,11.9788272142
2016-12-07,12.0976255006
2016-12-08,12.1570246438
2016-12-09,12.2857227874
2016-12-12,12.2263236442
2016-12-13,12.3302721448
2016-12-14,12.2956226446
2016-12-15,12.2758229302
2016-12-16,11.9194280709
2016-12-19,11.9887270714
2016-12-20,11.9540775712
2016-12-21,12.0035768572
2016-12-22,11.9342778568
2016-12-23,11.9491276426
2016-12-27,12.0580260718
2016-12-28,11.9540775712
2016-12-29,11.993677
2016-12-30,11.8253794275
2017-01-03,11.8847785707
2017-01-04,11.9887270714
2017-01-05,12.2015740012
2017-01-06,12.3797714308
2017-01-09,12.3698715736
2017-01-10,12.439170574
2017-01-11,12.6074681465
2017-01-12,12.7213165043
2017-01-13,12.9391133627
2017-01-17,12.9688129343
2017-01-18,13.072761435
2017-01-19,13.147010364
2017-01-20,13.1915597214
2017-01-23,13.246008936
2017-01-24,13.5380547234
2017-01-25,13.493505366
2017-01-26,13.468755723
2017-01-27,13.5380547234
2017-01-30,13.4984552946
2017-01-31,13.6370532955
2017-02-01,13.4885554374
2017-02-02,13.7410017961
2017-02-03,14.0627471551
2017-02-06,13.9884982261
2017-02-07,14.0775969409
2017-02-08,14.1617457272
2017-02-09,14.349843014
2017-02-10,14.3646927998
2017-02-13,14.3844925142
2017-02-14,14.1963952274
2017-02-15,14.1543208343
2017-02-16,14.1295061063
2017-02-17,14.2932833109
2017-02-21,14.2982462565
2017-02-22,14.194024399
2017-02-23,14.1840985078
2017-02-24,14.3131350933
2017-02-27,14.2337279638
2017-02-28,14.1791355622
2017-03-01,14.4372087331
2017-03-02,14.4918011346
2017-03-03,14.5017270258
2017-03-06,14.4520975699
2017-03-07,14.536467645
2017-03-08,14.7052077952
2017-03-09,14.6903189584
2017-03-10,14.903725619
2017-03-13,15.2610577017
2017-03-14,15.208946773
2017-03-15,15.2461688649
2017-03-16,15.2511318105
2017-03-17,15.2362429738
2017-03-20,15.2759465385
2017-03-21,14.8888367822
2017-03-22,15.2163911914
2017-03-23,15.2362429738
2017-03-24,15.1220952251
2017-03-27,15.1220952251
2017-03-28,15.0675028236
2017-03-29,15.3007612665
2017-03-30,15.2114282458
2017-03-31,15.2263170826
2017-04-03,15.0079474764
2017-04-04,15.0774287147
2017-04-05,15.0277992588
2017-04-06,15.1667617354
2017-04-07,15.2908353753
2017-04-10,15.2163911914
2017-04-11,15.0873546059
2017-04-12,14.9136515101
2017-04-13,14.9086885645
2017-04-17,15.012910422
2017-04-18,15.0873546059
2017-04-19,15.0923175515
2017-04-20,15.1369840619
2017-04-21,15.2362429738
2017-04-24,15.3702425048
2017-04-25,15.5092049814
2017-04-26,15.5092049814
2017-04-27,15.6233527301
2017-04-28,15.697796914
2017-05-01,15.9409812481
2017-05-02,15.8367593906
2017-05-03,15.8417223362
2017-05-04,15.9906107041
2017-05-05,16.0303142688
2017-05-08,16.1047584527
2017-05-09,16.065054888
2017-05-10,16.4472016987
2017-05-11,15.6134268389
2017-05-12,15.3900942872
2017-05-15,15.881425901
2017-05-16,15.5439456006
2017-05-17,14.9483921293
2017-05-18,14.7598001967
2017-05-19,14.402468114
2017-05-22,14.6803930672
2017-05-23,14.7846149247
2017-05-24,14.8243184895
2017-05-25,14.8640220542
2017-05-26,14.695281904
2017-05-30,14.9186144557
2017-05-31,15.0426880956
2017-06-01,15.0575769324
2017-06-02,14.9285403469
2017-06-05,14.9607994933
2017-06-06,15.0603059748
2017-06-07,15.0603059748
2017-06-08,14.9807007896
2017-06-09,14.7816878266
2017-06-12,14.6921319932
2017-06-13,14.5826748636
2017-06-14,14.4732177339
2017-06-15,14.1348956968
2017-06-16,14.1547969931
2017-06-19,14.3687359284
2017-06-20,14.209525558
2017-06-21,14.4035631969
2017-06-22,14.3339086598
2017-06-23,14.1945995857
2017-06-26,14.3587852802
2017-06-27,13.9856359746
2017-06-28,14.3737112524
2017-06-29,13.9607593542
2017-06-30,14.0552905117
2017-07-03,13.6672152338
2017-07-05,13.8264256042
2017-07-06,13.7915983357
2017-07-07,14.1348956968
2017-07-10,14.4284398173
2017-07-11,14.4334151413
2017-07-12,14.8861696322
2017-07-13,15.1050838915
2017-07-14,14.9657748174
2017-07-17,15.1846890767
2017-07-18,15.209565697
2017-07-19,15.4334552804
2017-07-20,15.5080851415
2017-07-21,15.5130604656
2017-07-24,15.4633072249
2017-07-25,15.6822214842
2017-07-26,15.5578383823
2017-07-27,15.3936526878
2017-07-28,15.4384306045
2017-07-31,15.4185293082
2017-08-01,15.5180357897
2017-08-02,15.3787267156
2017-08-03,15.0603059748
2017-08-04,14.5130203265
2017-08-07,14.3637606043
2017-08-08,14.1746982894
2017-08-09,14.2294268543
2017-08-10,13.8513022246
2017-08-11,14.075191808
2017-08-14,14.214500882
2017-08-15,14.1348956968
2017-08-16,14.080167132
2017-08-17,13.9881236366
2017-08-18,14.1926575415
2017-08-21,14.0380099549
2017-08-22,14.347305128
2017-08-23,14.5717935601
2017-08-24,14.6566003012
2017-08-25,14.7014979876
2017-08-28,14.9259864197
2017-08-29,14.8112478877
2017-08-30,14.9110205242
2017-08-31,14.9559182106
2017-09-01,14.8960546287
2017-09-05,14.8711114696
2017-09-06,14.7663502013
2017-09-07,15.2652133838
2017-09-08,15.7790424617
2017-09-11,16.3377692261
2017-09-12,16.8266551449
2017-09-13,16.5023940763
2017-09-14,16.4375418626
2017-09-15,16.5822121855
2017-09-18,16.8466096722
2017-09-19,17.0411663134
2017-09-20,16.8216665131
2017-09-21,16.482439549
2017-09-22,16.4724622854
2017-09-25,16.3876555444
2017-09-26,16.3327805943
2017-09-27,16.4874281808
2017-09-28,16.4974054445
2017-09-29,16.3677010171
2017-10-02,16.3527351216
2017-10-03,16.4724622854
2017-10-04,16.5872008173
2017-10-05,16.8116892495
2017-10-06,16.9214391496
2017-10-09,16.2779056442
2017-10-10,15.7590879344
2017-10-11,15.7690651981
2017-10-12,15.913735521
2017-10-13,16.1432125849
2017-10-16,15.9935536302
2017-10-17,15.9686104711
2017-10-18,16.0384513166
2017-10-19,16.1282466895
2017-10-20,16.2928715397
2017-10-23,16.0733717394
2017-10-24,16.1432125849
2017-10-25,16.0534172121
2017-10-26,15.8937809937
2017-10-27,16.0085195257
2017-10-30,16.1681557441
2017-10-31,16.2130534305
2017-11-01,16.0434399484
2017-11-02,14.6566003012
2017-11-03,14.9035375765
2017-11-06,14.4171459736
2017-11-07,14.3073960734
2017-11-08,14.4819981873
2017-11-09,14.262498387
2017-11-10,14.147759855
2017-11-13,13.9532032139
2017-11-14,14.0180554276
2017-11-15,13.8234987864
2017-11-16,14.1078508004
2017-11-17,14.0255383753
2017-11-20,14.1005680029
2017-11-21,14.0605522015
2017-11-22,14.2206154069
2017-11-24,14.2856410841
2017-11-27,14.4256963889
2017-11-28,14.4907220661
2017-11-29,14.2906430593
2017-11-30,14.4907220661
2017-12-01,14.5607497185
2017-12-04,13.8804810954
2017-12-05,13.7254198652
2017-12-06,13.6854040638
2017-12-07,13.7854435672
2017-12-08,13.9955265243
2017-12-11,14.6157714453
2017-12-12,14.4657121902
2017-12-13,14.3206549103
2017-12-14,14.3806786124
2017-12-15,14.4957240413
2017-12-18,14.3306588607
2017-12-19,14.1605917049
2017-12-20,14.0855620774
2017-12-21,14.2456252828
2017-12-22,14.1655936801
2017-12-26,14.1205759035
2017-12-27,14.2306193573
2017-12-28,14.2456252828
2017-12-29,14.0355423257
2018-01-02,14.4607102151
2018-01-03,14.4607102151
2018-01-04,14.4907220661
2018-01-05,14.7608287252
2018-01-08,14.7908405763
2018-01-09,14.5107299668
2018-01-10,14.3356608358
2018-01-11,14.3906825627
2018-01-12,14.4156924385
2018-01-16,13.9405047974
2018-01-17,13.7654356665
2018-01-18,13.6303823369
2018-01-19,13.7354238155
2018-01-22,13.2752420999
2018-01-23,13.3102559261
2018-01-24,13.4052934543
2018-01-25,13.5803625852
2018-01-26,13.8604731947
2018-01-29,13.5403467839
2018-01-30,13.3152579013
2018-01-31,13.6203783866
2018-02-01,13.6854040638
2018-02-02,13.515336908
2018-02-05,13.4002914791
2018-02-06,13.5453487591
2018-02-07,13.2952500006
2018-02-08,12.8000544588
2018-02-09,12.9601176642
2018-02-12,13.0551551924
2018-02-13,13.2952500006
2018-02-14,13.515336908
2018-02-15,13.8554712196
2018-02-16,13.780441592
2018-02-20,13.515336908
2018-02-21,13.557853697
2018-02-22,13.5327744264
2018-02-23,13.7584878619
2018-02-26,13.6581707795
2018-02-27,13.2017280542
2018-02-28,13.1866804918
2018-03-01,13.2970292825
2018-03-02,13.4976634475
2018-03-05,13.5879488217
2018-03-06,13.5227427181
2018-03-07,13.6631866336
2018-03-08,13.8588049444
2018-03-09,13.9691537351
2018-03-12,13.924011048
2018-03-13,13.7133451748
2018-03-14,13.7283927372
2018-03-15,13.8136622573
2018-03-16,13.7283927372
2018-03-19,13.3772829485
2018-03-20,13.3020451367
2018-03-21,13.5076951557
2018-03-22,13.3421719696
2018-03-23,12.8907450985
2018-03-26,13.1465536588
2018-03-27,12.7954438701
2018-03-28,12.8606499737
2018-03-29,12.9659829104
2018-04-02,12.6399523923
2018-04-03,12.8807133902
2018-04-04,13.0913792635
2018-04-05,13.1164585341
2018-04-06,13.0412207222
2018-04-09,13.031189014
2018-04-10,13.2669341578
2018-04-11,13.4575366145
2018-04-12,13.843757382
2018-04-13,13.803630549
2018-04-16,13.9189951939
2018-04-17,14.004264714
2018-04-18,13.9992488599
2018-04-19,13.9691537351
2018-04-20,13.8989317774
2018-04-23,13.924011048
2018-04-24,13.8889000692
2018-04-25,14.2851525449
2018-04-26,14.3654062109
2018-04-27,13.9440744645
2018-04-30,13.9390586104
2018-05-01,13.8788683609
2018-05-02,14.004264714
2018-05-03,13.9089634857
2018-05-04,13.964137881
2018-05-07,14.2650891284
2018-05-08,14.3453427944
2018-05-09,14.4205806063
2018-05-10,14.6362623336
2018-05-11,9.7909472499
2018-05-14,10.7339278252
2018-05-15,11.2004022587
2018-05-16,11.210433967
2018-05-17,11.1953864046
2018-05-18,11.130180301
2018-05-21,10.8292290536
2018-05-22,10.7188802628
2018-05-23,10.6938009922
2018-05-24,10.5282778061
2018-05-25,10.563388785
2018-05-29,10.5433253685
2018-05-30,10.5583729309
2018-05-31,10.4229448695
2018-06-01,10.5433253685
2018-06-04,10.6085314721
2018-06-05,10.7038327005
2018-06-06,10.8041497829
2018-06-07,10.7213881899
2018-06-08,10.7314552211
2018-06-11,10.6710530341
2018-06-12,10.7868238925
2018-06-13,10.7113211587
2018-06-14,10.7515892834
2018-06-15,10.7012541276
2018-06-18,10.6509189717
2018-06-19,10.5653492068
2018-06-20,10.575416238
2018-06-21,10.4697124108
2018-06-22,10.4294442861
2018-06-25,10.3036063966
2018-06-26,10.238170694
2018-06-27,10.1324668668
2018-06-28,10.2130031161
2018-06-29,10.3942096771
2018-07-02,10.515014051
2018-07-03,10.4747459264
2018-07-05,10.6458854562
2018-07-06,10.7113211587
2018-07-09,10.8572931106
2018-07-10,10.7767568613
2018-07-11,10.7113211587
2018-07-12,10.8824606885
2018-07-13,10.9076282664
2018-07-16,10.8472260794
2018-07-17,10.8572931106
2018-07-18,10.852259595
2018-07-19,10.7163546743
2018-07-20,10.6710530341
2018-07-23,10.5250810822
2018-07-24,10.3438745212
2018-07-25,10.4143437394
2018-07-26,10.3690420991
2018-07-27,10.4344778017
2018-07-30,10.2230701473
2018-07-31,10.177768507
2018-08-01,10.2834723343
2018-08-02,10.5099805354
2018-08-03,9.6895174956
2018-08-06,9.8556235098
2018-08-07,9.7851542916
2018-08-08,9.7851542916
2018-08-09,9.6794504644
2018-08-10,9.6542828865
2018-08-13,9.4680428099
2018-08-14,9.3925400762
2018-08-15,9.3371714048
2018-08-16,9.7700537449
2018-08-17,9.8329726897
2018-08-20,9.7824435391
2018-08-21,9.8784489251
2018-08-22,9.9542426509
2018-08-23,9.9138193305
2018-08-24,9.9845601412
2018-08-27,10.1361475927
2018-08-28,10.2372058937
2018-08-29,10.3938462603
2018-08-30,10.2068884034
2018-08-31,10.1866767432
2018-09-04,10.1260417626
2018-09-05,10.0451951218
2018-09-06,10.0098247164
2018-09-07,10.0199305465
2018-09-10,10.0502480369
2018-09-11,10.1108830175
2018-09-12,10.1563592529
2018-09-13,10.1260417626
2018-09-14,10.1209888476
2018-09-17,10.0047718014
2018-09-18,10.4342695807
2018-09-19,10.4443754108
2018-09-20,10.459534156
2018-09-21,10.560592457
2018-09-24,10.9597727461
2018-09-25,10.7121799086
2018-09-26,10.6262803527
2018-09-27,10.7424973989
2018-09-28,10.752603229
2018-10-01,10.5050103915
2018-10-02,10.3887933453
2018-10-03,10.454481241
2018-10-04,10.3180525346
2018-10-05,10.1260417626
2018-10-08,10.2776292142
2018-10-09,10.060353867
2018-10-10,10.0553009519
2018-10-11,9.8329726897
2018-10-12,9.8986605853
2018-10-15,9.9946659713
2018-10-16,10.4393224958
2018-10-17,10.3938462603
2018-10-18,10.0906713573
2018-10-19,9.9390839057
2018-10-22,9.9441368208
2018-10-23,9.8430785198
2018-10-24,9.3883161651
2018-10-25,9.5954856822
2018-10-26,9.4236865705
2018-10-29,9.0952470922
2018-10-30,8.9335538105
2018-10-31,9.1710408179
2018-11-01,9.4641098909
2018-11-02,9.8531843499
2018-11-05,10.1159359325
2018-11-06,11.3892705254
2018-11-07,11.5256992318
2018-11-08,11.3134767997
2018-11-09,11.2427359889
2018-11-12,11.0305135568
2018-11-13,11.0406193869
2018-11-14,11.2983180545
2018-11-15,11.7833978994
2018-11-16,11.7050777161
2018-11-19,11.284323515
2018-11-20,10.9548172129
2018-11-21,10.9091932634
2018-11-23,11.0004411624
2018-11-26,11.1981449437
2018-11-27,11.0764810783
2018-11-28,11.4059873804
2018-11-29,11.4465420022
2018-11-30,11.2082835991
2018-12-03,11.3350167922
2018-12-04,11.1322436832
2018-12-06,11.3096701536
2018-12-07,11.0409957842
2018-12-10,11.1930756159
2018-12-11,11.2944621704
2018-12-12,11.5327205735
2018-12-13,11.3958487249
2018-12-14,10.934539902
2018-12-17,10.4681617513
2018-12-18,10.5036470454
2018-12-19,10.3566365414
2018-12-20,9.9156050293
2018-12-21,9.3478403242
2018-12-24,9.1045125934
2018-12-26,9.3833256183
2018-12-27,9.4340188955
2018-12-28,9.4086722569
2018-12-31,9.5784947357
2019-01-02,9.6013067104
2019-01-03,9.4188109123
2019-01-04,9.8142184748
2019-01-07,9.7990104917
2019-01-08,9.9257436848
2019-01-09,10.1031701551
2019-01-10,10.1741407433
2019-01-11,10.0778235165
2019-01-14,9.7939411639
2019-01-15,9.9916449452
2019-01-16,10.0068529284
2019-01-17,10.1437247769
2019-01-18,10.1944180542
2019-01-22,10.0372688947
2019-01-23,10.0271302393
2019-01-24,10.1538634324
2019-01-25,10.3312899028
2019-01-28,10.5695483058
2019-01-29,10.3515672137
2019-01-30,10.5543403226
2019-01-31,10.6557268771
2019-02-01,11.6138298171
2019-02-04,11.6695924221
2019-02-05,11.5580672121
2019-02-06,11.6087604894
2019-02-07,11.4364033467
2019-02-08,11.487096624
2019-02-11,11.3654327586
2019-02-12,11.8672962033
2019-02-13,11.6695924221
2019-02-14,11.689869733
2019-02-15,11.7735136404
2019-02-19,11.6921416239
2019-02-20,11.4276825702
2019-02-21,11.3615678068
2019-02-22,11.5293975908
2019-02-25,11.5141403377
2019-02-26,11.5904266032
2019-02-27,11.5192260888
2019-02-28,11.4378540723
2019-03-01,11.4581970764
2019-03-04,11.234424031
2019-03-05,11.2598527861
2019-03-06,11.1733950186
2019-03-07,11.1327090103
2019-03-08,11.1632235165
2019-03-11,11.3819108109
2019-03-12,11.4225968192
2019-03-13,11.6717986198
2019-03-14,11.6616271177
2019-03-15,11.707398877
2019-03-18,11.7328276321
2019-03-19,11.8040281466
2019-03-20,11.7684278894
2019-03-21,11.9972866858
2019-03-22,11.6260268605
2019-03-25,11.6361983625
2019-03-26,11.8141996487
2019-03-27,11.6158553584
2019-03-28,11.6667128687
2019-03-29,11.6921416239
2019-04-01,11.7938566445
2019-04-02,11.7735136404
2019-04-03,11.865057159
2019-04-04,11.717570379
2019-04-05,11.6921416239
2019-04-08,12.327860503
2019-04-09,12.1447734658
2019-04-10,12.0735729513
2019-04-11,12.1549449679
2019-04-12,12.185459474
2019-04-15,12.4143182705
2019-04-16,12.3583750092
2019-04-17,12.4448327767
2019-04-18,12.4092325195
2019-04-22,12.338032005
2019-04-23,12.3532892581
2019-04-24,12.332946254
2019-04-25,12.2719172416
2019-04-26,12.327860503
2019-04-29,12.3736322623
2019-04-30,12.3126032499
2019-05-01,12.1295162127
2019-05-02,11.8752286611
2019-05-03,11.9769436817
2019-05-06,11.7938566445
2019-05-07,11.3768250599
2019-05-08,11.3208817985
2019-05-09,11.2751100392
2019-05-10,9.8612712522
2019-05-13,9.7341274763
2019-05-14,9.9019572604
2019-05-15,9.9121287625
2019-05-16,10.0240152852
2019-05-17,10.0901300486
2019-05-20,10.1969308203
2019-05-21,10.4410468699
2019-05-22,10.3189888451
2019-05-23,10.156244812
2019-05-24,10.0952157997
2019-05-28,9.8968715094
2019-05-29,9.6680127129
2019-05-30,9.6018979495
2019-05-31,9.525611684
2019-06-03,9.1441803566
2019-06-04,9.5968121985
2019-06-05,9.7036129702
2019-06-06,9.6374982067
2019-06-07,9.7773563601
2019-06-10,9.8079903748
2019-06-11,9.6241862866
2019-06-12,9.7977790366
2019-06-13,9.9969001322
2019-06-14,9.8845754116
2019-06-17,10.0888021763
2019-06-18,10.1960212278
2019-06-19,10.2879232719
2019-06-20,10.4972557057
2019-06-21,10.640214441
2019-06-24,10.7116938086
2019-06-25,10.6197917645
2019-06-26,10.6504257792
2019-06-27,10.7678561689
2019-06-28,11.1099359998
2019-07-01,11.2631060733
2019-07-02,11.2835287498
2019-07-03,12.8152294851
2019-07-05,12.7641727939
2019-07-08,13.0756186101
2019-07-09,13.0500902645
2019-07-10,13.1726263233
2019-07-11,12.9888222351
2019-07-12,13.0551959336
2019-07-15,11.6613482645
2019-07-16,12.0340621101
2019-07-17,11.5796575586
2019-07-18,11.7430389704
2019-07-19,11.3703251248
2019-07-22,11.594974566
2019-07-23,11.6460312571
2019-07-24,11.5847632277
2019-07-25,11.4775441763
2019-07-26,11.6051859042
2019-07-29,11.2835287498
2019-07-30,11.1967323748
2019-07-31,11.0078226175
2019-08-01,10.9976112792
2019-08-02,10.7984901836
2019-08-05,10.3849309851
2019-08-06,10.4461990145
2019-08-07,10.4206706689
2019-08-08,11.7021936174
2019-08-09,11.7379333013
2019-08-12,11.0639849777
2019-08-13,11.8043069998
2019-08-14,11.768567316
2019-08-15,11.814518338
2019-08-16,12.0034280954
2019-08-19,12.1770208454
2019-08-20,12.1310698233
2019-08-21,12.1055414777
2019-08-22,12.0136394336
2019-08-23,11.8936562093
2019-08-26,11.9448778123
2019-08-27,11.8168238049
2019-08-28,11.7553578813
2019-08-29,11.8885340491
2019-08-30,11.9090226902
2019-09-03,11.7758465225
2019-09-04,11.939755652
2019-09-05,12.0217102168
2019-09-06,12.5595370479
2019-09-09,12.5031932847
2019-09-10,12.5134376053
2019-09-11,12.6671024142
2019-09-12,12.5697813685
2019-09-13,12.5288040862
2019-09-16,12.4263608802
2019-09-17,12.5134376053
2019-09-18,12.3034290331
2019-09-19,12.2829403919
2019-09-20,12.2317187889
2019-09-23,12.1702528654
2019-09-24,11.9704886138
2019-09-25,12.1907415066
2019-09-26,12.1600085448
2019-09-27,12.0370766977
2019-09-30,12.1036647815
2019-10-01,12.042198858
2019-10-02,11.9295113314
2019-10-03,12.0319545374
2019-10-04,12.0268323771
2019-10-07,12.0217102168
2019-10-08,11.8987783696
2019-10-09,12.0473210183
2019-10-10,12.0319545374
2019-10-11,12.0678096594
2019-10-14,11.9960994153
2019-10-15,12.0831761403
2019-10-16,12.0370766977
2019-10-17,12.0268323771
2019-10-18,11.7860908431
2019-10-21,11.8219459652
2019-10-22,11.8578010873
2019-10-23,11.7860908431
2019-10-24,11.7963351637
2019-10-25,11.6221817136
2019-10-28,11.7041362784
2019-10-29,11.8321902858
2019-10-30,11.7758465225
2019-10-31,11.7195027593
2019-11-01,11.990977255
2019-11-04,12.1651307051
2019-11-05,12.1651307051
2019-11-06,12.2931847125
2019-11-07,12.4673381626
2019-11-08,12.7183240171
2019-11-11,12.4724603229
2019-11-12,12.3956279184
2019-11-13,12.5851478494
2019-11-14,12.5595370479
2019-11-15,12.7183240171
2019-11-18,12.5749035288
2019-11-19,12.6517359333
2019-11-20,12.5800256891
2019-11-21,12.5851478494
2019-11-22,12.6235640517
2019-11-25,12.8243466773
2019-11-26,12.8706811293
2019-11-27,12.8294949497
2019-11-29,12.8191984048
2019-12-02,12.8655328569
2019-12-03,12.8449397671
2019-12-04,13.0663154825
2019-12-05,13.1229464795
2019-12-06,13.1075016621
2019-12-09,13.0766120274
2019-12-10,13.5296600032
2019-12-11,13.5811427277
2019-12-12,13.4781772786
2019-12-13,13.3855083745
2019-12-16,13.3700635572
2019-12-17,13.3443221949
2019-12-18,13.3752118296
2019-12-19,13.3958049194
2019-12-20,13.1332430244
2019-12-23,13.2465050183
2019-12-24,13.2207636561
2019-12-26,13.1023533897
2019-12-27,13.1795774764
2019-12-30,13.117798207
2019-12-31,13.1383912968
2020-01-02,13.3958049194
2020-01-03,13.2979877428
2020-01-06,13.5862910001
2020-01-07,13.7716288084
2020-01-08,13.6995529941
2020-01-09,13.7407391737
2020-01-10,13.6377737246
2020-01-13,13.6944047216
2020-01-14,13.7870736257
2020-01-15,14.1577492423
2020-01-16,14.3533835954
2020-01-17,14.4820904067
2020-01-21,14.4409042271
2020-01-22,14.5232765863
2020-01-23,14.6210937629
2020-01-24,14.451200772
2020-01-27,14.1217113351
2020-01-28,14.2504181464
2020-01-29,14.2504181464
2020-01-30,14.5696110384
2020-01-31,14.6313903078
2020-02-03,15.0072141968
2020-02-04,15.3397355609
2020-02-05,15.4359917453
2020-02-06,15.4097400586
2020-02-07,17.264859248
2020-02-10,17.676135672
2020-02-11,18.0349087228
2020-02-12,18.0349087228
2020-02-13,18.166167156
2020-02-14,18.0786615339
2020-02-18,17.9649042251
2020-02-19,18.1136637827
2020-02-20,18.1924188427
2020-02-21,18.0217828795
2020-02-24,17.5375630171
2020-02-25,16.8420472147
2020-02-26,16.9917151722
2020-02-27,16.6659672647
2020-02-28,16.7540072397
2020-03-02,17.5463670146
2020-03-03,16.9829111747
2020-03-04,17.3526790696
2020-03-05,17.0357351597
2020-03-06,16.4458673273
2020-03-09,15.1340717
2020-03-10,15.7943715124
2020-03-11,15.7151355349
2020-03-12,15.1956996825
2020-03-13,15.3629756349
2020-03-16,14.8259317875
2020-03-17,14.6498518376
2020-03-18,14.6234398451
2020-03-19,14.8083237925
2020-03-20,14.9315797575
2020-03-23,14.5970278526
2020-03-24,15.2749356599
2020-03-25,15.7503515249
2020-03-26,16.4898873147
2020-03-27,16.6659672647
2020-03-30,16.8156352222
2020-03-31,16.4722793197
2020-04-01,16.5162993072
2020-04-02,16.2609833798
2020-04-03,16.1025114248
2020-04-06,16.7011832547
2020-04-07,16.6747712622
2020-04-08,17.2382271021
2020-04-09,17.0533431547
2020-04-13,16.6043392822
2020-04-14,16.7892232297
2020-04-15,17.3438750721
2020-04-16,17.977762892
2020-04-17,17.713642967
2020-04-20,17.6167989946
2020-04-21,17.0621471522
2020-04-22,17.5287590196
2020-04-23,17.7928789445
2020-04-24,18.4531787569
2020-04-27,18.7349066769
2020-04-28,18.4619827544
2020-04-29,18.7349066769
2020-04-30,18.7261026794
2020-05-01,18.3651387819
2020-05-04,18.5764347219
2020-05-05,18.9550066143
2020-05-06,18.9462026168
2020-05-07,18.6468667019
2020-05-08,18.7349066769
2020-05-11,18.9285946218
2020-05-12,18.3123147969
2020-05-13,17.9865668895
2020-05-14,18.4267667644
2020-05-15,17.6256029921
2020-05-18,17.5551710121
2020-05-19,17.8104869395
2020-05-20,18.4883947469
2020-05-21,17.8104869395
2020-05-22,17.819290937
2020-05-26,17.4935430296
2020-05-27,17.4847390321
2020-05-28,18.4355707619
2020-05-29,20.0555063017
2020-06-01,19.1134785693
2020-06-02,18.5412187319
2020-06-03,18.2330788195
2020-06-04,18.5764347219
2020-06-05,18.5324147344
2020-06-08,19.3423825043
2020-06-09,18.7217006806
2020-06-10,18.9608141709
2020-06-11,17.6943982781
2020-06-12,17.5792695606
2020-06-15,17.9423678235
2020-06-16,18.0043602099
2020-06-17,17.9069436028
2020-06-18,17.7652467196
2020-06-19,18.4294508592
2020-06-22,18.3408903073
2020-06-23,18.1372010378
2020-06-24,17.4818529534
2020-06-25,17.2958757944
2020-06-26,16.9327775314
2020-06-29,17.2073152424
2020-06-30,17.5615574502
2020-07-01,17.508421119
2020-07-02,17.7209664437
2020-07-06,17.6501180021
2020-07-07,17.5349892846
2020-07-08,17.8095269956
2020-07-09,17.78295883
2020-07-10,17.9777920443
2020-07-13,17.8538072716
2020-07-14,17.8626633268
2020-07-15,17.9246557131
2020-07-16,17.8626633268
2020-07-17,17.9866480995
2020-07-20,18.0929207618
2020-07-21,17.6589740573
2020-07-22,18.3320342521
2020-07-23,18.7039885702
2020-07-24,18.0530685135
2020-07-27,18.4383069144
2020-07-28,18.2169055346
2020-07-29,18.7571249014
2020-07-30,18.7128446254
2020-07-31,18.9962383916
2020-08-03,19.4478972066
2020-08-04,19.5718819793
2020-08-05,19.3947608754
2020-08-06,19.6250183104
2020-08-07,20.6877449337
2020-08-10,20.3689269468
2020-08-11,19.8198515247
2020-08-12,19.9394082698
2020-08-13,20.3423587812
2020-08-14,20.2980785052
2020-08-17,20.1918058429
2020-08-18,20.2360861188
2020-08-19,20.0943892357
2020-08-20,20.058965015
2020-08-21,20.1165293737
2020-08-24,20.8912695488
2020-08-25,20.9179847273
2020-08-26,21.5591490101
2020-08-27,21.5235287721
2020-08-28,21.4166680583
2020-08-31,20.9446999057
2020-09-01,21.2118516902
2020-09-02,21.4656458855
2020-09-03,20.4014912772
2020-09-04,20.8289341324
2020-09-08,20.1165293737
2020-09-09,20.52616211
2020-09-10,20.0096686599
2020-09-11,18.8163906891
2020-09-14,18.9321564624
2020-09-15,18.9054412839
2020-09-16,18.7985805701
2020-09-17,18.593764202
2020-09-18,18.5848591425
2020-09-21,18.335517477
2020-09-22,18.7095299753
2020-09-23,18.1039859304
2020-09-24,18.2197517037
2020-09-25,18.611574321
2020-09-28,18.7585078025
2020-09-29,18.575954083
2020-09-30,18.5581439641
2020-10-01,18.437925661
2020-10-02,18.3088022985
2020-10-05,19.163688009
2020-10-06,18.8787261055
2020-10-07,18.6650046779
2020-10-08,18.6204793805
2020-10-09,18.6872673266
2020-10-12,18.9410615219
2020-10-13,18.9677767003
2020-10-14,19.2082133064
2020-10-15,18.7896755106
2020-10-16,18.7896755106
2020-10-19,18.4334731313
2020-10-20,18.4245680718
2020-10-21,18.5314287856
2020-10-22,18.3889478339
2020-10-23,18.5581439641
2020-10-26,18.3622326554
2020-10-27,18.5225237261
2020-10-28,18.1841314658
2020-10-29,18.3533275959
2020-10-30,18.317707358
2020-11-02,18.6471945589
2020-11-03,19.2082133064
2020-11-04,19.5733207452
2020-11-05,19.6089409831
2020-11-06,18.1574162873
2020-11-09,17.3292457553
2020-11-10,17.231290101
2020-11-11,17.8902645028
2020-11-12,17.4093912907
2020-11-13,17.6320177778
2020-11-16,17.0442838518
2020-11-17,16.8216573647
2020-11-18,16.7771320673
2020-11-19,16.6257460561
2020-11-20,16.3808569203
2020-11-23,16.3987888928
2020-11-24,16.3360269889
2020-11-25,16.2956800507
2020-11-27,16.2374011399
2020-11-30,16.3449929752
2020-12-01,16.3449929752
2020-12-02,16.667768481
2020-12-03,17.1250337809
2020-12-04,17.2774555476
2020-12-07,17.6719589436
2020-12-08,17.2953875201
2020-12-09,17.4747072456
2020-12-10,17.5016052044
2020-12-11,17.5643671083
2020-12-14,17.8154147239
2020-12-15,17.8961086004
2020-12-16,18.2726800238
2020-12-17,18.4340677768
2020-12-18,19.0437548433
2020-12-21,18.8106392002
2020-12-22,19.133414706
2020-12-23,18.7927072277
2020-12-24,18.8644351178
2020-12-28,18.8465031453
2020-12-29,18.6761494061
2020-12-30,18.6044215159
2020-12-31,18.6313194748
2021-01-04,18.6223534885
2021-01-05,18.8016732139
2021-01-06,18.7568432826
2021-01-07,18.936163008
2021-01-08,18.8644351178
2021-01-11,18.8554691316
2021-01-12,19.133414706
2021-01-13,18.7075303581
2021-01-14,18.2368160788
2021-01-15,18.3354419278
2021-01-19,18.6313194748
2021-01-20,18.7478772963
2021-01-21,18.4878636944
2021-01-22,18.5326936258
2021-01-25,18.5237276395
2021-01-26,18.7837412414
2021-01-27,18.6582174336
2021-01-28,19.0975507609
2021-01-29,18.8913330767
2021-02-01,19.2230745688
2021-02-02,19.5996459922
2021-02-03,19.3934283079
2021-02-04,19.2230745688
2021-02-05,18.8913330767
2021-02-08,18.4340677768
2021-02-09,19.756550752
2021-02-10,19.4113602805
2021-02-11,19.0841017815
2021-02-12,19.2499725276
2021-02-16,19.1782446374
2021-02-17,18.9630609668
2021-02-18,18.6851153924
2021-02-19,18.4564827424
2021-02-22,18.5015865615
2021-02-23,17.8881746228
2021-02-24,18.5376696167
2021-02-25,18.249005175
2021-02-26,17.5995101811
2021-03-01,17.7348216381
2021-03-02,17.9874030246
2021-03-03,18.0279964618
2021-03-04,18.1317352455
2021-03-05,18.2129221197
2021-03-08,18.9165416964
2021-03-09,19.4217044694
2021-03-10,18.9526247516
2021-03-11,19.30443454
2021-03-12,19.3766006504
2021-03-15,19.4577875247
2021-03-16,19.1961853743
2021-03-17,19.30443454
2021-03-18,19.1059777363
2021-03-19,19.0518531535
2021-03-22,19.2232476658
2021-03-23,19.2863930124
2021-03-24,18.9977285707
2021-03-25,18.9887078069
2021-03-26,19.4938705799
2021-03-29,19.5930989817
2021-03-30,19.0338116259
2021-03-31,19.1781438467
2021-04-01,19.3224760676
2021-04-05,19.9358880062
2021-04-06,19.8005765492
2021-04-07,19.6201612731
2021-04-08,19.9268672424
2021-04-09,19.7825350216
2021-04-12,20.0260956443
2021-04-13,19.4307252332
2021-04-14,19.0608739173
2021-04-15,19.3585591228
2021-04-16,19.5028913437
2021-04-19,19.6652650921
2021-04-20,19.6833066197
2021-04-21,19.854701132
2021-04-22,19.8456803682
2021-04-23,20.0711994633
2021-04-26,20.3959469602
2021-04-27,20.2741666489
2021-04-28,19.9719710615
2021-04-29,19.8456803682
2021-04-30,19.4938705799
2021-05-03,19.5028913437
2021-05-04,19.3585591228
2021-05-05,19.1601023191
2021-05-06,18.7812302394
2021-05-07,19.029301244
2021-05-10,19.0157700983
2021-05-11,21.0634834817
2021-05-12,22.5789718007
2021-05-13,22.8856777701
2021-05-14,23.5351727639
2021-05-17,23.5532142915
2021-05-18,23.8960033161
2021-05-19,23.7967749142
2021-05-20,24.0673978284
2021-05-21,24.1034808836
2021-05-24,24.8071004603
2021-05-25,24.5635398376
2021-05-26,24.9243703897
2021-05-27,24.9424119173
2021-05-28,24.9514326811
2021-06-01,25.1589102486
2021-06-02,25.7001560768
2021-06-03,25.3122632333
2021-06-04,25.6640730216
2021-06-07,25.646031494
2021-06-08,25.6054380569
2021-06-09,25.9135006521
2021-06-10,25.976925304
2021-06-11,25.9044399875
2021-06-14,25.7775906836
2021-06-15,25.3698607782
2021-06-16,25.1524048287
2021-06-17,24.9349488792
2021-06-18,24.3007023597
2021-06-21,24.7990389107
2021-06-22,24.5725222966
2021-06-23,24.6721896068
2021-06-24,24.7899782462
2021-06-25,24.4456729927
2021-06-28,24.5000369801
2021-06-29,24.8171602399
2021-06-30,24.6631289423
2021-07-01,24.6359469486
2021-07-02,24.6450076131
2021-07-06,25.125222835
2021-07-07,25.2248901452
2021-07-08,24.6540682777
2021-07-09,25.0617981831
2021-07-12,24.7356142588
2021-07-13,24.6450076131
2021-07-14,24.3822483408
2021-07-15,23.4308785616
2021-07-16,23.5667885301
2021-07-19,23.5939705238
2021-07-20,23.3855752388
2021-07-21,23.1862406184
2021-07-22,23.2949685932
2021-07-23,23.3583932451
2021-07-26,23.2677865995
2021-07-27,23.0865733082
2021-07-28,22.8962993524
2021-07-29,22.3073561557
2021-07-30,22.488569447
2021-08-02,22.2892348266
2021-08-03,22.198628181
2021-08-04,21.9449295732
2021-08-05,21.7365342882
2021-08-06,21.7365342882
2021-08-09,21.6459276426
2021-08-10,21.8815049212
2021-08-11,23.7842444796
2021-08-12,23.6392738466
2021-08-13,23.8204871379
2021-08-16,23.4489998907
2021-08-17,23.5214852073
2021-08-18,23.2949685932
2021-08-19,23.4036965679
2021-08-20,23.4444695585
2021-08-23,23.6447718227
2021-08-24,24.0817949445
2021-08-25,24.3094111538
2021-08-26,24.3185158022
2021-08-27,24.3822483408
2021-08-30,24.3913529892
2021-08-31,24.1819460766
2021-09-01,24.3549343957
2021-09-02,24.7191203306
2021-09-03,24.8374807594
2021-09-07,24.6918063855
2021-09-08,24.9649458366
2021-09-09,24.9285272431
2021-09-10,24.8192714627
2021-09-13,24.2274693185
2021-09-14,23.8359694385
2021-09-15,23.8997019771
2021-09-16,23.5992485808
2021-09-17,23.3898416682
2021-09-20,22.9710278431
2021-09-21,22.7434116338
2021-09-22,22.7069930403
2021-09-23,23.4444695585
2021-09-24,23.5082020971
2021-09-27,23.4990974487
2021-09-28,23.3443184264
2021-09-29,23.262376591
2021-09-30,23.0347603817
2021-10-01,23.2714812394
2021-10-04,22.798039524
2021-10-05,22.9892371399
2021-10-06,22.9892371399
2021-10-07,23.4262602617
2021-10-08,23.3716323715
2021-10-11,23.2987951845
2021-10-12,23.1075975687
2021-10-13,22.8344581175
2021-10-14,23.0256557333
2021-10-15,23.0347603817
2021-10-18,23.4171556133
2021-10-19,23.5082020971
2021-10-20,23.7904461966
2021-10-21,23.9361205706
2021-10-22,24.2820972087
2021-10-25,24.2820972087
2021-10-26,23.9907484608
2021-10-27,23.4990974487
2021-10-28,23.653876471
2021-10-29,23.1713301073
2021-11-01,23.0802836236
2021-11-02,22.9710278431
2021-11-03,23.0984929203
2021-11-04,22.7160976887
2021-11-05,22.552214018
2021-11-08,23.5628299873
2021-11-09,22.8617720626
2021-11-10,22.7434116338
2021-11-11,22.7889348757
2021-11-12,23.2441672943
2021-11-15,22.8981906561
2021-11-16,22.9619231947
2021-11-17,22.7160976887
2021-11-18,22.5613186664
2021-11-19,22.8754290352
2021-11-22,22.6375245732
2021-11-23,22.6466747448
2021-11-24,23.0584324675
2021-11-26,22.8662788636
2021-11-29,23.1590843552
2021-11-30,22.738176461
2021-12-01,21.7957087847
2021-12-02,22.0427634183
2021-12-03,22.0793641048
2021-12-06,22.2715177087
2021-12-07,22.6375245732
2021-12-08,22.33556891
2021-12-09,21.8689101577
2021-12-10,22.2532173654
2021-12-13,22.4819716558
2021-12-14,22.2074665074
2021-12-15,22.7107259461
2021-12-16,23.3512379591
2021-12-17,23.5342413914
2021-12-20,23.5891424211
2021-12-21,23.4152891604
2021-12-22,23.424439332
2021-12-23,23.6714939656
2021-12-27,23.9093984276
2021-12-28,23.9551492857
2021-12-29,24.0558011734
2021-12-30,23.9734496289
2021-12-31,23.7721458534
2022-01-03,24.0924018599
2022-01-04,24.2937056354
2022-01-05,23.9734496289
2022-01-06,24.7603643877
2022-01-07,24.3486066651
2022-01-10,24.5682107838
2022-01-11,24.6048114703
2022-01-12,24.3211561502
2022-01-13,24.3394564935
2022-01-14,24.5956612986
2022-01-18,24.4858592393
2022-01-19,24.1198523747
2022-01-20,24.0466510018
2022-01-21,23.8453472263
2022-01-24,23.9093984276
2022-01-25,23.3329376159
2022-01-26,23.1865348701
2022-01-27,23.1590843552
2022-01-28,23.4610400185
2022-01-31,23.7995963682
2022-02-01,23.7904461966
2022-02-02,23.8544973979
2022-02-03,23.2231355565
2022-02-04,25.2453234832
2022-02-07,25.8949856678
2022-02-08,27.5145660435
2022-02-09,28.1459278849
2022-02-10,27.7799210203
2022-02-11,27.3224124396
2022-02-14,26.9747059183
2022-02-15,26.672750255
2022-02-16,26.389094935
2022-02-17,25.7943337801
2022-02-18,25.7074071498
2022-02-22,24.9813130615
2022-02-23,24.3930849394
2022-02-24,25.0548415768
2022-02-25,26.1485782414
2022-02-28,26.635704655
2022-03-01,26.5254118821
2022-03-02,27.2147417127
2022-03-03,27.3526076788
2022-03-04,26.8287170076
2022-03-07,26.0566675973
2022-03-08,25.1651343497
2022-03-09,25.486821604
2022-03-10,25.6614518277
2022-03-11,25.3857198955
2022-03-14,26.7184242347
2022-03-15,27.6742949331
2022-03-16,23.9978691698
2022-03-17,23.8324300105
2022-03-18,25.2294718005
2022-03-21,24.9996951903
2022-03-22,25.1743254141
2022-03-23,25.2202807361
2022-03-24,25.7901267294
2022-03-25,26.0015212108
2022-03-28,25.9004195023
2022-03-29,24.8894024174
2022-03-30,24.9905041259
2022-03-31,24.3747028106
2022-04-01,24.7607275157
2022-04-04,24.7883007089
2022-04-05,24.8526381598
2022-04-06,24.6044794208
2022-04-07,24.9629309327
2022-04-08,24.6228615496
2022-04-11,24.4574223902
2022-04-12,24.2919832309
2022-04-13,24.6963900649
2022-04-14,24.4849955835
2022-04-18,24.4022760038
2022-04-19,24.6963900649
2022-04-20,24.7883007089
2022-04-21,24.1265440715
2022-04-22,23.4555963697
2022-04-25,23.777283624
2022-04-26,23.3912589189
2022-04-27,23.4647874342
2022-04-28,23.6577997867
2022-04-29,23.0144252782
2022-05-02,23.3361125324
2022-05-03,23.0052342137
2022-05-04,23.0144252782
2022-05-05,22.1596562882
2022-05-06,22.7019290883
2022-05-09,22.582445251
2022-05-10,22.5272988645
2022-05-11,22.380241834
2022-05-12,21.7552494542
2022-05-13,22.0125992577
2022-05-16,21.9942171288
2022-05-17,22.3159043831
2022-05-18,21.8747332915
2022-05-19,21.8379690339
2022-05-20,22.3434775764
2022-05-23,22.6559737662
2022-05-24,22.628400573
2022-05-25,22.582445251
2022-05-26,22.8857503764
2022-05-27,23.0511895358
2022-05-31,22.3710507696
2022-06-01,22.3894328984
2022-06-02,22.6651648306
2022-06-03,22.6835469595
2022-06-06,22.6559737662
2022-06-07,22.899536973
2022-06-08,22.6778391564
2022-06-09,22.4191917037
2022-06-10,21.1998537124
2022-06-13,20.5347602626
2022-06-14,20.313062446
2022-06-15,20.3222998551
2022-06-16,20.1467890836
2022-06-17,20.1652639016
2022-06-21,20.3961991273
2022-06-22,20.4608609904
2022-06-23,20.3961991273
2022-06-24,20.7472206702
2022-06-27,20.9596810778
2022-06-28,20.5717098987
2022-06-29,20.5994221258
2022-06-30,20.285350219
2022-07-01,20.5809473078
2022-07-05,20.4423861724
2022-07-06,20.8211199424
2022-07-07,21.2090911215
2022-07-08,21.3107026207
2022-07-11,21.1351918493
2022-07-12,21.3014652117
2022-07-13,21.1906163034
2022-07-14,21.5878248915
2022-07-15,21.7263860269
2022-07-18,21.9665586615
2022-07-19,22.8071628828
2022-07-20,22.8441125189
2022-07-21,23.1027599716
2022-07-22,23.4907311507
2022-07-25,22.881062155
2022-07-26,22.4469039308
2022-07-27,22.8071628828
2022-07-28,22.6963139745
2022-07-29,22.6593643384
2022-08-01,22.881062155
2022-08-02,22.890299564
2022-08-03,24.7008317329
2022-08-04,24.5715080066
2022-08-05,22.3637672496
2022-08-08,22.3268176135
2022-08-09,22.5669902481
2022-08-10,22.4838535669
2022-08-11,22.2159687052
2022-08-12,22.3452924315
2022-08-15,22.2067312962
2022-08-16,22.3637672496
2022-08-17,21.9850334796
2022-08-18,21.9573212525
2022-08-19,21.8603284577
2022-08-22,21.5817346371
2022-08-23,21.5631617157
2022-08-24,21.4702971089
2022-08-25,21.7117450867
2022-08-26,21.08026576
2022-08-29,21.1731303669
2022-08-30,21.0524063779
2022-08-31,20.9781146924
2022-09-01,20.9688282318
2022-09-02,21.2102762096
2022-09-06,20.5323645795
2022-09-07,21.228849131
2022-09-08,21.7210315474
2022-09-09,21.1081251421
2022-09-12,21.1266980634
2022-09-13,20.1701926127
2022-09-14,19.9937498596
2022-09-15,20.040182163
2022-09-16,19.743015421
2022-09-19,19.7987341852
2022-09-20,19.417989297
2022-09-21,19.6780101962
2022-09-22,19.7523018817
2022-09-23,19.1951142405
2022-09-26,19.0465308695
2022-09-27,19.0558173302
2022-09-28,19.4551351397
2022-09-29,18.9165204199
2022-09-30,18.7029318241
2022-10-03,19.0558173302
2022-10-04,19.417989297
2022-10-05,19.5758591287
2022-10-06,19.5294268252
2022-10-07,19.2044007012
2022-10-10,19.2972653081
2022-10-11,19.4272757577
2022-10-12,19.3529840722
2022-10-13,19.6965831176
2022-10-14,19.2972653081
2022-10-17,19.6872966569
2022-10-18,19.9380310955
2022-10-19,19.9751769382
2022-10-20,20.0587550844
2022-10-21,20.2444842982
2022-10-24,20.4302135119
2022-10-25,20.6623750291
2022-10-26,20.5973698043
2022-10-27,20.2723436802
2022-10-28,20.9502553104
2022-10-31,20.9223959283
2022-11-01,21.3217137379
2022-11-02,20.6716614898
2022-11-03,20.1423332306
2022-11-04,20.5787968829
2022-11-07,20.1144738485
2022-11-08,20.0773280058
2022-11-09,21.2845678951
2022-11-10,21.0152605352
2022-11-11,21.3031408165
2022-11-14,21.08026576
2022-11-15,20.6530885684
2022-11-16,20.9966876138
2022-11-17,20.8481042428
2022-11-18,21.1220548331
2022-11-21,21.5235793061
2022-11-22,21.5796059767
2022-11-23,21.5049037492
2022-11-25,21.5796059767
2022-11-28,21.5049037492
2022-11-29,21.1220548331
2022-11-30,21.4395393001
2022-12-01,22.1865615754
2022-12-02,22.2239126891
2022-12-05,22.0371571203
2022-12-06,21.5982815336
2022-12-07,21.1500681684
2022-12-08,21.2807970666
2022-12-09,21.1687437253
2022-12-12,21.5982815336
2022-12-13,21.4862281923
2022-12-14,21.4675526354
2022-12-15,20.4777481207
2022-12-16,20.1789392106
2022-12-19,20.1509258753
2022-12-20,20.0668858693
2022-12-21,20.0855614262
2022-12-22,19.8988058574
2022-12-23,19.8894680789
2022-12-27,20.0108591986
2022-12-28,19.4972813844
2022-12-29,19.8427791867
2022-12-30,20.0108591986
2023-01-03,20.188276989
2023-01-04,20.42172145
2023-01-05,19.7027125101
2023-01-06,20.0762236477
2023-01-09,20.0668858693
2023-01-10,20.1696014321
2023-01-11,20.5337747913
2023-01-12,20.505761456
2023-01-13,20.8886103721
2023-01-17,21.0940414978
2023-01-18,20.8512592583
2023-01-19,20.4870858991
2023-01-20,20.9446370427
2023-01-23,21.2994726235
2023-01-24,21.1594059469
2023-01-25,21.1033792762
2023-01-26,21.2060948391
2023-01-27,21.3274859588
2023-01-30,21.1874192822
2023-01-31,21.4862281923
2023-02-01,21.8130504377
2023-02-02,22.009143785
2023-02-03,19.8894680789
2023-02-06,19.8941369681
2023-02-07,20.3937081147
2023-02-08,20.0668858693
2023-02-09,19.8894680789
2023-02-10,19.9921836418
2023-02-13,20.0295347555
2023-02-14,19.7960902945
2023-02-15,20.1042369831
2023-02-16,20.0528792016
2023-02-17,19.7617132741
2023-02-21,19.4799397959
2023-02-22,19.3296606075
2023-02-23,19.3390530567
2023-02-24,18.9445701872
2023-02-27,18.7755061003
2023-02-28,18.3246685351
2023-03-01,18.0241101583
2023-03-02,18.1274271003
2023-03-03,18.0898573032
2023-03-06,18.0992497525
2023-03-07,17.5544876945
2023-03-08,17.2351444192
2023-03-09,16.6622050134
2023-03-10,15.6008582454
2023-03-13,15.4224017092
2023-03-14,14.9339943469
2023-03-15,14.9903490425
2023-03-16,15.1875904773
2023-03-17,15.3284772164
2023-03-20,15.6290355932
2023-03-21,16.0235184628
2023-03-22,15.4411866077
2023-03-23,15.3566545642
2023-03-24,15.4036168106
2023-03-27,15.7699223323
2023-03-28,15.6853902889
2023-03-29,15.6290355932
2023-03-30,15.7605298831
2023-03-31,16.1174429555
2023-04-03,16.1174429555
2023-04-04,16.0235184628
2023-04-05,16.1644052019
2023-04-06,16.2207598975
2023-04-10,16.2583296946
2023-04-11,16.6903823613
2023-04-12,16.5401031729
2023-04-13,16.6340276656
2023-04-14,16.5025333758
2023-04-17,16.8688388975
2023-04-18,16.784306854
2023-04-19,16.784306854
2023-04-20,16.5588880714
2023-04-21,16.57767297
2023-04-24,16.4743560279
2023-04-25,16.305291941
2023-04-26,16.1644052019
2023-04-27,16.6715974627
2023-04-28,16.5964578685
2023-05-01,16.5870654192
2023-05-02,15.9014166222
2023-05-03,15.7323525352
2023-05-04,15.450579057
2023-05-05,16.1080505062
2023-05-08,16.0141260135
2023-05-09,15.9671637671
2023-05-10,16.1925825497
2023-05-11,16.1174429555
2023-05-12,15.2345527237
2023-05-15,15.4130092599
2023-05-16,14.5207265788
2023-05-17,15.0654886367
2023-05-18,15.1406282309
2023-05-19,15.3331734411
2023-05-22,16.1471567225
2023-05-23,16.0525075037
2023-05-24,15.9389284412
2023-05-25,15.9389284412
2023-05-26,16.1944813319
2023-05-30,16.2985954725
2023-05-31,16.6014729726
2023-06-01,16.6109378945
2023-06-02,17.0273944571
2023-06-05,17.0084646133
2023-06-06,17.1599033634
2023-06-07,16.8191661758
2023-06-08,16.8286310977
2023-06-09,16.8664907852
2023-06-12,17.3302719571
2023-06-13,17.4438510197
2023-06-14,17.3681316447
2023-06-15,17.8413777385
2023-06-16,17.6331494572
2023-06-20,17.5858248478
2023-06-21,17.2545525821
2023-06-22,17.1220436758
2023-06-23,16.7623766445
2023-06-26,17.0936489102
2023-06-27,17.4722457853
2023-06-28,17.2924122696
2023-06-29,17.4438510197
2023-06-30,17.5574300822
2023-07-03,17.4627808634
2023-07-05,17.0747190665
2023-07-06,16.9611400039
2023-07-07,17.112578754
2023-07-10,17.3870614884
2023-07-11,17.7467285197
2023-07-12,17.8224478948
2023-07-13,18.1821149261
2023-07-14,17.9928164885
2023-07-17,17.8603075823
2023-07-18,18.191579848
2023-07-19,18.2862290667
2023-07-20,18.0685358636
2023-07-21,18.2294395355
2023-07-24,18.2767641449
2023-07-25,18.5512468793
2023-07-26,18.6837557856
2023-07-27,18.4565976605
2023-07-28,18.4376678168
2023-07-31,18.4092730511
2023-08-01,18.2767641449
2023-08-02,17.7467285197
2023-08-03,17.6236845353
2023-08-04,19.0244929732
2023-08-07,19.9899150046
2023-08-08,19.194861567
2023-08-09,19.734362114
2023-08-10,19.6397128952
2023-08-11,19.7438270358
2023-08-14,19.9331254734
2023-08-15,19.6775725827
2023-08-16,19.3746950826
2023-08-17,19.0812825044
2023-08-18,19.3983573873
2023-08-21,19.798323519
2023-08-22,19.5507254375
2023-08-23,19.7126164908
2023-08-24,19.1983743215
2023-08-25,19.236466334
2023-08-28,19.4364493999
2023-08-29,19.5602484406
2023-08-30,19.2936043528
2023-08-31,19.2840813497
2023-09-01,19.4935874187
2023-09-05,19.6269094626
2023-09-06,19.2745583465
2023-09-07,19.0460062713
2023-09-08,19.0364832682
2023-09-11,18.3889190549
2023-09-12,18.5603331114
2023-09-13,18.112751964
2023-09-14,18.3032120267
2023-09-15,18.1317979703
2023-09-18,18.1032289609
2023-09-19,18.0937059577
2023-09-20,18.2365510048
2023-09-21,18.0746599515
2023-09-22,17.9603839138
2023-09-25,17.8080158637
2023-09-26,17.2461586787
2023-09-27,17.0461756128
2023-09-28,16.9509455815
2023-09-29,16.8366695438
2023-10-02,16.6938244968
2023-10-03,16.5319334435
2023-10-04,16.3224273745
2023-10-05,16.1795823275
2023-10-06,16.5224104403
2023-10-09,16.4938414309
2023-10-10,16.846192547
2023-10-11,16.8842845595
2023-10-12,16.4747954247
2023-10-13,16.3033813682
2023-10-16,16.6652554874
2023-10-17,16.8557155501
2023-10-18,16.7604855187
2023-10-19,16.5605024529
2023-10-20,16.3414733808
2023-10-23,16.074829293
2023-10-24,16.2557663525
2023-10-25,15.7129551738
2023-10-26,15.865323224
2023-10-27,15.722478177
2023-10-30,15.8558002209
2023-10-31,15.865323224
2023-11-01,15.8367542146
2023-11-02,16.3509963839
2023-11-03,16.7890545281
2023-11-06,16.6176404717
2023-11-07,18.0270449358
2023-11-08,18.3984420581
2023-11-09,18.0937059577
2023-11-10,18.3603500455
2023-11-13,17.9984759264
2023-11-14,18.7031781584
2023-11-15,18.817454196
2023-11-16,19.4269263967
2023-11-17,19.7935620174
2023-11-20,19.9181100843
2023-11-21,20.1863674592
2023-11-22,20.3013349056
2023-11-24,20.3779798698
2023-11-27,20.435463593
2023-11-28,20.435463593
2023-11-29,20.8570108964
2023-11-30,21.1540101329
2023-12-01,21.4031062667
2023-12-04,21.5372349541
2023-12-05,21.3168806819
2023-12-06,21.2019132355
2023-12-07,21.336041923
2023-12-08,21.2210744766
2023-12-11,21.2881388203
2023-12-12,21.4222675077
2023-12-13,21.5755574362
2023-12-14,21.9875241191
2023-12-15,22.2078783913
2023-12-18,22.2078783913
2023-12-19,22.3132652171
2023-12-20,21.8342341906
2023-12-21,22.2078783913
2023-12-22,22.1695559092
2023-12-26,22.2462008734
2023-12-27,22.0354272217
2023-12-28,22.0162659807
2023-12-29,21.8629760522
2024-01-02,21.8342341906
2024-01-03,21.5180737131
2024-01-04,21.3935256462
2024-01-05,21.4605899899
2024-01-08,21.8342341906
2024-01-09,21.6138799184
2024-01-10,21.8629760522
2024-01-11,22.0641690833
2024-01-12,22.1216528065
2024-01-16,22.1791365297
2024-01-17,21.8629760522
2024-01-18,22.0066853601
2024-01-19,22.4952970072
2024-01-22,22.5719419715
2024-01-23,22.581522592
2024-01-24,22.5144582483
2024-01-25,22.8401993464
2024-01-26,22.7731350026
2024-01-29,23.1659404444
2024-01-30,22.9647474133
2024-01-31,22.4952970072
2024-02-01,22.9168443106
2024-02-02,20.3396573877
2024-02-05,20.20073839
2024-02-06,19.7264976737
2024-02-07,20.0330775307
2024-02-08,19.9947550486
2024-02-09,20.4546248341
2024-02-12,20.9815589633
2024-02-13,20.4642054546
2024-02-14,20.4258829725
2024-02-15,20.6127050729
2024-02-16,20.5837952481
2024-02-20,20.911439929
2024-02-21,20.7668908051
2024-02-22,20.9596229703
2024-02-23,21.3354506925
2024-02-26,20.7187077637
2024-02-27,20.6416148976
2024-02-28,20.6223416811
2024-02-29,20.7090711555
2024-03-01,21.0367158364
2024-03-04,20.911439929
2024-03-05,20.4103362994
2024-03-06,20.689797939
2024-03-07,21.094535486
2024-03-08,21.2679944347
2024-03-11,21.0848988777
2024-03-12,21.354723909
2024-03-13,21.3065408677
2024-03-14,20.7958006298
2024-03-15,20.4874291654
2024-03-18,20.4392461241
2024-03-19,20.6319782894
2024-03-20,20.8054372381
2024-03-21,21.3354506925
2024-03-22,21.2969042595
2024-03-25,20.9596229703
2024-03-26,21.1041720942
2024-03-27,21.2969042595
2024-03-28,21.5860025073
2024-04-01,21.499273033
2024-04-02,21.2583578264
2024-04-03,21.2583578264
2024-04-04,21.2294480016
2024-04-05,21.3450873008
2024-04-08,21.4607265999
2024-04-09,21.8365543222
2024-04-10,21.5281828578
2024-04-11,20.2272407424
2024-04-12,20.1694210928
2024-04-15,19.8514130201
2024-04-16,19.6972272879
2024-04-17,19.6297710301
2024-04-18,19.6394076384
2024-04-19,19.7550469375
2024-04-22,19.7454103293
2024-04-23,19.9285058862
2024-04-24,20.0730550102
2024-04-25,19.8032299788
2024-04-26,19.8803228449
2024-04-29,20.0055987523
2024-04-30,19.4081290401
2024-05-01,19.2250334831
2024-05-02,18.96484506
2024-05-03,19.3021263492
2024-05-06,18.9841182765
2024-05-07,19.2346700914
2024-05-08,19.2924897409
2024-05-09,19.6008612053
2024-05-10,22.6074829831
2024-05-13,23.1278598293
2024-05-14,23.6482366755
2024-05-15,24.1397036968
2024-05-16,24.4866215943
2024-05-17,24.2408880836
2024-05-20,23.6985430046
2024-05-21,24.2602575507
2024-05-22,24.2118338829
2024-05-23,23.8922376757
2024-05-24,24.1053018138
2024-05-28,24.0278239454
2024-05-29,23.7275972053
2024-05-30,23.8050750737
2024-05-31,24.0471934125
2024-06-03,24.0278239454
2024-06-04,24.037508679
2024-06-05,24.6573316264
2024-06-06,24.6379621593
2024-06-07,23.9406613434
2024-06-10,23.7082277382
2024-06-11,23.5920109355
2024-06-12,24.1053018138
2024-06-13,23.7179124717
2024-06-14,23.6210651362
2024-06-17,22.9431337875
2024-06-18,22.8172322513
2024-06-20,23.0109269223
2024-06-21,23.4564246658
2024-06-24,23.320838396
2024-06-25,23.408000998
2024-06-26,23.4273704651
2024-06-27,23.8438140079
2024-06-28,24.1924644158
2024-07-01,24.1053018138
2024-07-02,24.1730949487
2024-07-03,23.9019224092
2024-07-05,23.863183475
2024-07-08,23.776020873
2024-07-09,23.3692620638
2024-07-10,23.8244445408
2024-07-11,24.2118338829
2024-07-12,24.7057552941
2024-07-15,24.5604842908
2024-07-16,24.773548429
2024-07-17,24.9672431001
2024-07-18,24.773548429
2024-07-19,24.6767010935
2024-07-22,24.7251247612
2024-07-23,24.492691156
2024-07-24,24.405528554
2024-07-25,24.4152132875
2024-07-26,25.2674698402
2024-07-29,25.2384156396
2024-07-30,24.9575583665
2024-07-31,25.1706225047
2024-08-01,24.4442674882
2024-08-02,24.3667896198
2024-08-05,23.8534987415
2024-08-06,23.6501193368
2024-08-07,23.4951636
2024-08-08,23.9600308105
2024-08-09,24.1149865474
2024-08-12,23.8438140079
2024-08-13,24.0956170803
2024-08-14,24.1537254816
2024-08-15,24.0956170803
2024-08-16,24.4733216889
2024-08-19,24.7977602629
2024-08-20,24.6323120979
2024-08-21,25.0605308779
2024-08-22,24.6128476079
2024-08-23,25.0313341429
2024-08-26,25.440088433
2024-08-27,25.644465578
2024-08-28,25.517946393
2024-08-29,25.712591293
2024-08-30,25.751520273
2024-09-03,25.381694963
2024-09-04,25.449820678
2024-09-05,25.2454435329
2024-09-06,24.7004378129
2024-09-09,25.0313341429
2024-09-10,25.2065145529
2024-09-11,25.3233014929
2024-09-12,25.547143128
2024-09-13,25.780717008
2024-09-16,25.907236193
2024-09-17,25.751520273
2024-09-18,25.868307213
2024-09-19,26.150542318
2024-09-20,25.770984763
2024-09-23,26.092148848
2024-09-24,26.4717064031
2024-09-25,26.024023133
2024-09-26,26.4425096681
2024-09-27,26.7344770181
2024-09-30,26.6955480381
2024-10-01,26.4619741581
2024-10-02,26.2770615031
2024-10-03,26.2478647681
2024-10-04,26.7539415081
2024-10-07,26.5592966081
2024-10-08,26.6760835481
2024-10-09,26.8512639581
2024-10-10,26.9583186531
2024-10-11,27.0069798781
2024-10-14,27.2600182482
2024-10-15,27.3573406982
2024-10-16,27.4157341682
2024-10-17,27.3086794732
2024-10-18,26.4717064031
2024-10-21,26.082416603
2024-10-22,26.3841161981
2024-10-23,26.082416603
2024-10-24,26.2965259931
2024-10-25,26.2478647681
2024-10-28,26.3062582381
2024-10-29,26.3841161981
2024-10-30,26.189471298
2024-10-31,28.3305651983
2024-11-01,27.5130566182
2024-11-04,27.4838598832
2024-11-05,27.7660949882
2024-11-06,28.3402974433
2024-11-07,28.7587839783
2024-11-08,28.7393194883
2024-11-11,29.5568280684
2024-11-12,29.7125439885
2024-11-13,29.6930794985
2024-11-14,29.2356639834
2024-11-15,28.7879807134
2024-11-18,28.6176664258
2024-11-19,28.5785712531
2024-11-20,28.7740471167
2024-11-21,29.1356774643
2024-11-22,29.507081605
2024-11-25,29.9273547117
2024-11-26,30.2010209207
2024-11-27,30.1423781616
2024-11-29,30.1521519548
2024-12-02,30.2303423002
2024-12-03,30.1423781616
2024-12-04,30.982924375
2024-12-05,30.5431036819
2024-12-06,30.4453657502
2024-12-09,29.7905216072
2024-12-10,29.1454512575
2024-12-11,29.2431891892
2024-12-12,29.340927121
2024-12-13,29.1845464302
2024-12-16,29.0574871189
2024-12-17,28.7154043576
2024-12-18,27.1027284832
2024-12-19,26.8290622742
2024-12-20,27.200466415
2024-12-23,27.0636333105
2024-12-24,27.2200140013
2024-12-26,27.2297877945
2024-12-27,27.0245381378
2024-12-30,26.760645722
2024-12-31,26.760645722
2025-01-02,26.8583836538
2025-01-03,26.8779312401
2025-01-06,26.8095146879
2025-01-07,26.3696939948
2025-01-08,26.4967533062
2025-01-10,26.2915036494
2025-01-13,26.2426346835
2025-01-14,26.5260746857
2025-01-15,26.9463477924
2025-01-16,26.7020029629
2025-01-17,26.8974788265
2025-01-21,26.7020029629
2025-01-22,26.8583836538
2025-01-23,26.8681574469
2025-01-24,26.819288481
2025-01-27,26.8681574469
2025-01-28,27.1711450355
2025-01-29,27.0049905514
2025-01-30,27.2591091741
2025-01-31,26.3012774426
2025-02-03,26.3892415812
2025-02-04,26.4283367539
2025-02-05,26.8877050333
2025-02-06,27.09295469
2025-02-07,27.0049905514
2025-02-10,27.4839064172
2025-02-11,27.2200140013
2025-02-12,26.8095146879
2025-02-13,27.3861684854
2025-02-14,27.2151271048
2025-02-18,27.1169484355
2025-02-19,26.9991340325
2025-02-20,26.8224124279
2025-02-21,26.5573300211
2025-02-24,26.8518660287
2025-02-25,27.0482233671
2025-02-26,26.9893161656
2025-02-27,26.7831409602
2025-02-28,26.8322302948
2025-03-03,27.1365841694
2025-03-04,26.7635052264
2025-03-05,27.0482233671
2025-03-06,26.8322302948
2025-03-07,27.6962025839
2025-03-10,27.185673504
2025-03-11,26.5573300211
2025-03-12,26.2137046788
2025-03-13,25.8504436027
2025-03-14,26.5376942872
2025-03-17,27.3427593747
2025-03-18,27.2936700401
2025-03-19,27.3918487093
2025-03-20,27.058041234
2025-03-21,26.684962291
2025-03-24,27.1169484355
2025-03-25,27.1562199032
2025-03-26,27.0285876333
2025-03-27,26.8518660287
2025-03-28,25.948622272
2025-03-31,26.0566188081
2025-04-01,26.2529761465
2025-04-02,26.5180585534
2025-04-03,25.5264539944
2025-04-04,23.3468875379
2025-04-07,23.2781624695
2025-04-08,23.0719872641
2025-04-09,24.947199846
2025-04-10,23.8181451501
2025-04-11,23.9654131539
2025-04-14,24.20104196
2025-04-15,24.32867423
2025-04-16,23.8574166178
2025-04-17,24.0046846216
2025-04-21,23.1308944657
2025-04-22,23.7985094163
2025-04-23,24.1323168916
2025-04-24,24.6035745038
2025-04-25,24.7999318422
2025-04-28,25.0551963822
2025-04-29,25.202464386
2025-04-30,25.3988217244
2025-05-01,25.1337393175
2025-05-02,25.4577289259
2025-05-05,25.3006430552
2025-05-06,25.2515537206
2025-05-07,27.3329415078
2025-05-08,27.8827420554
2025-05-09,28.3834532683
2025-05-12,28.5307212722
2025-05-13,28.5699927398
2025-05-14,28.0790993938
2025-05-15,28.4423604699
2025-05-16,28.2852745991
2025-05-19,28.0938261942
2025-05-20,28.0149386513
2025-05-21,27.2162022801
2025-05-22,27.3739773658
2025-05-23,27.2063413372
2025-05-27,27.7782760228
2025-05-28,27.6698056514
2025-05-29,27.6106399943
2025-05-30,28.0839652513
2025-06-02,27.9656339371
2025-06-03,28.4389591941
2025-06-04,28.6854827655
2025-06-05,28.7249265369
2025-06-06,28.922145394
2025-06-09,28.922145394
2025-06-10,29.1193642511
2025-06-11,29.0306157654
2025-06-12,29.8490740224
2025-06-13,29.3658878225
2025-06-16,29.602550451
2025-06-17,29.3560268796
2025-06-18,28.9517282226
2025-06-20,28.6263171084
2025-06-23,28.4093763655
2025-06-24,28.9615891654
2025-06-25,28.6756218226
2025-06-26,29.0404767083
2025-06-27,28.8728406797
2025-06-30,28.991171994
2025-07-01,29.3856097082
2025-07-02,29.3954706511
2025-07-03,30.0660147652
2025-07-07,29.6814379938
2025-07-08,29.5236629082
2025-07-09,29.740603651
2025-07-10,29.2672783939
2025-07-11,28.2910450513
2025-07-14,29.3856097082
2025-07-15,29.4940800796
2025-07-16,29.602550451
2025-07-17,29.7208817653
2025-07-18,29.8490740224
2025-07-21,29.8687959081
2025-07-22,30.0955975938
2025-07-23,30.2533726794
2025-07-24,30.0955975938
2025-07-25,30.1843460795
2025-07-28,30.0955975938
2025-07-29,29.8490740224
2025-07-30,29.4250534796
2025-07-31,29.0799204797
2025-08-01,28.3896544798
2025-08-04,28.5770123941
2025-08-05,28.1825746799
2025-08-06,28.2910450513
2025-08-07,27.8768854514
2025-08-08,30.0265709938
2025-08-11,30.3421211651
2025-08-12,31.4071029935
2025-08-13,31.712792222
2025-08-14,31.0718309364
2025-08-15,31.032387165
2025-08-18,31.0570395221
2025-08-19,31.1857425868
2025-08-20,31.1263411723
2025-08-21,30.8788352788
2025-08-22,31.2649444727
2025-08-25,30.8194338643
2025-08-26,30.4630253776
2025-08-27,30.4333246704
2025-08-28,29.9086121761
2025-08-29,29.8987119403
2025-09-02,29.2056954384
2025-09-03,29.3640992103
2025-09-04,29.2353961456
2025-09-05,29.2056954384
2025-09-08,29.6116051038
2025-09-09,29.1759947312
2025-09-10,28.9581895449
2025-09-11,29.373999446
2025-09-12,28.8492869517
2025-09-15,28.4730779935
2025-09-16,28.3146742216
2025-09-17,28.3740756361
2025-09-18,28.5720803509
2025-09-19,28.7007834156
2025-09-22,28.5522798795
2025-09-23,28.6611824726
2025-09-24,28.799785773
2025-09-25,28.2107217464
2025-09-26,28.5126789365
2025-09-29,28.5027787007
2025-09-30,28.1067692711
2025-10-01,27.839462906
2025-10-02,27.7998619631
2025-10-03,27.5424558338
2025-10-06,27.4731541836
2025-10-07,27.0276435752
2025-10-08,26.9682421608
2025-10-09,26.7702374459
2025-10-10,26.2554251873
2025-10-13,26.4336294307
2025-10-14,26.5623324953
2025-10-15,26.7702374459
2025-10-16,26.2059240086
2025-10-17,26.2554251873
2025-10-20,26.4336294307
2025-10-21,27.0870449897
2025-10-22,26.9385414535
2025-10-23,26.918740982
2025-10-24,26.9484416893
2025-10-27,26.5722327311
2025-10-28,26.4435296664
2025-10-29,25.5921093926
2025-10-30,25.8297150504
2025-10-31,26.0970214155
2025-11-03,26.0178195295
2025-11-04,25.6119098641
2025-11-05,25.5822091569
2025-11-06,25.196099963
2025-11-07,25.5129075067
2025-11-10,26.0871211797
2025-11-11,26.8692398033
2025-11-12,26.730636503
2025-11-13,26.4534299022
2025-11-14,26.4336294307
2025-11-17,26.0029691759
2025-11-18,26.2019207381
2025-11-19,25.9233885511
2025-11-20,25.9233885511
2025-11-21,26.4008723003
2025-11-24,26.012916754
2025-11-25,26.5401383938
2025-11-26,26.102444957
2025-11-28,26.2317634724
2025-12-01,26.1422352694
2025-12-02,26.1123925351
2025-12-03,27.0474648773
2025-12-04,26.9181463619
2025-12-05,26.9479890962
2025-12-08,26.6992996435
2025-12-09,26.9977269868
2025-12-10,27.385682533
2025-12-11,27.6343719857
2025-12-12,27.5249486265
2025-12-15,27.3458922206
2025-12-16,27.2364688614
2025-12-17,27.748769134
2025-12-18,27.5448437828
2025-12-19,27.4652631579
2025-12-22,27.5746865171
2025-12-23,27.3061019082
2025-12-24,27.4951058922
2025-12-26,27.6244244076
2025-12-29,27.4354204236
2025-12-30,27.3160494863
2025-12-31,27.0474648773
