date,CMA
2015-01-02,30.8425738427
2015-01-05,29.7431949954
2015-01-06,28.8503661134
2015-01-07,29.1302080018
2015-01-08,29.7431949954
2015-01-09,28.4172774766
2015-01-12,28.1440984903
2015-01-13,27.8442678956
2015-01-14,27.5910776156
2015-01-15,27.2912470209
2015-01-16,27.6310550282
2015-01-20,26.9247874051
2015-01-21,27.1846405872
2015-01-22,28.4572548892
2015-01-23,27.8975711124
2015-01-26,28.3040081408
2015-01-27,28.1974017071
2015-01-28,27.4111792588
2015-01-29,28.1440984903
2015-01-30,27.6510437345
2015-02-02,28.6171645397
2015-02-03,29.270128946
2015-02-04,29.0036128618
2015-02-05,29.8031611143
2015-02-06,30.7426303111
2015-02-09,30.0830030027
2015-02-10,30.2562384575
2015-02-11,30.1496320238
2015-02-12,30.9958205911
2015-02-13,30.92919157
2015-02-17,31.0691125142
2015-02-18,30.3628448911
2015-02-19,30.2762271638
2015-02-20,30.5360803459
2015-02-23,30.416148108
2015-02-24,30.6426867795
2015-02-25,30.6959899964
2015-02-26,30.6226980732
2015-02-27,30.5027658353
2015-03-02,30.7426303111
2015-03-03,30.4494626185
2015-03-04,30.4361368143
2015-03-05,30.6360238774
2015-03-06,31.3822689132
2015-03-09,31.3023140879
2015-03-10,30.3428561848
2015-03-11,30.5360803459
2015-03-12,31.3725936142
2015-03-13,30.7769961671
2015-03-16,30.8573014409
2015-03-17,31.3391330834
2015-03-18,31.0580646253
2015-03-19,30.4825434967
2015-03-20,31.2052909605
2015-03-23,30.9777593515
2015-03-24,30.6565382565
2015-03-25,29.9873276419
2015-03-26,30.1479381894
2015-03-27,29.9337907927
2015-03-30,30.3888540106
2015-03-31,30.2014750385
2015-04-01,30.1880908263
2015-04-02,30.5360803459
2015-04-06,30.4825434967
2015-04-07,30.6498461504
2015-04-08,30.5561566643
2015-04-09,30.7970724856
2015-04-10,30.5160040274
2015-04-13,30.770304061
2015-04-14,30.449082966
2015-04-15,30.9175303962
2015-04-16,30.9175303962
2015-04-17,30.7836882733
2015-04-20,30.6030014073
2015-04-21,30.4022382229
2015-04-22,30.817148804
2015-04-23,30.8974540778
2015-04-24,30.5695408766
2015-04-27,30.4624671783
2015-04-28,31.0982172622
2015-04-29,31.7205831338
2015-04-30,31.7272752399
2015-05-01,31.6804304969
2015-05-04,32.2961042624
2015-05-05,32.0886489718
2015-05-06,32.1756463517
2015-05-07,32.0418042288
2015-05-08,32.1957226702
2015-05-11,32.4366384914
2015-05-12,32.690938525
2015-05-13,32.7980122233
2015-05-14,32.6976306311
2015-05-15,32.2291832009
2015-05-18,32.7645516926
2015-05-19,33.1861543798
2015-05-20,32.6374016758
2015-05-21,32.5704806144
2015-05-22,32.5704806144
2015-05-26,32.7310911619
2015-05-27,33.01215962
2015-05-28,33.1259254245
2015-05-29,32.7578595865
2015-06-01,32.3897937484
2015-06-02,32.9251622401
2015-06-03,33.607757067
2015-06-04,33.467222838
2015-06-05,34.0762044973
2015-06-08,34.1832781956
2015-06-09,34.4509624415
2015-06-10,34.9595625086
2015-06-11,34.8190282795
2015-06-12,35.0071666029
2015-06-15,34.9937281513
2015-06-16,35.1751472488
2015-06-17,34.758555247
2015-06-18,34.5905746011
2015-06-19,34.2478940835
2015-06-22,34.9130974412
2015-06-23,35.2960933139
2015-06-24,35.3767240239
2015-06-25,35.2154626038
2015-06-26,35.3632855722
2015-06-29,34.3889978261
2015-06-30,34.4830669878
2015-07-01,34.9265358929
2015-07-02,34.6040130528
2015-07-06,34.2949286644
2015-07-07,33.1325025948
2015-07-08,32.0708649128
2015-07-09,32.9174873681
2015-07-10,33.3139216924
2015-07-13,33.4819023383
2015-07-14,33.3609562732
2015-07-15,33.6633214358
2015-07-16,33.9119327917
2015-07-17,31.7684997502
2015-07-20,32.3329147204
2015-07-21,32.554649173
2015-07-22,33.1190641432
2015-07-23,32.6554375605
2015-07-24,32.1582148487
2015-07-27,31.3317500709
2015-07-28,31.5803614268
2015-07-29,32.0439880095
2015-07-30,32.144776397
2015-07-31,31.8692881378
2015-08-03,31.573642201
2015-08-04,31.8289727827
2015-08-05,31.9499188478
2015-08-06,31.7617805244
2015-08-07,31.7080267177
2015-08-10,32.6285606572
2015-08-11,32.0036726545
2015-08-12,31.2914347159
2015-08-13,31.5198883943
2015-08-14,31.8827265894
2015-08-17,31.7752189761
2015-08-18,31.8692881378
2015-08-19,31.4594153618
2015-08-20,30.142447098
2015-08-21,28.9867402543
2015-08-24,27.448037538
2015-08-25,27.1523916012
2015-08-26,28.469359865
2015-08-27,29.4772437403
2015-08-28,29.5444359987
2015-08-31,29.5645936762
2015-09-01,28.1737139282
2015-09-02,28.6574981884
2015-09-03,28.7582865759
2015-09-04,28.3080984449
2015-09-08,29.0740901902
2015-09-09,28.4156060583
2015-09-10,28.50967522
2015-09-11,28.3954483808
2015-09-14,28.3549316887
2015-09-15,28.8073680838
2015-09-16,29.1855238768
2015-09-17,28.1050787541
2015-09-18,27.3150032581
2015-09-21,27.8957425116
2015-09-22,27.5716089747
2015-09-23,27.5108339366
2015-09-24,27.5581034107
2015-09-25,28.1726065742
2015-09-28,27.3960366423
2015-09-29,27.4905755905
2015-09-30,27.7539340892
2015-10-01,28.1726065742
2015-10-02,28.1455954462
2015-10-05,28.5980318413
2015-10-06,28.4967401111
2015-10-07,29.0234571084
2015-10-08,29.3475906452
2015-10-09,28.9289181601
2015-10-12,28.7668513917
2015-10-13,28.469728983
2015-10-14,28.064562062
2015-10-15,28.8478847759
2015-10-16,28.5372568032
2015-10-19,28.3414261247
2015-10-20,28.8546375579
2015-10-21,28.0375509339
2015-10-22,28.2806510865
2015-10-23,28.9626820702
2015-10-26,28.7330874816
2015-10-27,28.5102456751
2015-10-28,29.9755993727
2015-10-29,29.8472965144
2015-10-30,29.3070739531
2015-11-02,30.2997329096
2015-11-03,30.1174077951
2015-11-04,30.1849356153
2015-11-05,30.6778887025
2015-11-06,31.6030198388
2015-11-09,31.292391866
2015-11-10,31.278886302
2015-11-11,31.27213352
2015-11-12,30.5360802801
2015-11-13,30.2457106534
2015-11-16,30.7454165227
2015-11-17,30.7454165227
2015-11-18,31.5557503647
2015-11-19,31.292391866
2015-11-20,31.3396613401
2015-11-23,31.1978529178
2015-11-24,31.2383696099
2015-11-25,31.3126502121
2015-11-27,31.3261557761
2015-11-30,31.299144648
2015-12-01,31.5625031467
2015-12-02,30.9615055472
2015-12-03,30.5563386262
2015-12-04,31.3126502121
2015-12-07,29.9283298986
2015-12-08,29.0437154544
2015-12-09,28.6925707895
2015-12-10,28.7871097378
2015-12-11,28.3414261247
2015-12-14,27.9681554262
2015-12-15,29.1558349214
2015-12-16,29.3594371205
2015-12-17,28.7146968231
2015-12-18,27.513443848
2015-12-21,27.9206482464
2015-12-22,28.008875866
2015-12-23,28.7214835631
2015-12-24,28.7146968231
2015-12-28,28.5246681039
2015-12-29,28.6943366032
2015-12-30,28.4907344041
2015-12-31,28.3889333045
