Date,NWSA
2015-01-02,13.633955001831055
2015-01-05,13.22292709350586
2015-01-06,13.03927230834961
2015-01-07,13.004292488098145
2015-01-08,13.415325164794922
2015-01-09,13.47653865814209
2015-01-12,13.3628511428833
2015-01-13,13.319123268127441
2015-01-14,13.205435752868652
2015-01-15,13.126726150512695
2015-01-16,13.170453071594238
2015-01-20,13.056764602661133
2015-01-21,13.07425594329834
2015-01-22,13.292886734008789
2015-01-23,13.275396347045898
2015-01-26,13.590228080749512
2015-01-27,13.511520385742188
2015-01-28,13.240418434143066
2015-01-29,13.056764602661133
2015-01-30,13.021781921386719
2015-02-02,13.065508842468262
2015-02-03,13.651445388793945
2015-02-04,13.633955001831055
2015-02-05,13.756390571594238
2015-02-06,14.219893455505371
2015-02-09,14.622177124023438
2015-02-10,14.66590404510498
2015-02-11,14.657156944274902
2015-02-12,14.72712230682373
2015-02-13,14.770846366882324
2015-02-17,14.963245391845703
2015-02-18,14.832064628601074
2015-02-19,14.902029991149902
2015-02-20,14.989480018615723
2015-02-23,15.146890640258789
2015-02-24,15.120662689208984
2015-02-25,15.251837730407715
2015-02-26,15.155640602111816
2015-02-27,15.103171348571777
2015-03-02,15.251837730407715
2015-03-03,15.05069637298584
2015-03-04,14.945754051208496
2015-03-05,14.954498291015625
2015-03-06,14.718375205993652
2015-03-09,14.587197303771973
2015-03-10,14.193655014038086
2015-03-11,14.342325210571289
2015-03-12,14.64841365814209
2015-03-13,14.60468864440918
2015-03-16,14.79708194732666
2015-03-17,14.64841365814209
2015-03-18,14.770846366882324
2015-03-19,14.595941543579102
2015-03-20,14.72712230682373
2015-03-23,14.762101173400879
2015-03-24,14.66590404510498
2015-03-25,14.35981559753418
2015-03-26,14.149928092956543
2015-03-27,14.12369155883789
2015-03-30,14.184910774230957
2015-03-31,14.001256942749023
2015-04-01,14.088711738586426
2015-04-02,14.149928092956543
2015-04-06,14.21114730834961
2015-04-07,14.097455978393555
2015-04-08,14.044986724853516
2015-04-09,13.940041542053223
2015-04-10,13.9225492477417
2015-04-13,14.053730964660645
2015-04-14,13.975022315979004
2015-04-15,13.948785781860352
2015-04-16,13.896315574645996
2015-04-17,13.633955001831055
2015-04-20,13.686426162719727
2015-04-21,13.572737693786621
2015-04-22,13.607718467712402
2015-04-23,13.607718467712402
2015-04-24,13.581482887268066
2015-04-27,13.616461753845215
2015-04-28,13.966279029846191
2015-04-29,13.808862686157227
2015-04-30,13.800119400024414
2015-05-01,14.036240577697754
2015-05-04,14.141183853149414
2015-05-05,14.010004997253418
2015-05-06,13.109235763549805
2015-05-07,13.091745376586914
2015-05-08,13.240418434143066
2015-05-11,13.738898277282715
2015-05-12,13.424068450927734
2015-05-13,13.345359802246094
2015-05-14,13.459049224853516
2015-05-15,13.59897518157959
2015-05-18,13.712661743164062
2015-05-19,13.712661743164062
2015-05-20,13.668937683105469
2015-05-21,13.668937683105469
2015-05-22,13.590228080749512
2015-05-26,13.415325164794922
2015-05-27,13.502775192260742
2015-05-28,13.424068450927734
2015-05-29,13.249161720275879
2015-06-01,13.319123268127441
2015-06-02,13.257906913757324
2015-06-03,13.310378074645996
2015-06-04,13.117982864379883
2015-06-05,13.117982864379883
2015-06-08,12.978058815002441
2015-06-09,12.733186721801758
2015-06-10,12.811897277832031
2015-06-11,12.750678062438965
2015-06-12,12.602008819580078
2015-06-15,12.418354988098145
2015-06-16,12.418354988098145
2015-06-17,12.435846328735352
2015-06-18,12.715696334838867
2015-06-19,13.091745376586914
2015-06-22,13.161709785461426
2015-06-23,13.109235763549805
2015-06-24,12.969310760498047
2015-06-25,12.899349212646484
2015-06-26,13.292886734008789
2015-06-29,12.636987686157227
2015-06-30,12.759422302246094
2015-07-01,12.803150177001953
2015-07-02,12.768170356750488
2015-07-06,12.505806922912598
2015-07-07,12.549535751342773
2015-07-08,12.383374214172363
2015-07-09,12.40086555480957
2015-07-10,12.462080955505371
2015-07-13,12.619499206542969
2015-07-14,12.619499206542969
2015-07-15,12.619499206542969
2015-07-16,12.82064151763916
2015-07-17,12.951820373535156
2015-07-20,13.030529022216797
2015-07-21,12.750678062438965
2015-07-22,12.776915550231934
2015-07-23,12.873111724853516
2015-07-24,12.9955472946167
2015-07-27,12.969310760498047
2015-07-28,12.934330940246582
2015-07-29,12.969310760498047
2015-07-30,12.943076133728027
2015-07-31,12.881857872009277
2015-08-03,12.715696334838867
2015-08-04,12.733186721801758
2015-08-05,12.768170356750488
2015-08-06,12.260939598083496
2015-08-07,12.33964729309082
2015-08-10,12.549535751342773
2015-08-11,12.208468437194824
2015-08-12,12.348393440246582
2015-08-13,13.28414249420166
2015-08-14,13.275396347045898
2015-08-17,13.336614608764648
2015-08-18,13.231673240661621
2015-08-19,13.144217491149902
2015-08-20,12.4708251953125
2015-08-21,12.164740562438965
2015-08-24,11.403899192810059
2015-08-25,11.316445350646973
2015-08-26,11.561315536499023
2015-08-27,11.911126136779785
2015-08-28,12.06854248046875
2015-08-31,11.919875144958496
2015-09-01,11.430134773254395
2015-09-02,11.4826078414917
2015-09-03,11.648767471313477
2015-09-04,11.211498260498047
2015-09-08,11.675004005432129
2015-09-09,11.561315536499023
2015-09-10,11.377664566040039
2015-09-11,11.412644386291504
2015-09-14,11.289262771606445
2015-09-15,11.403829574584961
2015-09-16,11.491959571838379
2015-09-17,11.641776084899902
2015-09-18,11.38620662689209
2015-09-21,11.395018577575684
2015-09-22,11.271637916564941
2015-09-23,11.236384391784668
2015-09-24,11.306890487670898
2015-09-25,11.236384391784668
2015-09-28,10.830995559692383
2015-09-29,10.804556846618652
2015-09-30,11.121819496154785
2015-10-01,11.218758583068848
2015-10-02,11.491959571838379
2015-10-05,11.818035125732422
2015-10-06,11.897351264953613
2015-10-07,12.011918067932129
2015-10-08,12.382057189941406
2015-10-09,12.302742958068848
2015-10-12,12.258679389953613
2015-10-13,12.258679389953613
2015-10-14,12.320365905761719
2015-10-15,12.593565940856934
2015-10-16,12.857951164245605
2015-10-19,12.849139213562012
2015-10-20,12.840325355529785
2015-10-21,12.549500465393066
2015-10-22,12.946078300476074
2015-10-23,13.219280242919922
2015-10-26,12.963705062866211
2015-10-27,12.946078300476074
2015-10-28,13.219280242919922
2015-10-29,13.325031280517578
2015-10-30,13.571791648864746
2015-11-02,13.774489402770996
2015-11-03,13.580606460571289
2015-11-04,13.607043266296387
2015-11-05,13.527729988098145
2015-11-06,13.113525390625
2015-11-09,12.708133697509766
2015-11-10,12.725759506225586
2015-11-11,12.672881126403809
2015-11-12,12.434932708740234
2015-11-13,12.144112586975098
2015-11-16,12.461374282836914
2015-11-17,12.461374282836914
2015-11-18,12.575942039489746
2015-11-19,12.505436897277832
2015-11-20,12.567127227783203
2015-11-23,12.620003700256348
2015-11-24,12.71694564819336
2015-11-25,12.71694564819336
2015-11-27,12.558314323425293
2015-11-30,12.646443367004395
2015-12-01,12.893200874328613
2015-12-02,12.699319839477539
2015-12-03,12.144112586975098
2015-12-04,12.39087200164795
2015-12-07,12.22342586517334
2015-12-08,11.897351264953613
2015-12-09,11.897351264953613
2015-12-10,12.11767292022705
2015-12-11,11.73872184753418
2015-12-14,11.68584156036377
2015-12-15,11.862096786499023
2015-12-16,12.047168731689453
2015-12-17,11.773969650268555
2015-12-18,11.615339279174805
2015-12-21,11.773969650268555
2015-12-22,11.729907989501953
2015-12-23,12.073606491088867
2015-12-24,12.003104209899902
2015-12-28,11.914977073669434
2015-12-29,12.091232299804688
2015-12-30,11.914977073669434
2015-12-31,11.773969650268555
