Date,URI
2015-01-02,100.1017837524414
2015-01-05,89.14363861083984
2015-01-06,86.37994384765625
2015-01-07,85.59722900390625
2015-01-08,87.423583984375
2015-01-09,86.28331756591797
2015-01-12,82.8915023803711
2015-01-13,82.92050170898438
2015-01-14,81.17144775390625
2015-01-15,80.3114013671875
2015-01-16,79.53834533691406
2015-01-20,81.62561798095703
2015-01-21,84.611572265625
2015-01-22,83.13310241699219
2015-01-23,85.45227813720703
2015-01-26,87.4139175415039
2015-01-27,85.73249816894531
2015-01-28,83.35533905029297
2015-01-29,83.413330078125
2015-01-30,80.06016540527344
2015-02-02,82.28272247314453
2015-02-03,87.05638122558594
2015-02-04,86.00306701660156
2015-02-05,86.00306701660156
2015-02-06,86.69884490966797
2015-02-09,87.90674591064453
2015-02-10,88.00337219238281
2015-02-11,87.02738952636719
2015-02-12,88.4865493774414
2015-02-13,89.84906768798828
2015-02-17,91.11495208740234
2015-02-18,92.17790985107422
2015-02-19,91.61743927001953
2015-02-20,92.74803161621094
2015-02-23,91.35652160644531
2015-02-24,90.69943237304688
2015-02-25,90.8927001953125
2015-02-26,91.08596801757812
2015-02-27,89.9263687133789
2015-03-02,91.47250366210938
2015-03-03,91.13427734375
2015-03-04,89.23059844970703
2015-03-05,88.96003723144531
2015-03-06,87.45257568359375
2015-03-09,87.76179504394531
2015-03-10,84.11875915527344
2015-03-11,84.65987396240234
2015-03-12,85.23001861572266
2015-03-13,84.84349822998047
2015-03-16,84.83383178710938
2015-03-17,84.38931274414062
2015-03-18,85.92578125
2015-03-19,85.5006103515625
2015-03-20,85.85813903808594
2015-03-23,85.7035140991211
2015-03-24,85.91612243652344
2015-03-25,86.1673583984375
2015-03-26,88.02269744873047
2015-03-27,87.01773071289062
2015-03-30,88.76677703857422
2015-03-31,88.0903549194336
2015-04-01,88.39958190917969
2015-04-02,87.59751892089844
2015-04-06,90.47716522216797
2015-04-07,89.81040954589844
2015-04-08,90.03266143798828
2015-04-09,91.47250366210938
2015-04-10,92.72870635986328
2015-04-13,92.60309600830078
2015-04-14,94.28449249267578
2015-04-15,95.95623016357422
2015-04-16,94.20719909667969
2015-04-17,93.21187591552734
2015-04-20,95.53105926513672
2015-04-21,94.6033706665039
2015-04-22,92.56443786621094
2015-04-23,95.2121810913086
2015-04-24,93.38583374023438
2015-04-27,93.26984405517578
2015-04-28,92.9992904663086
2015-04-29,94.46809387207031
2015-04-30,93.32783508300781
2015-05-01,95.92726135253906
2015-05-04,95.68568420410156
2015-05-05,97.14482116699219
2015-05-06,96.48773193359375
2015-05-07,95.95623016357422
2015-05-08,97.99519348144531
2015-05-11,98.22711181640625
2015-05-12,99.51233673095703
2015-05-13,99.99549865722656
2015-05-14,99.5799789428711
2015-05-15,99.69593811035156
2015-05-18,100.12110137939453
2015-05-19,98.57498931884766
2015-05-20,99.77323913574219
2015-05-21,101.58993530273438
2015-05-22,101.35800170898438
2015-05-26,100.84586334228516
2015-05-27,100.98115539550781
2015-05-28,91.75273132324219
2015-05-29,85.91612243652344
2015-06-01,87.33660888671875
2015-06-02,88.96003723144531
2015-06-03,88.54452514648438
2015-06-04,88.11933135986328
2015-06-05,88.76677703857422
2015-06-08,87.29795837402344
2015-06-09,85.88712310791016
2015-06-10,86.66019439697266
2015-06-11,86.69884490966797
2015-06-12,88.36091613769531
2015-06-15,88.0710220336914
2015-06-16,85.77117156982422
2015-06-17,87.4815673828125
2015-06-18,89.46253204345703
2015-06-19,88.82476043701172
2015-06-22,89.02767944335938
2015-06-23,89.45286560058594
2015-06-24,89.2112808227539
2015-06-25,86.56355285644531
2015-06-26,86.94042205810547
2015-06-29,84.30236053466797
2015-06-30,84.66954040527344
2015-07-01,80.784912109375
2015-07-02,81.44200897216797
2015-07-06,80.44670867919922
2015-07-07,80.50467681884766
2015-07-08,77.35445404052734
2015-07-09,78.63001251220703
2015-07-10,78.64932250976562
2015-07-13,79.2484359741211
2015-07-14,79.54801177978516
2015-07-15,77.43177032470703
2015-07-16,79.02618408203125
2015-07-17,78.52371215820312
2015-07-20,76.53307342529297
2015-07-21,76.11756134033203
2015-07-22,75.01593780517578
2015-07-23,64.72455596923828
2015-07-24,62.54067611694336
2015-07-27,62.96585464477539
2015-07-28,64.6762466430664
2015-07-29,64.62793731689453
2015-07-30,64.29937744140625
2015-07-31,64.73422241210938
2015-08-03,63.081809997558594
2015-08-04,63.294403076171875
2015-08-05,63.26541519165039
2015-08-06,63.44901657104492
2015-08-07,61.661312103271484
2015-08-10,64.46363830566406
2015-08-11,63.62295150756836
2015-08-12,64.03846740722656
2015-08-13,62.14447021484375
2015-08-14,63.13011932373047
2015-08-17,63.371707916259766
2015-08-18,63.30406951904297
2015-08-19,63.35238265991211
2015-08-20,62.37639617919922
2015-08-21,59.58370590209961
2015-08-24,58.868621826171875
2015-08-25,58.78165817260742
2015-08-26,61.37141418457031
2015-08-27,66.0001220703125
2015-08-28,64.8018798828125
2015-08-31,66.99542999267578
2015-09-01,63.1397819519043
2015-09-02,65.0917739868164
2015-09-03,65.54595184326172
2015-09-04,63.85487747192383
2015-09-08,65.7005615234375
2015-09-09,66.88914489746094
2015-09-10,66.6572265625
2015-09-11,67.11138153076172
2015-09-14,65.3526611328125
2015-09-15,67.47859954833984
2015-09-16,69.8460922241211
2015-09-17,67.25634765625
2015-09-18,64.8695068359375
2015-09-21,65.33336639404297
2015-09-22,64.45399475097656
2015-09-23,61.168487548828125
2015-09-24,59.72866439819336
2015-09-25,60.685325622558594
2015-09-28,57.47711944580078
2015-09-29,57.92162322998047
2015-09-30,58.02792739868164
2015-10-01,57.82499313354492
2015-10-02,57.64139938354492
2015-10-05,62.24110794067383
2015-10-06,63.51665496826172
2015-10-07,65.61359405517578
2015-10-08,68.15501403808594
2015-10-09,68.37728881835938
2015-10-12,67.17903900146484
2015-10-13,67.65253448486328
2015-10-14,67.83612823486328
2015-10-15,66.93745422363281
2015-10-16,64.6375961303711
2015-10-19,63.18810272216797
2015-10-20,63.980491638183594
2015-10-21,64.93714904785156
2015-10-22,71.41154479980469
2015-10-23,71.46952819824219
2015-10-26,71.36322784423828
2015-10-27,69.55620574951172
2015-10-28,72.1749496459961
2015-10-29,71.7594223022461
2015-10-30,72.33921813964844
2015-11-02,73.47948455810547
2015-11-03,74.37816619873047
2015-11-04,73.98197174072266
2015-11-05,75.70203399658203
2015-11-06,77.15152740478516
2015-11-09,74.89033508300781
2015-11-10,75.1029052734375
2015-11-11,74.3974838256836
2015-11-12,71.0153579711914
2015-11-13,71.64346313476562
2015-11-16,72.23291778564453
2015-11-17,73.11229705810547
2015-11-18,74.3974838256836
2015-11-19,73.0156478881836
2015-11-20,73.03497314453125
2015-11-23,73.57611846923828
2015-11-24,74.80335998535156
2015-11-25,75.25752258300781
2015-11-27,74.56178283691406
2015-11-30,76.02091979980469
2015-12-01,75.76968383789062
2015-12-02,73.64376068115234
2015-12-03,72.66778564453125
2015-12-04,71.64346313476562
2015-12-07,68.08737182617188
2015-12-08,65.64257049560547
2015-12-09,68.67682647705078
2015-12-10,68.64783477783203
2015-12-11,65.28502655029297
2015-12-14,63.903175354003906
2015-12-15,65.30437469482422
2015-12-16,66.89881134033203
2015-12-17,64.64725494384766
2015-12-18,64.91783905029297
2015-12-21,66.72488403320312
2015-12-22,69.62384796142578
2015-12-23,72.3005599975586
2015-12-24,72.08797454833984
2015-12-28,70.02970123291016
2015-12-29,70.85106658935547
2015-12-30,70.23262023925781
2015-12-31,70.09732818603516
